[{"userProfilePK":87578117,"calendarDate":"2021-11-16","deviceId":3825981698,"timestampGmt":"2021-11-16T20:31:57.0","sport":"CYCLING","subSport":"VIRTUAL_ACTIVITY","activityId":7829549831,"activityUuid":{"uuid":"079102a5-7241-4cf1-9b51-6596c301ff72"},"vo2MaxValue":51.0},{"userProfilePK":87578117,"calendarDate":"2021-11-17","deviceId":3825981698,"timestampGmt":"2021-11-17T19:11:23.0","sport":"CYCLING","subSport":"VIRTUAL_ACTIVITY","activityId":7834274248,"activityUuid":{"uuid":"4ade55e1-a69f-41e8-b7ab-86d5c759f08d"},"vo2MaxValue":52.0},{"userProfilePK":87578117,"calendarDate":"2021-11-21","deviceId":3825981698,"timestampGmt":"2021-11-21T18:05:58.0","sport":"CYCLING","subSport":"VIRTUAL_ACTIVITY","activityId":7854131845,"activityUuid":{"uuid":"abb39850-7696-482b-bed8-734b0161b768"},"vo2MaxValue":54.0},{"userProfilePK":87578117,"calendarDate":"2021-11-24","deviceId":3825981698,"timestampGmt":"2021-11-24T20:02:30.0","sport":"CYCLING","subSport":"VIRTUAL_ACTIVITY","activityId":7868897995,"activityUuid":{"uuid":"13edbf91-6683-4c0c-8b49-7a8cd2d860f7"},"vo2MaxValue":55.0}]