[{"userProfilePK":87578117,"calendarDate":"2020-07-21","deviceId":3324959462,"updateTimestamp":"2020-07-21T16:51:27.0","sport":"RUNNING","subSport":"GENERIC","vo2MaxValue":53.0,"fitnessAge":"20","fitnessAgeDescription":"2","analyzerMethod":5,"maxMet":15.081588745117188,"maxMetCategory":"GENERIC","calibratedData":1},{"userProfilePK":87578117,"calendarDate":"2020-07-21","deviceId":3324959462,"updateTimestamp":"2020-07-21T17:48:01.0","sport":"RUNNING","subSport":"GENERIC","vo2MaxValue":53.0,"fitnessAge":"20","fitnessAgeDescription":"2","analyzerMethod":5,"maxMet":15.081588745117188,"maxMetCategory":"GENERIC","calibratedData":1},{"userProfilePK":87578117,"calendarDate":"2020-07-26","deviceId":3324959462,"updateTimestamp":"2020-07-26T07:09:54.0","sport":"RUNNING","subSport":"GENERIC","vo2MaxValue":53.0,"fitnessAge":"20","fitnessAgeDescription":"2","analyzerMethod":5,"maxMet":15.080307006835938,"maxMetCategory":"GENERIC","calibratedData":1},{"userProfilePK":87578117,"calendarDate":"2020-07-28","deviceId":3324959462,"updateTimestamp":"2020-07-28T15:18:33.0","sport":"RUNNING","subSport":"GENERIC","vo2MaxValue":54.0,"fitnessAge":"20","fitnessAgeDescription":"2","analyzerMethod":5,"maxMet":15.354507446289062,"maxMetCategory":"GENERIC","calibratedData":1},{"userProfilePK":87578117,"calendarDate":"2020-08-09","deviceId":3324959462,"updateTimestamp":"2020-08-09T18:25:30.0","sport":"RUNNING","subSport":"GENERIC","vo2MaxValue":54.0,"fitnessAge":"20","fitnessAgeDescription":"2","analyzerMethod":5,"maxMet":15.43878173828125,"maxMetCategory":"GENERIC","calibratedData":1},{"userProfilePK":87578117,"calendarDate":"2020-08-14","deviceId":3324959462,"updateTimestamp":"2020-08-14T07:59:34.0","sport":"RUNNING","subSport":"GENERIC","vo2MaxValue":54.0,"fitnessAge":"20","fitnessAgeDescription":"2","analyzerMethod":5,"maxMet":15.517501831054688,"maxMetCategory":"GENERIC","calibratedData":1},{"userProfilePK":87578117,"calendarDate":"2020-09-14","deviceId":3324959462,"updateTimestamp":"2020-09-14T05:21:57.0","sport":"RUNNING","subSport":"GENERIC","vo2MaxValue":54.0,"fitnessAge":"20","fitnessAgeDescription":"2","analyzerMethod":5,"maxMet":15.538772583007812,"maxMetCategory":"GENERIC","calibratedData":1},{"userProfilePK":87578117,"calendarDate":"2020-09-19","deviceId":3324959462,"updateTimestamp":"2020-09-19T08:08:17.0","sport":"RUNNING","subSport":"GENERIC","vo2MaxValue":55.0,"fitnessAge":"20","fitnessAgeDescription":"2","analyzerMethod":5,"maxMet":15.668914794921875,"maxMetCategory":"GENERIC","calibratedData":1},{"userProfilePK":87578117,"calendarDate":"2020-09-23","deviceId":3324959462,"updateTimestamp":"2020-09-23T05:49:15.0","sport":"RUNNING","subSport":"GENERIC","vo2MaxValue":55.0,"fitnessAge":"20","fitnessAgeDescription":"2","analyzerMethod":5,"maxMet":15.77679443359375,"maxMetCategory":"GENERIC","calibratedData":1},{"userProfilePK":87578117,"calendarDate":"2020-09-25","deviceId":3324959462,"updateTimestamp":"2020-09-25T06:26:22.0","sport":"RUNNING","subSport":"GENERIC","vo2MaxValue":56.0,"fitnessAge":"20","fitnessAgeDescription":"2","analyzerMethod":5,"maxMet":15.95947265625,"maxMetCategory":"GENERIC","calibratedData":1},{"userProfilePK":87578117,"calendarDate":"2020-09-26","deviceId":3324959462,"updateTimestamp":"2020-09-26T07:32:58.0","sport":"RUNNING","subSport":"GENERIC","vo2MaxValue":56.0,"fitnessAge":"20","fitnessAgeDescription":"2","analyzerMethod":5,"maxMet":15.90948486328125,"maxMetCategory":"GENERIC","calibratedData":1},{"userProfilePK":87578117,"calendarDate":"2020-09-27","deviceId":3324959462,"updateTimestamp":"2020-09-27T09:10:01.0","sport":"RUNNING","subSport":"GENERIC","vo2MaxValue":56.0,"fitnessAge":"20","fitnessAgeDescription":"2","analyzerMethod":5,"maxMet":15.872879028320312,"maxMetCategory":"GENERIC","calibratedData":1},{"userProfilePK":87578117,"calendarDate":"2020-09-29","deviceId":3324959462,"updateTimestamp":"2020-09-29T05:43:10.0","sport":"RUNNING","subSport":"GENERIC","vo2MaxValue":56.0,"fitnessAge":"20","fitnessAgeDescription":"2","analyzerMethod":5,"maxMet":15.97259521484375,"maxMetCategory":"GENERIC","calibratedData":1},{"userProfilePK":87578117,"calendarDate":"2020-10-02","deviceId":3324959462,"updateTimestamp":"2020-10-02T06:03:53.0","sport":"RUNNING","subSport":"GENERIC","vo2MaxValue":56.0,"fitnessAge":"20","fitnessAgeDescription":"3","analyzerMethod":5,"maxMet":16.079818725585938,"maxMetCategory":"GENERIC","calibratedData":1},{"userProfilePK":87578117,"calendarDate":"2020-10-06","deviceId":3324959462,"updateTimestamp":"2020-10-06T06:19:22.0","sport":"RUNNING","subSport":"GENERIC","vo2MaxValue":56.0,"fitnessAge":"20","fitnessAgeDescription":"3","analyzerMethod":5,"maxMet":16.038909912109375,"maxMetCategory":"GENERIC","calibratedData":1},{"userProfilePK":87578117,"calendarDate":"2020-10-08","deviceId":3324959462,"updateTimestamp":"2020-10-08T05:51:33.0","sport":"RUNNING","subSport":"GENERIC","vo2MaxValue":56.0,"fitnessAge":"20","fitnessAgeDescription":"3","analyzerMethod":5,"maxMet":16.116134643554688,"maxMetCategory":"GENERIC","calibratedData":1},{"userProfilePK":87578117,"calendarDate":"2020-10-18","deviceId":3324959462,"updateTimestamp":"2020-10-18T18:27:47.0","sport":"RUNNING","subSport":"GENERIC","vo2MaxValue":56.0,"fitnessAge":"20","fitnessAgeDescription":"2","analyzerMethod":5,"maxMet":15.955123901367188,"maxMetCategory":"GENERIC","calibratedData":1},{"userProfilePK":87578117,"calendarDate":"2020-10-20","deviceId":3324959462,"updateTimestamp":"2020-10-20T18:33:44.0","sport":"RUNNING","subSport":"GENERIC","vo2MaxValue":56.0,"fitnessAge":"20","fitnessAgeDescription":"3","analyzerMethod":5,"maxMet":16.02960205078125,"maxMetCategory":"GENERIC","calibratedData":1}]