[{"userProfilePK":87578117,"calendarDate":"2020-12-01","deviceId":3324959462,"updateTimestamp":"2020-12-01T18:25:02.0","sport":"RUNNING","subSport":"GENERIC","vo2MaxValue":56.0,"fitnessAge":"20","fitnessAgeDescription":"2","analyzerMethod":5,"maxMet":15.929580688476562,"maxMetCategory":"GENERIC","calibratedData":1},{"userProfilePK":87578117,"calendarDate":"2020-12-19","deviceId":3324959462,"updateTimestamp":"2020-12-19T10:26:58.0","sport":"RUNNING","subSport":"GENERIC","vo2MaxValue":55.0,"fitnessAge":"20","fitnessAgeDescription":"3","analyzerMethod":5,"maxMet":15.815963745117188,"maxMetCategory":"GENERIC","calibratedData":1},{"userProfilePK":87578117,"calendarDate":"2020-12-22","deviceId":3324959462,"updateTimestamp":"2020-12-22T18:52:11.0","sport":"RUNNING","subSport":"GENERIC","vo2MaxValue":55.0,"fitnessAge":"20","fitnessAgeDescription":"3","analyzerMethod":5,"maxMet":15.755950927734375,"maxMetCategory":"GENERIC","calibratedData":1},{"userProfilePK":87578117,"calendarDate":"2020-12-29","deviceId":3324959462,"updateTimestamp":"2020-12-29T18:50:12.0","sport":"RUNNING","subSport":"GENERIC","vo2MaxValue":55.0,"fitnessAge":"20","fitnessAgeDescription":"3","analyzerMethod":5,"maxMet":15.722457885742188,"maxMetCategory":"GENERIC","calibratedData":1},{"userProfilePK":87578117,"calendarDate":"2020-12-31","deviceId":3324959462,"updateTimestamp":"2020-12-31T17:48:18.0","sport":"RUNNING","subSport":"GENERIC","vo2MaxValue":55.0,"fitnessAge":"20","fitnessAgeDescription":"3","analyzerMethod":5,"maxMet":15.712326049804688,"maxMetCategory":"GENERIC","calibratedData":1},{"userProfilePK":87578117,"calendarDate":"2021-01-03","deviceId":3324959462,"updateTimestamp":"2021-01-03T19:00:46.0","sport":"RUNNING","subSport":"GENERIC","vo2MaxValue":55.0,"fitnessAge":"20","fitnessAgeDescription":"3","analyzerMethod":5,"maxMet":15.642730712890625,"maxMetCategory":"GENERIC","calibratedData":1},{"userProfilePK":87578117,"calendarDate":"2021-01-06","deviceId":3324959462,"updateTimestamp":"2021-01-06T19:02:02.0","sport":"RUNNING","subSport":"GENERIC","vo2MaxValue":55.0,"fitnessAge":"20","fitnessAgeDescription":"3","analyzerMethod":5,"maxMet":15.627151489257812,"maxMetCategory":"GENERIC","calibratedData":1},{"userProfilePK":87578117,"calendarDate":"2021-01-10","deviceId":3324959462,"updateTimestamp":"2021-01-10T10:28:48.0","sport":"RUNNING","subSport":"GENERIC","vo2MaxValue":55.0,"fitnessAge":"20","fitnessAgeDescription":"3","analyzerMethod":5,"maxMet":15.577133178710938,"maxMetCategory":"GENERIC","calibratedData":1},{"userProfilePK":87578117,"calendarDate":"2021-01-12","deviceId":3324959462,"updateTimestamp":"2021-01-12T06:57:01.0","sport":"RUNNING","subSport":"GENERIC","vo2MaxValue":54.0,"fitnessAge":"20","fitnessAgeDescription":"3","analyzerMethod":5,"maxMet":15.531295776367188,"maxMetCategory":"GENERIC","calibratedData":1},{"userProfilePK":87578117,"calendarDate":"2021-01-13","deviceId":3324959462,"updateTimestamp":"2021-01-13T06:53:17.0","sport":"RUNNING","subSport":"GENERIC","vo2MaxValue":54.0,"fitnessAge":"20","fitnessAgeDescription":"3","analyzerMethod":5,"maxMet":15.481307983398438,"maxMetCategory":"GENERIC","calibratedData":1},{"userProfilePK":87578117,"calendarDate":"2021-01-16","deviceId":3324959462,"updateTimestamp":"2021-01-16T09:59:17.0","sport":"RUNNING","subSport":"GENERIC","vo2MaxValue":54.0,"fitnessAge":"20","fitnessAgeDescription":"3","analyzerMethod":5,"maxMet":15.431289672851562,"maxMetCategory":"GENERIC","calibratedData":1},{"userProfilePK":87578117,"calendarDate":"2021-01-19","deviceId":3324959462,"updateTimestamp":"2021-01-19T12:30:21.0","sport":"RUNNING","subSport":"GENERIC","vo2MaxValue":54.0,"fitnessAge":"20","fitnessAgeDescription":"3","analyzerMethod":5,"maxMet":15.425888061523438,"maxMetCategory":"GENERIC","calibratedData":1},{"userProfilePK":87578117,"calendarDate":"2021-01-20","deviceId":3324959462,"updateTimestamp":"2021-01-20T07:10:09.0","sport":"RUNNING","subSport":"GENERIC","vo2MaxValue":54.0,"fitnessAge":"20","fitnessAgeDescription":"3","analyzerMethod":5,"maxMet":15.375869750976562,"maxMetCategory":"GENERIC","calibratedData":1},{"userProfilePK":87578117,"calendarDate":"2021-01-24","deviceId":3324959462,"updateTimestamp":"2021-01-24T17:03:09.0","sport":"RUNNING","subSport":"GENERIC","vo2MaxValue":54.0,"fitnessAge":"20","fitnessAgeDescription":"3","analyzerMethod":5,"maxMet":15.314208984375,"maxMetCategory":"GENERIC","calibratedData":1},{"userProfilePK":87578117,"calendarDate":"2021-01-26","deviceId":3324959462,"updateTimestamp":"2021-01-26T07:13:57.0","sport":"RUNNING","subSport":"GENERIC","vo2MaxValue":53.0,"fitnessAge":"20","fitnessAgeDescription":"3","analyzerMethod":5,"maxMet":15.208206176757812,"maxMetCategory":"GENERIC","calibratedData":1},{"userProfilePK":87578117,"calendarDate":"2021-01-29","deviceId":3324959462,"updateTimestamp":"2021-01-29T06:28:06.0","sport":"RUNNING","subSport":"GENERIC","vo2MaxValue":53.0,"fitnessAge":"20","fitnessAgeDescription":"2","analyzerMethod":5,"maxMet":15.172683715820312,"maxMetCategory":"GENERIC","calibratedData":1},{"userProfilePK":87578117,"calendarDate":"2021-01-31","deviceId":3324959462,"updateTimestamp":"2021-01-31T12:24:51.0","sport":"RUNNING","subSport":"GENERIC","vo2MaxValue":53.0,"fitnessAge":"20","fitnessAgeDescription":"2","analyzerMethod":5,"maxMet":15.123626708984375,"maxMetCategory":"GENERIC","calibratedData":1},{"userProfilePK":87578117,"calendarDate":"2021-02-03","deviceId":3324959462,"updateTimestamp":"2021-02-03T06:39:31.0","sport":"RUNNING","subSport":"GENERIC","vo2MaxValue":53.0,"fitnessAge":"20","fitnessAgeDescription":"2","analyzerMethod":5,"maxMet":15.0736083984375,"maxMetCategory":"GENERIC","calibratedData":1},{"userProfilePK":87578117,"calendarDate":"2021-02-05","deviceId":3324959462,"updateTimestamp":"2021-02-05T07:05:18.0","sport":"RUNNING","subSport":"GENERIC","vo2MaxValue":53.0,"fitnessAge":"20","fitnessAgeDescription":"2","analyzerMethod":5,"maxMet":15.108871459960938,"maxMetCategory":"GENERIC","calibratedData":1}]