[{"userProfilePK":87578117,"calendarDate":"2021-02-11","deviceId":3324959462,"updateTimestamp":"2021-02-11T06:34:12.0","sport":"RUNNING","subSport":"GENERIC","vo2MaxValue":53.0,"fitnessAge":"20","fitnessAgeDescription":"2","analyzerMethod":5,"maxMet":15.032989501953125,"maxMetCategory":"GENERIC","calibratedData":1},{"userProfilePK":87578117,"calendarDate":"2021-02-13","deviceId":3324959462,"updateTimestamp":"2021-02-13T11:09:33.0","sport":"RUNNING","subSport":"GENERIC","vo2MaxValue":53.0,"fitnessAge":"20","fitnessAgeDescription":"2","analyzerMethod":5,"maxMet":15.004974365234375,"maxMetCategory":"GENERIC","calibratedData":1},{"userProfilePK":87578117,"calendarDate":"2021-02-14","deviceId":3324959462,"updateTimestamp":"2021-02-14T08:03:46.0","sport":"RUNNING","subSport":"GENERIC","vo2MaxValue":52.0,"fitnessAge":"20","fitnessAgeDescription":"2","analyzerMethod":5,"maxMet":14.984832763671875,"maxMetCategory":"GENERIC","calibratedData":1},{"userProfilePK":87578117,"calendarDate":"2021-02-16","deviceId":3324959462,"updateTimestamp":"2021-02-16T05:54:24.0","sport":"RUNNING","subSport":"GENERIC","vo2MaxValue":53.0,"fitnessAge":"20","fitnessAgeDescription":"2","analyzerMethod":5,"maxMet":15.047042846679688,"maxMetCategory":"GENERIC","calibratedData":1},{"userProfilePK":87578117,"calendarDate":"2021-02-24","deviceId":3324959462,"updateTimestamp":"2021-02-24T06:40:17.0","sport":"RUNNING","subSport":"GENERIC","vo2MaxValue":52.0,"fitnessAge":"20","fitnessAgeDescription":"2","analyzerMethod":5,"maxMet":14.997024536132812,"maxMetCategory":"GENERIC","calibratedData":1},{"userProfilePK":87578117,"calendarDate":"2021-03-05","deviceId":3324959462,"updateTimestamp":"2021-03-05T16:02:45.0","sport":"RUNNING","subSport":"GENERIC","vo2MaxValue":52.0,"fitnessAge":"20","fitnessAgeDescription":"2","analyzerMethod":5,"maxMet":14.949569702148438,"maxMetCategory":"GENERIC","calibratedData":1},{"userProfilePK":87578117,"calendarDate":"2021-03-06","deviceId":3324959462,"updateTimestamp":"2021-03-06T10:46:51.0","sport":"RUNNING","subSport":"GENERIC","vo2MaxValue":52.0,"fitnessAge":"20","fitnessAgeDescription":"2","analyzerMethod":5,"maxMet":14.899551391601562,"maxMetCategory":"GENERIC","calibratedData":1},{"userProfilePK":87578117,"calendarDate":"2021-03-07","deviceId":3324959462,"updateTimestamp":"2021-03-07T05:59:00.0","sport":"RUNNING","subSport":"GENERIC","vo2MaxValue":52.0,"fitnessAge":"20","fitnessAgeDescription":"2","analyzerMethod":5,"maxMet":14.849533081054688,"maxMetCategory":"GENERIC","calibratedData":1},{"userProfilePK":87578117,"calendarDate":"2021-03-09","deviceId":3324959462,"updateTimestamp":"2021-03-09T17:01:47.0","sport":"RUNNING","subSport":"GENERIC","vo2MaxValue":52.0,"fitnessAge":"20","fitnessAgeDescription":"2","analyzerMethod":5,"maxMet":14.799514770507812,"maxMetCategory":"GENERIC","calibratedData":1},{"userProfilePK":87578117,"calendarDate":"2021-03-11","deviceId":3324959462,"updateTimestamp":"2021-03-11T06:50:25.0","sport":"RUNNING","subSport":"GENERIC","vo2MaxValue":52.0,"fitnessAge":"20","fitnessAgeDescription":"2","analyzerMethod":5,"maxMet":14.917098999023438,"maxMetCategory":"GENERIC","calibratedData":1},{"userProfilePK":87578117,"calendarDate":"2021-03-14","deviceId":3324959462,"updateTimestamp":"2021-03-14T06:03:33.0","sport":"RUNNING","subSport":"GENERIC","vo2MaxValue":52.0,"fitnessAge":"20","fitnessAgeDescription":"2","analyzerMethod":5,"maxMet":14.867080688476562,"maxMetCategory":"GENERIC","calibratedData":1},{"userProfilePK":87578117,"calendarDate":"2021-03-16","deviceId":3324959462,"updateTimestamp":"2021-03-16T06:24:42.0","sport":"RUNNING","subSport":"GENERIC","vo2MaxValue":52.0,"fitnessAge":"20","fitnessAgeDescription":"2","analyzerMethod":5,"maxMet":14.807754516601562,"maxMetCategory":"GENERIC","calibratedData":1},{"userProfilePK":87578117,"calendarDate":"2021-03-18","deviceId":3324959462,"updateTimestamp":"2021-03-18T06:12:30.0","sport":"RUNNING","subSport":"GENERIC","vo2MaxValue":52.0,"fitnessAge":"20","fitnessAgeDescription":"2","analyzerMethod":5,"maxMet":14.757736206054688,"maxMetCategory":"GENERIC","calibratedData":1},{"userProfilePK":87578117,"calendarDate":"2021-03-19","deviceId":3324959462,"updateTimestamp":"2021-03-19T17:24:51.0","sport":"RUNNING","subSport":"GENERIC","vo2MaxValue":52.0,"fitnessAge":"20","fitnessAgeDescription":"2","analyzerMethod":5,"maxMet":14.830291748046875,"maxMetCategory":"GENERIC","calibratedData":1},{"userProfilePK":87578117,"calendarDate":"2021-03-21","deviceId":3324959462,"updateTimestamp":"2021-03-21T10:47:30.0","sport":"RUNNING","subSport":"GENERIC","vo2MaxValue":52.0,"fitnessAge":"20","fitnessAgeDescription":"2","analyzerMethod":5,"maxMet":14.818328857421875,"maxMetCategory":"GENERIC","calibratedData":1},{"userProfilePK":87578117,"calendarDate":"2021-03-24","deviceId":3324959462,"updateTimestamp":"2021-03-24T17:54:31.0","sport":"RUNNING","subSport":"GENERIC","vo2MaxValue":52.0,"fitnessAge":"20","fitnessAgeDescription":"2","analyzerMethod":5,"maxMet":14.763320922851562,"maxMetCategory":"GENERIC","calibratedData":1},{"userProfilePK":87578117,"calendarDate":"2021-03-25","deviceId":3324959462,"updateTimestamp":"2021-03-25T12:28:08.0","sport":"RUNNING","subSport":"GENERIC","vo2MaxValue":52.0,"fitnessAge":"20","fitnessAgeDescription":"2","analyzerMethod":5,"maxMet":14.76275634765625,"maxMetCategory":"GENERIC","calibratedData":1},{"userProfilePK":87578117,"calendarDate":"2021-03-27","deviceId":3324959462,"updateTimestamp":"2021-03-27T07:48:09.0","sport":"RUNNING","subSport":"GENERIC","vo2MaxValue":51.0,"fitnessAge":"20","fitnessAgeDescription":"2","analyzerMethod":5,"maxMet":14.712738037109375,"maxMetCategory":"GENERIC","calibratedData":1},{"userProfilePK":87578117,"calendarDate":"2021-03-30","deviceId":3324959462,"updateTimestamp":"2021-03-30T11:31:55.0","sport":"RUNNING","subSport":"GENERIC","vo2MaxValue":51.0,"fitnessAge":"20","fitnessAgeDescription":"2","analyzerMethod":5,"maxMet":14.640731811523438,"maxMetCategory":"GENERIC","calibratedData":1},{"userProfilePK":87578117,"calendarDate":"2021-04-11","deviceId":3324959462,"updateTimestamp":"2021-04-11T08:31:37.0","sport":"RUNNING","subSport":"GENERIC","vo2MaxValue":51.0,"fitnessAge":"20","fitnessAgeDescription":"2","analyzerMethod":5,"maxMet":14.5751953125,"maxMetCategory":"GENERIC","calibratedData":1},{"userProfilePK":87578117,"calendarDate":"2021-04-15","deviceId":3324959462,"updateTimestamp":"2021-04-15T11:33:44.0","sport":"RUNNING","subSport":"GENERIC","vo2MaxValue":51.0,"fitnessAge":"20","fitnessAgeDescription":"2","analyzerMethod":5,"maxMet":14.486190795898438,"maxMetCategory":"GENERIC","calibratedData":1},{"userProfilePK":87578117,"calendarDate":"2021-04-23","deviceId":3324959462,"updateTimestamp":"2021-04-23T05:25:57.0","sport":"RUNNING","subSport":"GENERIC","vo2MaxValue":51.0,"fitnessAge":"20","fitnessAgeDescription":"2","analyzerMethod":5,"maxMet":14.436172485351562,"maxMetCategory":"GENERIC","calibratedData":1},{"userProfilePK":87578117,"calendarDate":"2021-04-24","deviceId":3324959462,"updateTimestamp":"2021-04-24T17:06:25.0","sport":"RUNNING","subSport":"GENERIC","vo2MaxValue":50.0,"fitnessAge":"20","fitnessAgeDescription":"2","analyzerMethod":5,"maxMet":14.420730590820312,"maxMetCategory":"GENERIC","calibratedData":1},{"userProfilePK":87578117,"calendarDate":"2021-04-25","deviceId":3324959462,"updateTimestamp":"2021-04-25T16:01:28.0","sport":"RUNNING","subSport":"GENERIC","vo2MaxValue":50.0,"fitnessAge":"20","fitnessAgeDescription":"2","analyzerMethod":5,"maxMet":14.405532836914062,"maxMetCategory":"GENERIC","calibratedData":1},{"userProfilePK":87578117,"calendarDate":"2021-04-26","deviceId":3324959462,"updateTimestamp":"2021-04-26T11:24:35.0","sport":"RUNNING","subSport":"GENERIC","vo2MaxValue":50.0,"fitnessAge":"20","fitnessAgeDescription":"2","analyzerMethod":5,"maxMet":14.355514526367188,"maxMetCategory":"GENERIC","calibratedData":1},{"userProfilePK":87578117,"calendarDate":"2021-04-27","deviceId":3324959462,"updateTimestamp":"2021-04-27T04:36:43.0","sport":"RUNNING","subSport":"GENERIC","vo2MaxValue":51.0,"fitnessAge":"20","fitnessAgeDescription":"2","analyzerMethod":5,"maxMet":14.445877075195312,"maxMetCategory":"GENERIC","calibratedData":1},{"userProfilePK":87578117,"calendarDate":"2021-04-28","deviceId":3324959462,"updateTimestamp":"2021-04-28T11:28:12.0","sport":"RUNNING","subSport":"GENERIC","vo2MaxValue":50.0,"fitnessAge":"20","fitnessAgeDescription":"2","analyzerMethod":5,"maxMet":14.395858764648438,"maxMetCategory":"GENERIC","calibratedData":1},{"userProfilePK":87578117,"calendarDate":"2021-04-29","deviceId":3324959462,"updateTimestamp":"2021-04-29T04:53:42.0","sport":"RUNNING","subSport":"GENERIC","vo2MaxValue":50.0,"fitnessAge":"20","fitnessAgeDescription":"2","analyzerMethod":5,"maxMet":14.345840454101562,"maxMetCategory":"GENERIC","calibratedData":1},{"userProfilePK":87578117,"calendarDate":"2021-05-02","deviceId":3324959462,"updateTimestamp":"2021-05-02T06:21:55.0","sport":"RUNNING","subSport":"GENERIC","vo2MaxValue":50.0,"fitnessAge":"20","fitnessAgeDescription":"2","analyzerMethod":5,"maxMet":14.29132080078125,"maxMetCategory":"GENERIC","calibratedData":1},{"userProfilePK":87578117,"calendarDate":"2021-05-05","deviceId":3324959462,"updateTimestamp":"2021-05-05T04:47:41.0","sport":"RUNNING","subSport":"GENERIC","vo2MaxValue":51.0,"fitnessAge":"20","fitnessAgeDescription":"2","analyzerMethod":5,"maxMet":14.437347412109375,"maxMetCategory":"GENERIC","calibratedData":1},{"userProfilePK":87578117,"calendarDate":"2021-05-15","deviceId":3324959462,"updateTimestamp":"2021-05-15T18:05:56.0","sport":"RUNNING","subSport":"GENERIC","vo2MaxValue":51.0,"fitnessAge":"20","fitnessAgeDescription":"2","analyzerMethod":5,"maxMet":14.548324584960938,"maxMetCategory":"GENERIC","calibratedData":1}]