[{"userProfilePK":87578117,"calendarDate":"2021-12-03","deviceId":3324959462,"updateTimestamp":"2021-12-03T07:49:20.0","sport":"RUNNING","subSport":"GENERIC","vo2MaxValue":53.0,"fitnessAge":"20","maxMet":15.240402221679688,"maxMetCategory":"GENERIC","calibratedData":1},{"userProfilePK":87578117,"calendarDate":"2021-12-06","deviceId":3324959462,"updateTimestamp":"2021-12-06T19:54:32.0","sport":"CYCLING","subSport":"GENERIC","vo2MaxValue":55.0,"fitnessAge":"20","maxMet":15.758544921875,"maxMetCategory":"CYCLING","calibratedData":1},{"userProfilePK":87578117,"calendarDate":"2021-12-07","deviceId":3324959462,"updateTimestamp":"2021-12-07T17:24:48.0","sport":"RUNNING","subSport":"GENERIC","vo2MaxValue":53.0,"fitnessAge":"20","maxMet":15.205322265625,"maxMetCategory":"GENERIC","calibratedData":1},{"userProfilePK":87578117,"calendarDate":"2021-12-09","deviceId":3324959462,"updateTimestamp":"2021-12-09T16:47:20.0","sport":"RUNNING","subSport":"GENERIC","vo2MaxValue":53.0,"fitnessAge":"20","maxMet":15.202667236328125,"maxMetCategory":"GENERIC","calibratedData":1},{"userProfilePK":87578117,"calendarDate":"2021-12-10","deviceId":3324959462,"updateTimestamp":"2021-12-10T07:47:14.0","sport":"RUNNING","subSport":"GENERIC","vo2MaxValue":53.0,"fitnessAge":"20","maxMet":15.204681396484375,"maxMetCategory":"GENERIC","calibratedData":1},{"userProfilePK":87578117,"calendarDate":"2021-12-12","deviceId":3324959462,"updateTimestamp":"2021-12-12T18:47:42.0","sport":"CYCLING","subSport":"INDOOR_CYCLING","vo2MaxValue":55.0,"fitnessAge":"20","maxMet":15.64453125,"maxMetCategory":"CYCLING","calibratedData":1},{"userProfilePK":87578117,"calendarDate":"2021-12-14","deviceId":3324959462,"updateTimestamp":"2021-12-14T17:14:43.0","sport":"RUNNING","subSport":"GENERIC","vo2MaxValue":54.0,"fitnessAge":"20","maxMet":15.303115844726562,"maxMetCategory":"GENERIC","calibratedData":1},{"userProfilePK":87578117,"calendarDate":"2021-12-16","deviceId":3324959462,"updateTimestamp":"2021-12-16T12:57:37.0","sport":"CYCLING","subSport":"GENERIC","vo2MaxValue":55.0,"fitnessAge":"20","maxMet":15.695770263671875,"maxMetCategory":"CYCLING","calibratedData":1},{"userProfilePK":87578117,"calendarDate":"2021-12-19","deviceId":3324959462,"updateTimestamp":"2021-12-19T16:44:32.0","sport":"RUNNING","subSport":"GENERIC","vo2MaxValue":53.0,"fitnessAge":"20","maxMet":15.269882202148438,"maxMetCategory":"GENERIC","calibratedData":1},{"userProfilePK":87578117,"calendarDate":"2021-12-21","deviceId":3324959462,"updateTimestamp":"2021-12-21T12:25:57.0","sport":"RUNNING","subSport":"GENERIC","vo2MaxValue":53.0,"fitnessAge":"20","maxMet":15.219863891601562,"maxMetCategory":"GENERIC","calibratedData":1},{"userProfilePK":87578117,"calendarDate":"2021-12-23","deviceId":3324959462,"updateTimestamp":"2021-12-23T17:47:51.0","sport":"RUNNING","subSport":"GENERIC","vo2MaxValue":54.0,"fitnessAge":"20","maxMet":15.37646484375,"maxMetCategory":"GENERIC","calibratedData":1},{"userProfilePK":87578117,"calendarDate":"2022-01-03","deviceId":3324959462,"updateTimestamp":"2022-01-03T12:08:40.0","sport":"RUNNING","subSport":"GENERIC","vo2MaxValue":54.0,"fitnessAge":"20","maxMet":15.3187255859375,"maxMetCategory":"GENERIC","calibratedData":1},{"userProfilePK":87578117,"calendarDate":"2022-01-11","deviceId":3324959462,"updateTimestamp":"2022-01-11T16:01:21.0","sport":"RUNNING","subSport":"GENERIC","vo2MaxValue":54.0,"fitnessAge":"20","maxMet":15.2857666015625,"maxMetCategory":"GENERIC","calibratedData":1},{"userProfilePK":87578117,"calendarDate":"2022-01-12","deviceId":3324959462,"updateTimestamp":"2022-01-12T12:27:16.0","sport":"RUNNING","subSport":"GENERIC","vo2MaxValue":53.0,"fitnessAge":"20","maxMet":15.193511962890625,"maxMetCategory":"GENERIC","calibratedData":1},{"userProfilePK":87578117,"calendarDate":"2022-01-16","deviceId":3324959462,"updateTimestamp":"2022-01-16T15:58:39.0","sport":"RUNNING","subSport":"GENERIC","vo2MaxValue":53.0,"fitnessAge":"20","maxMet":15.2379150390625,"maxMetCategory":"GENERIC","calibratedData":1},{"userProfilePK":87578117,"calendarDate":"2022-01-18","deviceId":3324959462,"updateTimestamp":"2022-01-18T12:25:14.0","sport":"RUNNING","subSport":"GENERIC","vo2MaxValue":53.0,"fitnessAge":"20","maxMet":15.223480224609375,"maxMetCategory":"GENERIC","calibratedData":1},{"userProfilePK":87578117,"calendarDate":"2022-01-19","deviceId":3324959462,"updateTimestamp":"2022-01-19T18:29:48.0","sport":"CYCLING","subSport":"INDOOR_CYCLING","vo2MaxValue":54.0,"fitnessAge":"20","maxMet":15.536727905273438,"maxMetCategory":"CYCLING","calibratedData":1},{"userProfilePK":87578117,"calendarDate":"2022-01-20","deviceId":3324959462,"updateTimestamp":"2022-01-20T20:08:19.0","sport":"CYCLING","subSport":"INDOOR_CYCLING","vo2MaxValue":54.0,"fitnessAge":"20","maxMet":15.569854736328125,"maxMetCategory":"CYCLING","calibratedData":1},{"userProfilePK":87578117,"calendarDate":"2022-01-21","deviceId":3324959462,"updateTimestamp":"2022-01-21T12:23:14.0","sport":"RUNNING","subSport":"GENERIC","vo2MaxValue":53.0,"fitnessAge":"20","maxMet":15.201217651367188,"maxMetCategory":"GENERIC","calibratedData":1},{"userProfilePK":87578117,"calendarDate":"2022-01-22","deviceId":3324959462,"updateTimestamp":"2022-01-22T09:25:44.0","sport":"RUNNING","subSport":"GENERIC","vo2MaxValue":53.0,"fitnessAge":"20","maxMet":15.184478759765625,"maxMetCategory":"GENERIC","calibratedData":1},{"userProfilePK":87578117,"calendarDate":"2022-01-24","deviceId":3324959462,"updateTimestamp":"2022-01-24T17:30:08.0","sport":"RUNNING","subSport":"GENERIC","vo2MaxValue":53.0,"maxMet":15.197418212890625,"maxMetCategory":"GENERIC","calibratedData":1},{"userProfilePK":87578117,"calendarDate":"2022-01-25","deviceId":3324959462,"updateTimestamp":"2022-01-25T07:53:20.0","sport":"RUNNING","subSport":"GENERIC","vo2MaxValue":53.0,"maxMet":15.194168090820312,"maxMetCategory":"GENERIC","calibratedData":1},{"userProfilePK":87578117,"calendarDate":"2022-01-25","deviceId":3324959462,"updateTimestamp":"2022-01-25T17:38:24.0","sport":"RUNNING","subSport":"GENERIC","vo2MaxValue":53.0,"maxMet":15.194168090820312,"maxMetCategory":"GENERIC","calibratedData":1},{"userProfilePK":87578117,"calendarDate":"2022-01-26","deviceId":3324959462,"updateTimestamp":"2022-01-26T19:02:02.0","sport":"RUNNING","subSport":"GENERIC","vo2MaxValue":53.0,"maxMet":15.187088012695312,"maxMetCategory":"GENERIC","calibratedData":1},{"userProfilePK":87578117,"calendarDate":"2022-01-29","deviceId":3324959462,"updateTimestamp":"2022-01-29T05:59:17.0","sport":"RUNNING","subSport":"GENERIC","vo2MaxValue":53.0,"maxMet":15.148422241210938,"maxMetCategory":"GENERIC","calibratedData":1},{"userProfilePK":87578117,"calendarDate":"2022-01-30","deviceId":3324959462,"updateTimestamp":"2022-01-30T06:16:36.0","sport":"RUNNING","subSport":"GENERIC","vo2MaxValue":53.0,"maxMet":15.121856689453125,"maxMetCategory":"GENERIC","calibratedData":1},{"userProfilePK":87578117,"calendarDate":"2022-02-01","deviceId":3324959462,"updateTimestamp":"2022-02-01T05:03:08.0","sport":"RUNNING","subSport":"GENERIC","vo2MaxValue":53.0,"maxMet":15.109207153320312,"maxMetCategory":"GENERIC","calibratedData":1},{"userProfilePK":87578117,"calendarDate":"2022-02-01","deviceId":3324959462,"updateTimestamp":"2022-02-01T12:20:14.0","sport":"CYCLING","subSport":"GENERIC","vo2MaxValue":55.0,"maxMet":15.625076293945312,"maxMetCategory":"CYCLING","calibratedData":1},{"userProfilePK":87578117,"calendarDate":"2022-02-02","deviceId":3324959462,"updateTimestamp":"2022-02-02T05:57:55.0","sport":"CYCLING","subSport":"GENERIC","vo2MaxValue":55.0,"maxMet":15.643997192382812,"maxMetCategory":"CYCLING","calibratedData":1},{"userProfilePK":87578117,"calendarDate":"2022-02-02","deviceId":3324959462,"updateTimestamp":"2022-02-02T12:27:44.0","sport":"RUNNING","subSport":"GENERIC","vo2MaxValue":53.0,"maxMet":15.11236572265625,"maxMetCategory":"GENERIC","calibratedData":1},{"userProfilePK":87578117,"calendarDate":"2022-02-03","deviceId":3324959462,"updateTimestamp":"2022-02-03T06:02:47.0","sport":"CYCLING","subSport":"GENERIC","vo2MaxValue":55.0,"maxMet":15.693984985351562,"maxMetCategory":"CYCLING","calibratedData":1},{"userProfilePK":87578117,"calendarDate":"2022-02-03","deviceId":3324959462,"updateTimestamp":"2022-02-03T12:13:24.0","sport":"RUNNING","subSport":"GENERIC","vo2MaxValue":53.0,"maxMet":15.130126953125,"maxMetCategory":"GENERIC","calibratedData":1},{"userProfilePK":87578117,"calendarDate":"2022-02-04","deviceId":3324959462,"updateTimestamp":"2022-02-04T07:15:33.0","sport":"RUNNING","subSport":"GENERIC","vo2MaxValue":53.0,"maxMet":15.0986328125,"maxMetCategory":"GENERIC","calibratedData":1},{"userProfilePK":87578117,"calendarDate":"2022-02-04","deviceId":3324959462,"updateTimestamp":"2022-02-04T21:53:07.0","sport":"RUNNING","subSport":"GENERIC","vo2MaxValue":53.0,"maxMet":15.0986328125,"maxMetCategory":"GENERIC","calibratedData":1},{"userProfilePK":87578117,"calendarDate":"2022-02-08","deviceId":3324959462,"updateTimestamp":"2022-02-08T05:55:34.0","sport":"CYCLING","subSport":"GENERIC","vo2MaxValue":56.0,"maxMet":15.864852905273438,"maxMetCategory":"CYCLING","calibratedData":1},{"userProfilePK":87578117,"calendarDate":"2022-02-08","deviceId":3324959462,"updateTimestamp":"2022-02-08T12:42:18.0","sport":"RUNNING","subSport":"GENERIC","vo2MaxValue":53.0,"maxMet":15.115127563476562,"maxMetCategory":"GENERIC","calibratedData":1},{"userProfilePK":87578117,"calendarDate":"2022-02-09","deviceId":3324959462,"updateTimestamp":"2022-02-09T12:16:41.0","sport":"RUNNING","subSport":"GENERIC","vo2MaxValue":53.0,"maxMet":15.129119873046875,"maxMetCategory":"GENERIC","calibratedData":1},{"userProfilePK":87578117,"calendarDate":"2022-02-09","deviceId":3324959462,"updateTimestamp":"2022-02-09T18:08:09.0","sport":"CYCLING","subSport":"GENERIC","vo2MaxValue":56.0,"maxMet":15.914840698242188,"maxMetCategory":"CYCLING","calibratedData":1},{"userProfilePK":87578117,"calendarDate":"2022-02-10","deviceId":3324959462,"updateTimestamp":"2022-02-10T05:29:23.0","sport":"CYCLING","subSport":"GENERIC","vo2MaxValue":56.0,"maxMet":15.96490478515625,"maxMetCategory":"CYCLING","calibratedData":1},{"userProfilePK":87578117,"calendarDate":"2022-02-10","deviceId":3324959462,"updateTimestamp":"2022-02-10T17:12:46.0","sport":"RUNNING","subSport":"GENERIC","vo2MaxValue":53.0,"maxMet":15.179107666015625,"maxMetCategory":"GENERIC","calibratedData":1},{"userProfilePK":87578117,"calendarDate":"2022-02-11","deviceId":3324959462,"updateTimestamp":"2022-02-11T07:47:03.0","sport":"RUNNING","subSport":"GENERIC","vo2MaxValue":53.0,"maxMet":15.214691162109375,"maxMetCategory":"GENERIC","calibratedData":1},{"userProfilePK":87578117,"calendarDate":"2022-02-11","deviceId":3324959462,"updateTimestamp":"2022-02-11T17:58:13.0","sport":"RUNNING","subSport":"GENERIC","vo2MaxValue":53.0,"maxMet":15.25543212890625,"maxMetCategory":"GENERIC","calibratedData":1},{"userProfilePK":87578117,"calendarDate":"2022-02-12","deviceId":3324959462,"updateTimestamp":"2022-02-12T11:33:47.0","sport":"CYCLING","subSport":"GENERIC","vo2MaxValue":56.0,"maxMet":16.044525146484375,"maxMetCategory":"CYCLING","calibratedData":1},{"userProfilePK":87578117,"calendarDate":"2022-02-13","deviceId":3324959462,"updateTimestamp":"2022-02-13T16:13:10.0","sport":"RUNNING","subSport":"GENERIC","vo2MaxValue":53.0,"maxMet":15.2821044921875,"maxMetCategory":"GENERIC","calibratedData":1},{"userProfilePK":87578117,"calendarDate":"2022-02-14","deviceId":3324959462,"updateTimestamp":"2022-02-14T12:21:10.0","sport":"RUNNING","subSport":"GENERIC","vo2MaxValue":54.0,"maxMet":15.333053588867188,"maxMetCategory":"GENERIC","calibratedData":1},{"userProfilePK":87578117,"calendarDate":"2022-02-16","deviceId":3324959462,"updateTimestamp":"2022-02-16T06:02:41.0","sport":"CYCLING","subSport":"GENERIC","vo2MaxValue":56.0,"maxMet":16.031539916992188,"maxMetCategory":"CYCLING","calibratedData":1},{"userProfilePK":87578117,"calendarDate":"2022-02-16","deviceId":3324959462,"updateTimestamp":"2022-02-16T12:50:17.0","sport":"RUNNING","subSport":"GENERIC","vo2MaxValue":54.0,"maxMet":15.345657348632812,"maxMetCategory":"GENERIC","calibratedData":1},{"userProfilePK":87578117,"calendarDate":"2022-02-18","deviceId":3324959462,"updateTimestamp":"2022-02-18T12:23:36.0","sport":"RUNNING","subSport":"GENERIC","vo2MaxValue":54.0,"maxMet":15.367950439453125,"maxMetCategory":"GENERIC","calibratedData":1},{"userProfilePK":87578117,"calendarDate":"2022-02-20","deviceId":3324959462,"updateTimestamp":"2022-02-20T14:14:41.0","sport":"CYCLING","subSport":"GENERIC","vo2MaxValue":56.0,"maxMet":16.081527709960938,"maxMetCategory":"CYCLING","calibratedData":1},{"userProfilePK":87578117,"calendarDate":"2022-02-21","deviceId":3324959462,"updateTimestamp":"2022-02-21T12:32:56.0","sport":"RUNNING","subSport":"GENERIC","vo2MaxValue":54.0,"maxMet":15.417938232421875,"maxMetCategory":"GENERIC","calibratedData":1},{"userProfilePK":87578117,"calendarDate":"2022-02-23","deviceId":3324959462,"updateTimestamp":"2022-02-23T12:13:58.0","sport":"RUNNING","subSport":"GENERIC","vo2MaxValue":54.0,"maxMet":15.44879150390625,"maxMetCategory":"GENERIC","calibratedData":1},{"userProfilePK":87578117,"calendarDate":"2022-02-25","deviceId":3324959462,"updateTimestamp":"2022-02-25T12:14:03.0","sport":"RUNNING","subSport":"GENERIC","vo2MaxValue":54.0,"maxMet":15.448577880859375,"maxMetCategory":"GENERIC","calibratedData":1},{"userProfilePK":87578117,"calendarDate":"2022-02-26","deviceId":3324959462,"updateTimestamp":"2022-02-26T17:50:11.0","sport":"RUNNING","subSport":"GENERIC","vo2MaxValue":54.0,"maxMet":15.415603637695312,"maxMetCategory":"GENERIC","calibratedData":1},{"userProfilePK":87578117,"calendarDate":"2022-02-27","deviceId":3324959462,"updateTimestamp":"2022-02-27T07:25:23.0","sport":"RUNNING","subSport":"GENERIC","vo2MaxValue":54.0,"maxMet":15.408401489257812,"maxMetCategory":"GENERIC","calibratedData":1},{"userProfilePK":87578117,"calendarDate":"2022-02-28","deviceId":3324959462,"updateTimestamp":"2022-02-28T11:45:57.0","sport":"RUNNING","subSport":"GENERIC","vo2MaxValue":54.0,"maxMet":15.496963500976562,"maxMetCategory":"GENERIC","calibratedData":1},{"userProfilePK":87578117,"calendarDate":"2022-03-01","deviceId":3324959462,"updateTimestamp":"2022-03-01T11:32:24.0","sport":"RUNNING","subSport":"GENERIC","vo2MaxValue":55.0,"maxMet":15.584426879882812,"maxMetCategory":"GENERIC","calibratedData":1},{"userProfilePK":87578117,"calendarDate":"2022-03-01","deviceId":3324959462,"updateTimestamp":"2022-03-01T12:24:32.0","sport":"RUNNING","subSport":"GENERIC","vo2MaxValue":55.0,"maxMet":15.588088989257812,"maxMetCategory":"GENERIC","calibratedData":1},{"userProfilePK":87578117,"calendarDate":"2022-03-02","deviceId":3324959462,"updateTimestamp":"2022-03-02T12:44:57.0","sport":"RUNNING","subSport":"GENERIC","vo2MaxValue":55.0,"maxMet":15.578231811523438,"maxMetCategory":"GENERIC","calibratedData":1},{"userProfilePK":87578117,"calendarDate":"2022-03-04","deviceId":3324959462,"updateTimestamp":"2022-03-04T12:47:18.0","sport":"RUNNING","subSport":"GENERIC","vo2MaxValue":55.0,"maxMet":15.583267211914062,"maxMetCategory":"GENERIC","calibratedData":1},{"userProfilePK":87578117,"calendarDate":"2022-03-06","deviceId":3324959462,"updateTimestamp":"2022-03-06T10:54:40.0","sport":"RUNNING","subSport":"GENERIC","vo2MaxValue":55.0,"maxMet":15.620864868164062,"maxMetCategory":"GENERIC","calibratedData":1},{"userProfilePK":87578117,"calendarDate":"2022-03-13","deviceId":3324959462,"updateTimestamp":"2022-03-13T20:29:06.0","sport":"RUNNING","subSport":"GENERIC","vo2MaxValue":55.0,"maxMet":15.657150268554688,"maxMetCategory":"GENERIC","calibratedData":1}]