[{"userProfilePK":87578117,"calendarDate":"2021-08-26","deviceId":3324959462,"updateTimestamp":"2021-08-26T10:49:46.0","sport":"RUNNING","subSport":"GENERIC","vo2MaxValue":49.0,"fitnessAge":"21","fitnessAgeDescription":"2","analyzerMethod":5,"maxMet":13.975448608398438,"maxMetCategory":"GENERIC","calibratedData":1},{"userProfilePK":87578117,"calendarDate":"2021-08-31","deviceId":3324959462,"updateTimestamp":"2021-08-31T05:20:31.0","sport":"RUNNING","subSport":"GENERIC","vo2MaxValue":49.0,"fitnessAge":"21","fitnessAgeDescription":"2","analyzerMethod":5,"maxMet":14.0325927734375,"maxMetCategory":"GENERIC","calibratedData":1},{"userProfilePK":87578117,"calendarDate":"2021-09-18","deviceId":3324959462,"updateTimestamp":"2021-09-18T17:52:37.0","sport":"RUNNING","subSport":"GENERIC","vo2MaxValue":49.0,"fitnessAge":"21","fitnessAgeDescription":"2","analyzerMethod":5,"maxMet":14.024032592773438,"maxMetCategory":"GENERIC","calibratedData":1},{"userProfilePK":87578117,"calendarDate":"2021-09-19","deviceId":3324959462,"updateTimestamp":"2021-09-19T18:46:09.0","sport":"RUNNING","subSport":"GENERIC","vo2MaxValue":49.0,"fitnessAge":"22","fitnessAgeDescription":"2","analyzerMethod":5,"maxMet":13.911026000976562,"maxMetCategory":"GENERIC","calibratedData":1},{"userProfilePK":87578117,"calendarDate":"2021-09-21","deviceId":3324959462,"updateTimestamp":"2021-09-21T18:50:09.0","sport":"RUNNING","subSport":"GENERIC","vo2MaxValue":49.0,"fitnessAge":"21","fitnessAgeDescription":"2","analyzerMethod":5,"maxMet":13.961013793945312,"maxMetCategory":"GENERIC","calibratedData":1},{"userProfilePK":87578117,"calendarDate":"2021-09-23","deviceId":3324959462,"updateTimestamp":"2021-09-23T12:34:20.0","sport":"RUNNING","subSport":"GENERIC","vo2MaxValue":49.0,"fitnessAge":"22","fitnessAgeDescription":"2","analyzerMethod":5,"maxMet":13.9000244140625,"maxMetCategory":"GENERIC","calibratedData":1},{"userProfilePK":87578117,"calendarDate":"2021-09-25","deviceId":3324959462,"updateTimestamp":"2021-09-25T10:36:35.0","sport":"RUNNING","subSport":"GENERIC","vo2MaxValue":48.0,"fitnessAge":"23","fitnessAgeDescription":"2","analyzerMethod":5,"maxMet":13.844451904296875,"maxMetCategory":"GENERIC","calibratedData":1},{"userProfilePK":87578117,"calendarDate":"2021-09-30","deviceId":3324959462,"updateTimestamp":"2021-09-30T16:27:10.0","sport":"RUNNING","subSport":"GENERIC","vo2MaxValue":48.0,"fitnessAge":"23","fitnessAgeDescription":"2","analyzerMethod":5,"maxMet":13.82757568359375,"maxMetCategory":"GENERIC","calibratedData":1},{"userProfilePK":87578117,"calendarDate":"2021-10-02","deviceId":3324959462,"updateTimestamp":"2021-10-02T09:00:28.0","sport":"RUNNING","subSport":"GENERIC","vo2MaxValue":48.0,"fitnessAge":"20","maxMet":13.818023681640625,"maxMetCategory":"GENERIC","calibratedData":1},{"userProfilePK":87578117,"calendarDate":"2021-10-05","deviceId":3324959462,"updateTimestamp":"2021-10-05T16:19:09.0","sport":"RUNNING","subSport":"GENERIC","vo2MaxValue":48.0,"fitnessAge":"20","maxMet":13.789154052734375,"maxMetCategory":"GENERIC","calibratedData":1},{"userProfilePK":87578117,"calendarDate":"2021-10-07","deviceId":3324959462,"updateTimestamp":"2021-10-07T16:37:05.0","sport":"RUNNING","subSport":"GENERIC","vo2MaxValue":48.0,"fitnessAge":"20","maxMet":13.795928955078125,"maxMetCategory":"GENERIC","calibratedData":1},{"userProfilePK":87578117,"calendarDate":"2021-10-08","deviceId":3324959462,"updateTimestamp":"2021-10-08T16:11:49.0","sport":"RUNNING","subSport":"GENERIC","vo2MaxValue":48.0,"fitnessAge":"20","maxMet":13.760238647460938,"maxMetCategory":"GENERIC","calibratedData":1},{"userProfilePK":87578117,"calendarDate":"2021-10-10","deviceId":3324959462,"updateTimestamp":"2021-10-10T16:03:29.0","sport":"RUNNING","subSport":"GENERIC","vo2MaxValue":48.0,"fitnessAge":"20","maxMet":13.670425415039062,"maxMetCategory":"GENERIC","calibratedData":1},{"userProfilePK":87578117,"calendarDate":"2021-10-12","deviceId":3324959462,"updateTimestamp":"2021-10-12T16:19:57.0","sport":"RUNNING","subSport":"GENERIC","vo2MaxValue":48.0,"fitnessAge":"20","maxMet":13.720413208007812,"maxMetCategory":"GENERIC","calibratedData":1},{"userProfilePK":87578117,"calendarDate":"2021-10-13","deviceId":3324959462,"updateTimestamp":"2021-10-13T18:57:06.0","sport":"RUNNING","subSport":"GENERIC","vo2MaxValue":48.0,"fitnessAge":"20","maxMet":13.77362060546875,"maxMetCategory":"GENERIC","calibratedData":1},{"userProfilePK":87578117,"calendarDate":"2021-10-14","deviceId":3324959462,"updateTimestamp":"2021-10-14T16:23:04.0","sport":"RUNNING","subSport":"GENERIC","vo2MaxValue":48.0,"fitnessAge":"20","maxMet":13.832305908203125,"maxMetCategory":"GENERIC","calibratedData":1},{"userProfilePK":87578117,"calendarDate":"2021-10-17","deviceId":3324959462,"updateTimestamp":"2021-10-17T09:19:52.0","sport":"RUNNING","subSport":"GENERIC","vo2MaxValue":48.0,"fitnessAge":"20","maxMet":13.850616455078125,"maxMetCategory":"GENERIC","calibratedData":1},{"userProfilePK":87578117,"calendarDate":"2021-10-19","deviceId":3324959462,"updateTimestamp":"2021-10-19T16:13:15.0","sport":"RUNNING","subSport":"GENERIC","vo2MaxValue":49.0,"fitnessAge":"20","maxMet":13.912063598632812,"maxMetCategory":"GENERIC","calibratedData":1},{"userProfilePK":87578117,"calendarDate":"2021-10-20","deviceId":3324959462,"updateTimestamp":"2021-10-20T05:45:11.0","sport":"RUNNING","subSport":"GENERIC","vo2MaxValue":49.0,"fitnessAge":"20","maxMet":13.962051391601562,"maxMetCategory":"GENERIC","calibratedData":1},{"userProfilePK":87578117,"calendarDate":"2021-10-21","deviceId":3324959462,"updateTimestamp":"2021-10-21T16:25:43.0","sport":"RUNNING","subSport":"GENERIC","vo2MaxValue":49.0,"fitnessAge":"20","maxMet":13.99029541015625,"maxMetCategory":"GENERIC","calibratedData":1},{"userProfilePK":87578117,"calendarDate":"2021-10-23","deviceId":3324959462,"updateTimestamp":"2021-10-23T16:28:34.0","sport":"RUNNING","subSport":"GENERIC","vo2MaxValue":49.0,"fitnessAge":"20","maxMet":13.967697143554688,"maxMetCategory":"GENERIC","calibratedData":1},{"userProfilePK":87578117,"calendarDate":"2021-10-24","deviceId":3324959462,"updateTimestamp":"2021-10-24T09:49:31.0","sport":"RUNNING","subSport":"GENERIC","vo2MaxValue":49.0,"fitnessAge":"20","maxMet":13.982101440429688,"maxMetCategory":"GENERIC","calibratedData":1},{"userProfilePK":87578117,"calendarDate":"2021-10-26","deviceId":3324959462,"updateTimestamp":"2021-10-26T16:14:42.0","sport":"RUNNING","subSport":"GENERIC","vo2MaxValue":50.0,"fitnessAge":"20","maxMet":14.21405029296875,"maxMetCategory":"GENERIC","calibratedData":1},{"userProfilePK":87578117,"calendarDate":"2021-10-28","deviceId":3324959462,"updateTimestamp":"2021-10-28T16:12:41.0","sport":"RUNNING","subSport":"GENERIC","vo2MaxValue":51.0,"fitnessAge":"20","maxMet":14.4388427734375,"maxMetCategory":"GENERIC","calibratedData":1},{"userProfilePK":87578117,"calendarDate":"2021-10-30","deviceId":3324959462,"updateTimestamp":"2021-10-30T17:56:33.0","sport":"RUNNING","subSport":"GENERIC","vo2MaxValue":51.0,"fitnessAge":"20","maxMet":14.496414184570312,"maxMetCategory":"GENERIC","calibratedData":1},{"userProfilePK":87578117,"calendarDate":"2021-11-02","deviceId":3324959462,"updateTimestamp":"2021-11-02T21:02:53.0","sport":"RUNNING","subSport":"GENERIC","vo2MaxValue":51.0,"fitnessAge":"20","maxMet":14.6290283203125,"maxMetCategory":"GENERIC","calibratedData":1},{"userProfilePK":87578117,"calendarDate":"2021-11-04","deviceId":3324959462,"updateTimestamp":"2021-11-04T16:58:03.0","sport":"RUNNING","subSport":"GENERIC","vo2MaxValue":51.0,"fitnessAge":"20","maxMet":14.676666259765625,"maxMetCategory":"GENERIC","calibratedData":1},{"userProfilePK":87578117,"calendarDate":"2021-11-09","deviceId":3324959462,"updateTimestamp":"2021-11-09T17:24:55.0","sport":"RUNNING","subSport":"GENERIC","vo2MaxValue":52.0,"fitnessAge":"20","maxMet":14.726654052734375,"maxMetCategory":"GENERIC","calibratedData":1},{"userProfilePK":87578117,"calendarDate":"2021-11-11","deviceId":3324959462,"updateTimestamp":"2021-11-11T16:21:49.0","sport":"RUNNING","subSport":"GENERIC","vo2MaxValue":52.0,"fitnessAge":"20","maxMet":14.74114990234375,"maxMetCategory":"GENERIC","calibratedData":1},{"userProfilePK":87578117,"calendarDate":"2021-11-16","deviceId":3324959462,"updateTimestamp":"2021-11-16T17:09:17.0","sport":"RUNNING","subSport":"GENERIC","vo2MaxValue":52.0,"fitnessAge":"20","maxMet":14.793609619140625,"maxMetCategory":"GENERIC","calibratedData":1},{"userProfilePK":87578117,"calendarDate":"2021-11-18","deviceId":3324959462,"updateTimestamp":"2021-11-18T17:01:04.0","sport":"RUNNING","subSport":"GENERIC","vo2MaxValue":52.0,"fitnessAge":"20","maxMet":14.9727783203125,"maxMetCategory":"GENERIC","calibratedData":1},{"userProfilePK":87578117,"calendarDate":"2021-11-19","deviceId":3324959462,"updateTimestamp":"2021-11-19T07:42:04.0","sport":"RUNNING","subSport":"GENERIC","vo2MaxValue":53.0,"fitnessAge":"20","maxMet":15.101776123046875,"maxMetCategory":"GENERIC","calibratedData":1},{"userProfilePK":87578117,"calendarDate":"2021-11-21","deviceId":3324959462,"updateTimestamp":"2021-11-21T19:03:03.0","sport":"RUNNING","subSport":"GENERIC","vo2MaxValue":53.0,"fitnessAge":"20","maxMet":15.173233032226562,"maxMetCategory":"GENERIC","calibratedData":1},{"userProfilePK":87578117,"calendarDate":"2021-11-25","deviceId":3324959462,"updateTimestamp":"2021-11-25T16:53:33.0","sport":"RUNNING","subSport":"GENERIC","vo2MaxValue":53.0,"fitnessAge":"20","maxMet":15.122848510742188,"maxMetCategory":"GENERIC","calibratedData":1},{"userProfilePK":87578117,"calendarDate":"2021-12-02","deviceId":3324959462,"updateTimestamp":"2021-12-02T16:55:39.0","sport":"RUNNING","subSport":"GENERIC","vo2MaxValue":53.0,"fitnessAge":"20","maxMet":15.109909057617188,"maxMetCategory":"GENERIC","calibratedData":1},{"userProfilePK":87578117,"calendarDate":"2021-12-03","deviceId":3324959462,"updateTimestamp":"2021-12-03T07:49:20.0","sport":"RUNNING","subSport":"GENERIC","vo2MaxValue":53.0,"fitnessAge":"20","maxMet":15.240402221679688,"maxMetCategory":"GENERIC","calibratedData":1}]