[{"userProfilePK":87578117,"calendarDate":"2022-03-13","deviceId":3324959462,"updateTimestamp":"2022-03-13T20:29:06.0","sport":"RUNNING","subSport":"GENERIC","vo2MaxValue":55.0,"maxMet":15.657150268554688,"maxMetCategory":"GENERIC","calibratedData":1},{"userProfilePK":87578117,"calendarDate":"2022-03-14","deviceId":3324959462,"updateTimestamp":"2022-03-14T12:44:01.0","sport":"RUNNING","subSport":"GENERIC","vo2MaxValue":55.0,"maxMet":15.64263916015625,"maxMetCategory":"GENERIC","calibratedData":1},{"userProfilePK":87578117,"calendarDate":"2022-03-15","deviceId":3324959462,"updateTimestamp":"2022-03-15T12:42:48.0","sport":"RUNNING","subSport":"GENERIC","vo2MaxValue":55.0,"maxMet":15.652420043945312,"maxMetCategory":"GENERIC","calibratedData":1},{"userProfilePK":87578117,"calendarDate":"2022-03-16","deviceId":3324959462,"updateTimestamp":"2022-03-16T11:35:57.0","sport":"RUNNING","subSport":"GENERIC","vo2MaxValue":55.0,"maxMet":15.700439453125,"maxMetCategory":"GENERIC","calibratedData":1},{"userProfilePK":87578117,"calendarDate":"2022-03-16","deviceId":3324959462,"updateTimestamp":"2022-03-16T12:42:19.0","sport":"RUNNING","subSport":"GENERIC","vo2MaxValue":55.0,"maxMet":15.7080078125,"maxMetCategory":"GENERIC","calibratedData":1},{"userProfilePK":87578117,"calendarDate":"2022-03-17","deviceId":3324959462,"updateTimestamp":"2022-03-17T07:24:18.0","sport":"RUNNING","subSport":"GENERIC","vo2MaxValue":55.0,"maxMet":15.750701904296875,"maxMetCategory":"GENERIC","calibratedData":1},{"userProfilePK":87578117,"calendarDate":"2022-03-18","deviceId":3324959462,"updateTimestamp":"2022-03-18T11:31:54.0","sport":"RUNNING","subSport":"GENERIC","vo2MaxValue":55.0,"maxMet":15.778945922851562,"maxMetCategory":"GENERIC","calibratedData":1},{"userProfilePK":87578117,"calendarDate":"2022-03-19","deviceId":3324959462,"updateTimestamp":"2022-03-19T11:06:04.0","sport":"CYCLING","subSport":"GENERIC","vo2MaxValue":56.0,"maxMet":16.1143798828125,"maxMetCategory":"CYCLING","calibratedData":1},{"userProfilePK":87578117,"calendarDate":"2022-03-19","deviceId":3324959462,"updateTimestamp":"2022-03-19T19:19:05.0","sport":"RUNNING","subSport":"GENERIC","vo2MaxValue":55.0,"maxMet":15.8167724609375,"maxMetCategory":"GENERIC","calibratedData":1},{"userProfilePK":87578117,"calendarDate":"2022-03-20","deviceId":3324959462,"updateTimestamp":"2022-03-20T18:58:49.0","sport":"RUNNING","subSport":"GENERIC","vo2MaxValue":55.0,"maxMet":15.773208618164062,"maxMetCategory":"GENERIC","calibratedData":1},{"userProfilePK":87578117,"calendarDate":"2022-03-22","deviceId":3324959462,"updateTimestamp":"2022-03-22T12:41:31.0","sport":"RUNNING","subSport":"GENERIC","vo2MaxValue":55.0,"maxMet":15.775314331054688,"maxMetCategory":"GENERIC","calibratedData":1},{"userProfilePK":87578117,"calendarDate":"2022-03-23","deviceId":3324959462,"updateTimestamp":"2022-03-23T11:29:05.0","sport":"RUNNING","subSport":"GENERIC","vo2MaxValue":55.0,"maxMet":15.787445068359375,"maxMetCategory":"GENERIC","calibratedData":1},{"userProfilePK":87578117,"calendarDate":"2022-03-23","deviceId":3324959462,"updateTimestamp":"2022-03-23T12:37:17.0","sport":"RUNNING","subSport":"GENERIC","vo2MaxValue":55.0,"maxMet":15.799392700195312,"maxMetCategory":"GENERIC","calibratedData":1},{"userProfilePK":87578117,"calendarDate":"2022-03-24","deviceId":3324959462,"updateTimestamp":"2022-03-24T20:09:28.0","sport":"RUNNING","subSport":"GENERIC","vo2MaxValue":55.0,"maxMet":15.792770385742188,"maxMetCategory":"GENERIC","calibratedData":1},{"userProfilePK":87578117,"calendarDate":"2022-03-25","deviceId":3324959462,"updateTimestamp":"2022-03-25T12:51:22.0","sport":"RUNNING","subSport":"GENERIC","vo2MaxValue":55.0,"maxMet":15.829116821289062,"maxMetCategory":"GENERIC","calibratedData":1},{"userProfilePK":87578117,"calendarDate":"2022-03-26","deviceId":3324959462,"updateTimestamp":"2022-03-26T18:33:10.0","sport":"RUNNING","subSport":"GENERIC","vo2MaxValue":55.0,"maxMet":15.77984619140625,"maxMetCategory":"GENERIC","calibratedData":1},{"userProfilePK":87578117,"calendarDate":"2022-03-27","deviceId":3324959462,"updateTimestamp":"2022-03-27T12:13:40.0","sport":"CYCLING","subSport":"GENERIC","vo2MaxValue":57.0,"maxMet":16.197174072265625,"maxMetCategory":"CYCLING","calibratedData":1},{"userProfilePK":87578117,"calendarDate":"2022-03-27","deviceId":3324959462,"updateTimestamp":"2022-03-27T14:28:48.0","sport":"RUNNING","subSport":"GENERIC","vo2MaxValue":55.0,"maxMet":15.762313842773438,"maxMetCategory":"GENERIC","calibratedData":1},{"userProfilePK":87578117,"calendarDate":"2022-03-30","deviceId":3324959462,"updateTimestamp":"2022-03-30T10:28:20.0","sport":"RUNNING","subSport":"GENERIC","vo2MaxValue":55.0,"maxMet":15.790252685546875,"maxMetCategory":"GENERIC","calibratedData":1},{"userProfilePK":87578117,"calendarDate":"2022-03-31","deviceId":3324959462,"updateTimestamp":"2022-03-31T18:14:30.0","sport":"RUNNING","subSport":"GENERIC","vo2MaxValue":55.0,"maxMet":15.805999755859375,"maxMetCategory":"GENERIC","calibratedData":1},{"userProfilePK":87578117,"calendarDate":"2022-04-01","deviceId":3324959462,"updateTimestamp":"2022-04-01T10:28:38.0","sport":"RUNNING","subSport":"GENERIC","vo2MaxValue":55.0,"maxMet":15.827728271484375,"maxMetCategory":"GENERIC","calibratedData":1},{"userProfilePK":87578117,"calendarDate":"2022-04-02","deviceId":3324959462,"updateTimestamp":"2022-04-02T18:53:38.0","sport":"RUNNING","subSport":"GENERIC","vo2MaxValue":56.0,"maxMet":15.860977172851562,"maxMetCategory":"GENERIC","calibratedData":1},{"userProfilePK":87578117,"calendarDate":"2022-04-03","deviceId":3324959462,"updateTimestamp":"2022-04-03T19:03:22.0","sport":"RUNNING","subSport":"GENERIC","vo2MaxValue":56.0,"maxMet":15.899658203125,"maxMetCategory":"GENERIC","calibratedData":1},{"userProfilePK":87578117,"calendarDate":"2022-04-04","deviceId":3324959462,"updateTimestamp":"2022-04-04T11:47:12.0","sport":"RUNNING","subSport":"GENERIC","vo2MaxValue":55.0,"maxMet":15.852813720703125,"maxMetCategory":"GENERIC","calibratedData":1},{"userProfilePK":87578117,"calendarDate":"2022-04-08","deviceId":3324959462,"updateTimestamp":"2022-04-08T10:27:11.0","sport":"RUNNING","subSport":"GENERIC","vo2MaxValue":56.0,"maxMet":15.872344970703125,"maxMetCategory":"GENERIC","calibratedData":1},{"userProfilePK":87578117,"calendarDate":"2022-04-08","deviceId":3324959462,"updateTimestamp":"2022-04-08T11:44:44.0","sport":"RUNNING","subSport":"GENERIC","vo2MaxValue":56.0,"maxMet":15.913589477539062,"maxMetCategory":"GENERIC","calibratedData":1},{"userProfilePK":87578117,"calendarDate":"2022-04-09","deviceId":3324959462,"updateTimestamp":"2022-04-09T12:07:50.0","sport":"CYCLING","subSport":"GENERIC","vo2MaxValue":57.0,"maxMet":16.247161865234375,"maxMetCategory":"CYCLING","calibratedData":1},{"userProfilePK":87578117,"calendarDate":"2022-04-10","deviceId":3324959462,"updateTimestamp":"2022-04-10T09:17:48.0","sport":"RUNNING","subSport":"GENERIC","vo2MaxValue":56.0,"maxMet":15.9481201171875,"maxMetCategory":"GENERIC","calibratedData":1},{"userProfilePK":87578117,"calendarDate":"2022-04-11","deviceId":3324959462,"updateTimestamp":"2022-04-11T06:59:59.0","sport":"CYCLING","subSport":"GENERIC","vo2MaxValue":57.0,"maxMet":16.297149658203125,"maxMetCategory":"CYCLING","calibratedData":1},{"userProfilePK":87578117,"calendarDate":"2022-04-12","deviceId":3324959462,"updateTimestamp":"2022-04-12T11:55:43.0","sport":"RUNNING","subSport":"GENERIC","vo2MaxValue":56.0,"maxMet":15.953414916992188,"maxMetCategory":"GENERIC","calibratedData":1},{"userProfilePK":87578117,"calendarDate":"2022-04-12","deviceId":3324959462,"updateTimestamp":"2022-04-12T16:15:47.0","sport":"CYCLING","subSport":"GENERIC","vo2MaxValue":57.0,"maxMet":16.347137451171875,"maxMetCategory":"CYCLING","calibratedData":1},{"userProfilePK":87578117,"calendarDate":"2022-04-13","deviceId":3324959462,"updateTimestamp":"2022-04-13T12:09:10.0","sport":"RUNNING","subSport":"GENERIC","vo2MaxValue":56.0,"maxMet":15.960494995117188,"maxMetCategory":"GENERIC","calibratedData":1},{"userProfilePK":87578117,"calendarDate":"2022-04-15","deviceId":3324959462,"updateTimestamp":"2022-04-15T11:58:41.0","sport":"RUNNING","subSport":"GENERIC","vo2MaxValue":56.0,"maxMet":15.955795288085938,"maxMetCategory":"GENERIC","calibratedData":1},{"userProfilePK":87578117,"calendarDate":"2022-04-15","deviceId":3324959462,"updateTimestamp":"2022-04-15T15:57:00.0","sport":"CYCLING","subSport":"GENERIC","vo2MaxValue":57.0,"maxMet":16.397125244140625,"maxMetCategory":"CYCLING","calibratedData":1},{"userProfilePK":87578117,"calendarDate":"2022-04-16","deviceId":3324959462,"updateTimestamp":"2022-04-16T08:59:45.0","sport":"CYCLING","subSport":"GENERIC","vo2MaxValue":58.0,"maxMet":16.484375,"maxMetCategory":"CYCLING","calibratedData":1},{"userProfilePK":87578117,"calendarDate":"2022-04-16","deviceId":3324959462,"updateTimestamp":"2022-04-16T18:38:18.0","sport":"CYCLING","subSport":"GENERIC","vo2MaxValue":58.0,"maxMet":16.59735107421875,"maxMetCategory":"CYCLING","calibratedData":1},{"userProfilePK":87578117,"calendarDate":"2022-04-17","deviceId":3324959462,"updateTimestamp":"2022-04-17T20:14:06.0","sport":"RUNNING","subSport":"GENERIC","vo2MaxValue":56.0,"maxMet":16.04095458984375,"maxMetCategory":"GENERIC","calibratedData":1},{"userProfilePK":87578117,"calendarDate":"2022-04-23","deviceId":3324959462,"updateTimestamp":"2022-04-23T17:56:32.0","sport":"RUNNING","subSport":"GENERIC","vo2MaxValue":56.0,"maxMet":16.072555541992188,"maxMetCategory":"GENERIC","calibratedData":1},{"userProfilePK":87578117,"calendarDate":"2022-04-24","deviceId":3324959462,"updateTimestamp":"2022-04-24T17:43:35.0","sport":"CYCLING","subSport":"GENERIC","vo2MaxValue":59.0,"maxMet":16.843978881835938,"maxMetCategory":"CYCLING","calibratedData":1},{"userProfilePK":87578117,"calendarDate":"2022-04-24","deviceId":3324959462,"updateTimestamp":"2022-04-24T18:19:39.0","sport":"RUNNING","subSport":"GENERIC","vo2MaxValue":56.0,"maxMet":16.026947021484375,"maxMetCategory":"GENERIC","calibratedData":1},{"userProfilePK":87578117,"calendarDate":"2022-04-25","deviceId":3324959462,"updateTimestamp":"2022-04-25T10:30:08.0","sport":"RUNNING","subSport":"GENERIC","vo2MaxValue":56.0,"maxMet":16.069793701171875,"maxMetCategory":"GENERIC","calibratedData":1},{"userProfilePK":87578117,"calendarDate":"2022-04-26","deviceId":3324959462,"updateTimestamp":"2022-04-26T11:47:05.0","sport":"RUNNING","subSport":"GENERIC","vo2MaxValue":56.0,"maxMet":16.05267333984375,"maxMetCategory":"GENERIC","calibratedData":1},{"userProfilePK":87578117,"calendarDate":"2022-04-26","deviceId":3324959462,"updateTimestamp":"2022-04-26T16:06:43.0","sport":"CYCLING","subSport":"GENERIC","vo2MaxValue":59.0,"maxMet":16.8720703125,"maxMetCategory":"CYCLING","calibratedData":1},{"userProfilePK":87578117,"calendarDate":"2022-04-27","deviceId":3324959462,"updateTimestamp":"2022-04-27T18:04:15.0","sport":"RUNNING","subSport":"GENERIC","vo2MaxValue":56.0,"maxMet":16.06787109375,"maxMetCategory":"GENERIC","calibratedData":1},{"userProfilePK":87578117,"calendarDate":"2022-04-29","deviceId":3324959462,"updateTimestamp":"2022-04-29T06:52:59.0","sport":"CYCLING","subSport":"GENERIC","vo2MaxValue":59.0,"maxMet":16.92205810546875,"maxMetCategory":"CYCLING","calibratedData":1},{"userProfilePK":87578117,"calendarDate":"2022-04-29","deviceId":3324959462,"updateTimestamp":"2022-04-29T10:34:01.0","sport":"RUNNING","subSport":"GENERIC","vo2MaxValue":56.0,"maxMet":16.124374389648438,"maxMetCategory":"GENERIC","calibratedData":1},{"userProfilePK":87578117,"calendarDate":"2022-04-29","deviceId":3324959462,"updateTimestamp":"2022-04-29T11:46:55.0","sport":"RUNNING","subSport":"GENERIC","vo2MaxValue":56.0,"maxMet":16.124374389648438,"maxMetCategory":"GENERIC","calibratedData":1},{"userProfilePK":87578117,"calendarDate":"2022-04-30","deviceId":3324959462,"updateTimestamp":"2022-04-30T19:01:44.0","sport":"RUNNING","subSport":"GENERIC","vo2MaxValue":56.0,"maxMet":16.10919189453125,"maxMetCategory":"GENERIC","calibratedData":1},{"userProfilePK":87578117,"calendarDate":"2022-05-01","deviceId":3324959462,"updateTimestamp":"2022-05-01T18:11:37.0","sport":"RUNNING","subSport":"GENERIC","vo2MaxValue":56.0,"maxMet":16.13092041015625,"maxMetCategory":"GENERIC","calibratedData":1},{"userProfilePK":87578117,"calendarDate":"2022-05-02","deviceId":3324959462,"updateTimestamp":"2022-05-02T10:39:26.0","sport":"RUNNING","subSport":"GENERIC","vo2MaxValue":57.0,"maxMet":16.1837158203125,"maxMetCategory":"GENERIC","calibratedData":1},{"userProfilePK":87578117,"calendarDate":"2022-05-03","deviceId":3324959462,"updateTimestamp":"2022-05-03T11:40:20.0","sport":"RUNNING","subSport":"GENERIC","vo2MaxValue":57.0,"maxMet":16.17205810546875,"maxMetCategory":"GENERIC","calibratedData":1},{"userProfilePK":87578117,"calendarDate":"2022-05-04","deviceId":3324959462,"updateTimestamp":"2022-05-04T18:38:54.0","sport":"RUNNING","subSport":"GENERIC","vo2MaxValue":57.0,"maxMet":16.179580688476562,"maxMetCategory":"GENERIC","calibratedData":1},{"userProfilePK":87578117,"calendarDate":"2022-05-06","deviceId":3324959462,"updateTimestamp":"2022-05-06T14:48:44.0","sport":"RUNNING","subSport":"GENERIC","vo2MaxValue":57.0,"maxMet":16.25396728515625,"maxMetCategory":"GENERIC","calibratedData":1},{"userProfilePK":87578117,"calendarDate":"2022-05-08","deviceId":3324959462,"updateTimestamp":"2022-05-08T18:30:18.0","sport":"RUNNING","subSport":"GENERIC","vo2MaxValue":57.0,"maxMet":16.221755981445312,"maxMetCategory":"GENERIC","calibratedData":1},{"userProfilePK":87578117,"calendarDate":"2022-05-09","deviceId":3324959462,"updateTimestamp":"2022-05-09T15:50:14.0","sport":"RUNNING","subSport":"GENERIC","vo2MaxValue":57.0,"maxMet":16.211380004882812,"maxMetCategory":"GENERIC","calibratedData":1},{"userProfilePK":87578117,"calendarDate":"2022-05-11","deviceId":3324959462,"updateTimestamp":"2022-05-11T20:01:04.0","sport":"RUNNING","subSport":"GENERIC","vo2MaxValue":57.0,"maxMet":16.161773681640625,"maxMetCategory":"GENERIC","calibratedData":1},{"userProfilePK":87578117,"calendarDate":"2022-05-13","deviceId":3324959462,"updateTimestamp":"2022-05-13T20:04:50.0","sport":"RUNNING","subSport":"GENERIC","vo2MaxValue":57.0,"maxMet":16.2734375,"maxMetCategory":"GENERIC","calibratedData":1},{"userProfilePK":87578117,"calendarDate":"2022-05-15","deviceId":3324959462,"updateTimestamp":"2022-05-15T14:54:05.0","sport":"RUNNING","subSport":"GENERIC","vo2MaxValue":57.0,"maxMet":16.251663208007812,"maxMetCategory":"GENERIC","calibratedData":1},{"userProfilePK":87578117,"calendarDate":"2022-05-17","deviceId":3324959462,"updateTimestamp":"2022-05-17T03:13:16.0","sport":"CYCLING","subSport":"GENERIC","vo2MaxValue":60.0,"maxMet":17.00250244140625,"maxMetCategory":"CYCLING","calibratedData":1},{"userProfilePK":87578117,"calendarDate":"2022-05-18","deviceId":3324959462,"updateTimestamp":"2022-05-18T20:07:53.0","sport":"RUNNING","subSport":"GENERIC","vo2MaxValue":57.0,"maxMet":16.167251586914062,"maxMetCategory":"GENERIC","calibratedData":1},{"userProfilePK":87578117,"calendarDate":"2022-05-21","deviceId":3324959462,"updateTimestamp":"2022-05-21T15:09:02.0","sport":"CYCLING","subSport":"GENERIC","vo2MaxValue":59.0,"maxMet":16.841384887695312,"maxMetCategory":"CYCLING","calibratedData":1},{"userProfilePK":87578117,"calendarDate":"2022-05-22","deviceId":3324959462,"updateTimestamp":"2022-05-22T15:41:52.0","sport":"RUNNING","subSport":"GENERIC","vo2MaxValue":57.0,"maxMet":16.159027099609375,"maxMetCategory":"GENERIC","calibratedData":1},{"userProfilePK":87578117,"calendarDate":"2022-05-23","deviceId":3324959462,"updateTimestamp":"2022-05-23T07:19:34.0","sport":"CYCLING","subSport":"GENERIC","vo2MaxValue":59.0,"maxMet":16.854141235351562,"maxMetCategory":"CYCLING","calibratedData":1},{"userProfilePK":87578117,"calendarDate":"2022-05-23","deviceId":3324959462,"updateTimestamp":"2022-05-23T10:27:57.0","sport":"RUNNING","subSport":"GENERIC","vo2MaxValue":57.0,"maxMet":16.153091430664062,"maxMetCategory":"GENERIC","calibratedData":1},{"userProfilePK":87578117,"calendarDate":"2022-05-23","deviceId":3324959462,"updateTimestamp":"2022-05-23T11:48:48.0","sport":"RUNNING","subSport":"GENERIC","vo2MaxValue":57.0,"maxMet":16.153091430664062,"maxMetCategory":"GENERIC","calibratedData":1},{"userProfilePK":87578117,"calendarDate":"2022-05-24","deviceId":3324959462,"updateTimestamp":"2022-05-24T11:18:14.0","sport":"RUNNING","subSport":"GENERIC","vo2MaxValue":57.0,"maxMet":16.150405883789062,"maxMetCategory":"GENERIC","calibratedData":1},{"userProfilePK":87578117,"calendarDate":"2022-05-26","deviceId":3324959462,"updateTimestamp":"2022-05-26T11:26:44.0","sport":"RUNNING","subSport":"GENERIC","vo2MaxValue":57.0,"maxMet":16.17242431640625,"maxMetCategory":"GENERIC","calibratedData":1},{"userProfilePK":87578117,"calendarDate":"2022-05-26","deviceId":3324959462,"updateTimestamp":"2022-05-26T18:23:43.0","sport":"CYCLING","subSport":"GENERIC","vo2MaxValue":59.0,"maxMet":16.973892211914062,"maxMetCategory":"CYCLING","calibratedData":1},{"userProfilePK":87578117,"calendarDate":"2022-05-28","deviceId":3324959462,"updateTimestamp":"2022-05-28T12:09:44.0","sport":"CYCLING","subSport":"GENERIC","vo2MaxValue":60.0,"maxMet":17.11297607421875,"maxMetCategory":"CYCLING","calibratedData":1},{"userProfilePK":87578117,"calendarDate":"2022-05-30","deviceId":3324959462,"updateTimestamp":"2022-05-30T11:29:41.0","sport":"RUNNING","subSport":"GENERIC","vo2MaxValue":57.0,"maxMet":16.184158325195312,"maxMetCategory":"GENERIC","calibratedData":1},{"userProfilePK":87578117,"calendarDate":"2022-05-31","deviceId":3324959462,"updateTimestamp":"2022-05-31T11:43:11.0","sport":"RUNNING","subSport":"GENERIC","vo2MaxValue":57.0,"maxMet":16.179794311523438,"maxMetCategory":"GENERIC","calibratedData":1},{"userProfilePK":87578117,"calendarDate":"2022-06-01","deviceId":3324959462,"updateTimestamp":"2022-06-01T08:35:09.0","sport":"CYCLING","subSport":"GENERIC","vo2MaxValue":60.0,"maxMet":17.121856689453125,"maxMetCategory":"CYCLING","calibratedData":1},{"userProfilePK":87578117,"calendarDate":"2022-06-01","deviceId":3324959462,"updateTimestamp":"2022-06-01T10:35:15.0","sport":"RUNNING","subSport":"GENERIC","vo2MaxValue":57.0,"maxMet":16.191360473632812,"maxMetCategory":"GENERIC","calibratedData":1},{"userProfilePK":87578117,"calendarDate":"2022-06-01","deviceId":3324959462,"updateTimestamp":"2022-06-01T11:50:02.0","sport":"RUNNING","subSport":"GENERIC","vo2MaxValue":57.0,"maxMet":16.191360473632812,"maxMetCategory":"GENERIC","calibratedData":1},{"userProfilePK":87578117,"calendarDate":"2022-06-03","deviceId":3324959462,"updateTimestamp":"2022-06-03T07:35:16.0","sport":"CYCLING","subSport":"GENERIC","vo2MaxValue":60.0,"maxMet":17.130752563476562,"maxMetCategory":"CYCLING","calibratedData":1},{"userProfilePK":87578117,"calendarDate":"2022-06-03","deviceId":3324959462,"updateTimestamp":"2022-06-03T11:44:32.0","sport":"RUNNING","subSport":"GENERIC","vo2MaxValue":57.0,"maxMet":16.169754028320312,"maxMetCategory":"GENERIC","calibratedData":1},{"userProfilePK":87578117,"calendarDate":"2022-06-03","deviceId":3324959462,"updateTimestamp":"2022-06-03T15:25:46.0","sport":"CYCLING","subSport":"GENERIC","vo2MaxValue":60.0,"maxMet":17.131759643554688,"maxMetCategory":"CYCLING","calibratedData":1},{"userProfilePK":87578117,"calendarDate":"2022-06-06","deviceId":3324959462,"updateTimestamp":"2022-06-06T17:59:46.0","sport":"RUNNING","subSport":"GENERIC","vo2MaxValue":56.0,"maxMet":16.0616455078125,"maxMetCategory":"GENERIC","calibratedData":1},{"userProfilePK":87578117,"calendarDate":"2022-06-07","deviceId":3324959462,"updateTimestamp":"2022-06-07T10:24:59.0","sport":"RUNNING","subSport":"GENERIC","vo2MaxValue":56.0,"maxMet":16.062911987304688,"maxMetCategory":"GENERIC","calibratedData":1},{"userProfilePK":87578117,"calendarDate":"2022-06-07","deviceId":3324959462,"updateTimestamp":"2022-06-07T11:44:56.0","sport":"RUNNING","subSport":"GENERIC","vo2MaxValue":56.0,"maxMet":16.062911987304688,"maxMetCategory":"GENERIC","calibratedData":1},{"userProfilePK":87578117,"calendarDate":"2022-06-08","deviceId":3324959462,"updateTimestamp":"2022-06-08T07:01:33.0","sport":"CYCLING","subSport":"GENERIC","vo2MaxValue":60.0,"maxMet":17.127716064453125,"maxMetCategory":"CYCLING","calibratedData":1},{"userProfilePK":87578117,"calendarDate":"2022-06-08","deviceId":3324959462,"updateTimestamp":"2022-06-08T11:48:44.0","sport":"RUNNING","subSport":"GENERIC","vo2MaxValue":56.0,"maxMet":16.066680908203125,"maxMetCategory":"GENERIC","calibratedData":1},{"userProfilePK":87578117,"calendarDate":"2022-06-09","deviceId":3324959462,"updateTimestamp":"2022-06-09T06:54:34.0","sport":"CYCLING","subSport":"GENERIC","vo2MaxValue":60.0,"maxMet":17.133453369140625,"maxMetCategory":"CYCLING","calibratedData":1},{"userProfilePK":87578117,"calendarDate":"2022-06-10","deviceId":3324959462,"updateTimestamp":"2022-06-10T07:04:22.0","sport":"CYCLING","subSport":"GENERIC","vo2MaxValue":60.0,"maxMet":17.139495849609375,"maxMetCategory":"CYCLING","calibratedData":1},{"userProfilePK":87578117,"calendarDate":"2022-06-10","deviceId":3324959462,"updateTimestamp":"2022-06-10T10:35:07.0","sport":"RUNNING","subSport":"GENERIC","vo2MaxValue":56.0,"maxMet":16.065353393554688,"maxMetCategory":"GENERIC","calibratedData":1},{"userProfilePK":87578117,"calendarDate":"2022-06-10","deviceId":3324959462,"updateTimestamp":"2022-06-10T11:52:05.0","sport":"RUNNING","subSport":"GENERIC","vo2MaxValue":56.0,"maxMet":16.065353393554688,"maxMetCategory":"GENERIC","calibratedData":1},{"userProfilePK":87578117,"calendarDate":"2022-06-10","deviceId":3324959462,"updateTimestamp":"2022-06-10T16:08:34.0","sport":"CYCLING","subSport":"GENERIC","vo2MaxValue":60.0,"maxMet":17.142730712890625,"maxMetCategory":"CYCLING","calibratedData":1},{"userProfilePK":87578117,"calendarDate":"2022-06-11","deviceId":3324959462,"updateTimestamp":"2022-06-11T11:57:23.0","sport":"CYCLING","subSport":"GENERIC","vo2MaxValue":60.0,"maxMet":17.134017944335938,"maxMetCategory":"CYCLING","calibratedData":1},{"userProfilePK":87578117,"calendarDate":"2022-06-11","deviceId":3324959462,"updateTimestamp":"2022-06-11T14:12:12.0","sport":"RUNNING","subSport":"GENERIC","vo2MaxValue":56.0,"maxMet":16.058135986328125,"maxMetCategory":"GENERIC","calibratedData":1},{"userProfilePK":87578117,"calendarDate":"2022-06-13","deviceId":3324959462,"updateTimestamp":"2022-06-13T07:00:50.0","sport":"CYCLING","subSport":"GENERIC","vo2MaxValue":60.0,"maxMet":17.143783569335938,"maxMetCategory":"CYCLING","calibratedData":1},{"userProfilePK":87578117,"calendarDate":"2022-06-13","deviceId":3324959462,"updateTimestamp":"2022-06-13T10:36:54.0","sport":"RUNNING","subSport":"GENERIC","vo2MaxValue":56.0,"maxMet":16.058242797851562,"maxMetCategory":"GENERIC","calibratedData":1},{"userProfilePK":87578117,"calendarDate":"2022-06-13","deviceId":3324959462,"updateTimestamp":"2022-06-13T11:51:14.0","sport":"RUNNING","subSport":"GENERIC","vo2MaxValue":56.0,"maxMet":16.058242797851562,"maxMetCategory":"GENERIC","calibratedData":1},{"userProfilePK":87578117,"calendarDate":"2022-06-14","deviceId":3324959462,"updateTimestamp":"2022-06-14T07:05:43.0","sport":"CYCLING","subSport":"GENERIC","vo2MaxValue":60.0,"maxMet":17.144393920898438,"maxMetCategory":"CYCLING","calibratedData":1},{"userProfilePK":87578117,"calendarDate":"2022-06-14","deviceId":3324959462,"updateTimestamp":"2022-06-14T11:41:38.0","sport":"RUNNING","subSport":"GENERIC","vo2MaxValue":56.0,"maxMet":16.054901123046875,"maxMetCategory":"GENERIC","calibratedData":1},{"userProfilePK":87578117,"calendarDate":"2022-06-15","deviceId":3324959462,"updateTimestamp":"2022-06-15T06:59:16.0","sport":"CYCLING","subSport":"GENERIC","vo2MaxValue":60.0,"maxMet":17.150787353515625,"maxMetCategory":"CYCLING","calibratedData":1},{"userProfilePK":87578117,"calendarDate":"2022-06-15","deviceId":3324959462,"updateTimestamp":"2022-06-15T10:25:00.0","sport":"RUNNING","subSport":"GENERIC","vo2MaxValue":56.0,"maxMet":16.053329467773438,"maxMetCategory":"GENERIC","calibratedData":1},{"userProfilePK":87578117,"calendarDate":"2022-06-15","deviceId":3324959462,"updateTimestamp":"2022-06-15T11:50:08.0","sport":"RUNNING","subSport":"GENERIC","vo2MaxValue":56.0,"maxMet":16.053329467773438,"maxMetCategory":"GENERIC","calibratedData":1},{"userProfilePK":87578117,"calendarDate":"2022-06-15","deviceId":3324959462,"updateTimestamp":"2022-06-15T16:05:58.0","sport":"CYCLING","subSport":"GENERIC","vo2MaxValue":60.0,"maxMet":17.150787353515625,"maxMetCategory":"CYCLING","calibratedData":1}]