[{"userProfilePK":87578117,"calendarDate":"2021-05-30","deviceId":3324959462,"updateTimestamp":"2021-05-30T16:16:29.0","sport":"RUNNING","subSport":"GENERIC","vo2MaxValue":51.0,"fitnessAge":"20","fitnessAgeDescription":"2","analyzerMethod":5,"maxMet":14.498306274414062,"maxMetCategory":"GENERIC","calibratedData":1},{"userProfilePK":87578117,"calendarDate":"2021-06-12","deviceId":3324959462,"updateTimestamp":"2021-06-12T09:45:43.0","sport":"RUNNING","subSport":"GENERIC","vo2MaxValue":51.0,"fitnessAge":"20","fitnessAgeDescription":"2","analyzerMethod":5,"maxMet":14.43829345703125,"maxMetCategory":"GENERIC","calibratedData":1},{"userProfilePK":87578117,"calendarDate":"2021-06-17","deviceId":3324959462,"updateTimestamp":"2021-06-17T11:46:28.0","sport":"RUNNING","subSport":"GENERIC","vo2MaxValue":51.0,"fitnessAge":"20","fitnessAgeDescription":"2","analyzerMethod":5,"maxMet":14.434646606445312,"maxMetCategory":"GENERIC","calibratedData":1},{"userProfilePK":87578117,"calendarDate":"2021-06-22","deviceId":3324959462,"updateTimestamp":"2021-06-22T12:10:08.0","sport":"RUNNING","subSport":"GENERIC","vo2MaxValue":50.0,"fitnessAge":"20","fitnessAgeDescription":"2","analyzerMethod":5,"maxMet":14.384628295898438,"maxMetCategory":"GENERIC","calibratedData":1},{"userProfilePK":87578117,"calendarDate":"2021-07-01","deviceId":3324959462,"updateTimestamp":"2021-07-01T12:15:05.0","sport":"RUNNING","subSport":"GENERIC","vo2MaxValue":50.0,"fitnessAge":"20","fitnessAgeDescription":"2","analyzerMethod":5,"maxMet":14.334609985351562,"maxMetCategory":"GENERIC","calibratedData":1},{"userProfilePK":87578117,"calendarDate":"2021-07-02","deviceId":3324959462,"updateTimestamp":"2021-07-02T11:57:09.0","sport":"RUNNING","subSport":"GENERIC","vo2MaxValue":50.0,"fitnessAge":"20","fitnessAgeDescription":"2","analyzerMethod":5,"maxMet":14.284591674804688,"maxMetCategory":"GENERIC","calibratedData":1},{"userProfilePK":87578117,"calendarDate":"2021-07-03","deviceId":3324959462,"updateTimestamp":"2021-07-03T09:59:07.0","sport":"RUNNING","subSport":"GENERIC","vo2MaxValue":50.0,"fitnessAge":"20","fitnessAgeDescription":"2","analyzerMethod":5,"maxMet":14.248519897460938,"maxMetCategory":"GENERIC","calibratedData":1},{"userProfilePK":87578117,"calendarDate":"2021-07-04","deviceId":3324959462,"updateTimestamp":"2021-07-04T07:03:52.0","sport":"RUNNING","subSport":"GENERIC","vo2MaxValue":50.0,"fitnessAge":"20","fitnessAgeDescription":"2","analyzerMethod":5,"maxMet":14.260284423828125,"maxMetCategory":"GENERIC","calibratedData":1},{"userProfilePK":87578117,"calendarDate":"2021-07-07","deviceId":3324959462,"updateTimestamp":"2021-07-07T11:54:10.0","sport":"RUNNING","subSport":"GENERIC","vo2MaxValue":50.0,"fitnessAge":"20","fitnessAgeDescription":"2","analyzerMethod":5,"maxMet":14.21026611328125,"maxMetCategory":"GENERIC","calibratedData":1},{"userProfilePK":87578117,"calendarDate":"2021-07-08","deviceId":3324959462,"updateTimestamp":"2021-07-08T12:12:47.0","sport":"RUNNING","subSport":"GENERIC","vo2MaxValue":50.0,"fitnessAge":"20","fitnessAgeDescription":"2","analyzerMethod":5,"maxMet":14.160247802734375,"maxMetCategory":"GENERIC","calibratedData":1},{"userProfilePK":87578117,"calendarDate":"2021-07-14","deviceId":3324959462,"updateTimestamp":"2021-07-14T16:40:10.0","sport":"RUNNING","subSport":"GENERIC","vo2MaxValue":50.0,"fitnessAge":"20","fitnessAgeDescription":"2","analyzerMethod":5,"maxMet":14.183990478515625,"maxMetCategory":"GENERIC","calibratedData":1},{"userProfilePK":87578117,"calendarDate":"2021-07-15","deviceId":3324959462,"updateTimestamp":"2021-07-15T16:06:11.0","sport":"RUNNING","subSport":"GENERIC","vo2MaxValue":50.0,"fitnessAge":"20","fitnessAgeDescription":"2","analyzerMethod":5,"maxMet":14.161605834960938,"maxMetCategory":"GENERIC","calibratedData":1},{"userProfilePK":87578117,"calendarDate":"2021-07-17","deviceId":3324959462,"updateTimestamp":"2021-07-17T08:27:46.0","sport":"RUNNING","subSport":"GENERIC","vo2MaxValue":49.0,"fitnessAge":"20","fitnessAgeDescription":"2","analyzerMethod":5,"maxMet":14.121109008789062,"maxMetCategory":"GENERIC","calibratedData":1},{"userProfilePK":87578117,"calendarDate":"2021-07-20","deviceId":3324959462,"updateTimestamp":"2021-07-20T16:06:27.0","sport":"RUNNING","subSport":"GENERIC","vo2MaxValue":49.0,"fitnessAge":"20","fitnessAgeDescription":"2","analyzerMethod":5,"maxMet":14.071090698242188,"maxMetCategory":"GENERIC","calibratedData":1},{"userProfilePK":87578117,"calendarDate":"2021-07-30","deviceId":3324959462,"updateTimestamp":"2021-07-30T07:33:33.0","sport":"RUNNING","subSport":"GENERIC","vo2MaxValue":49.0,"fitnessAge":"20","fitnessAgeDescription":"2","analyzerMethod":5,"maxMet":14.0816650390625,"maxMetCategory":"GENERIC","calibratedData":1},{"userProfilePK":87578117,"calendarDate":"2021-07-30","deviceId":3324959462,"updateTimestamp":"2021-07-30T13:27:16.0","sport":"RUNNING","subSport":"GENERIC","vo2MaxValue":49.0,"fitnessAge":"20","fitnessAgeDescription":"2","analyzerMethod":5,"maxMet":14.0816650390625,"maxMetCategory":"GENERIC","calibratedData":1},{"userProfilePK":87578117,"calendarDate":"2021-08-05","deviceId":3324959462,"updateTimestamp":"2021-08-05T19:20:33.0","sport":"RUNNING","subSport":"GENERIC","vo2MaxValue":49.0,"fitnessAge":"20","fitnessAgeDescription":"2","analyzerMethod":5,"maxMet":14.091812133789062,"maxMetCategory":"GENERIC","calibratedData":1},{"userProfilePK":87578117,"calendarDate":"2021-08-06","deviceId":3324959462,"updateTimestamp":"2021-08-06T08:27:24.0","sport":"RUNNING","subSport":"GENERIC","vo2MaxValue":49.0,"fitnessAge":"21","fitnessAgeDescription":"2","analyzerMethod":5,"maxMet":14.050399780273438,"maxMetCategory":"GENERIC","calibratedData":1},{"userProfilePK":87578117,"calendarDate":"2021-08-07","deviceId":3324959462,"updateTimestamp":"2021-08-07T17:43:16.0","sport":"RUNNING","subSport":"GENERIC","vo2MaxValue":49.0,"fitnessAge":"20","fitnessAgeDescription":"2","analyzerMethod":5,"maxMet":14.06866455078125,"maxMetCategory":"GENERIC","calibratedData":1},{"userProfilePK":87578117,"calendarDate":"2021-08-09","deviceId":3324959462,"updateTimestamp":"2021-08-09T04:38:37.0","sport":"RUNNING","subSport":"GENERIC","vo2MaxValue":49.0,"fitnessAge":"20","fitnessAgeDescription":"2","analyzerMethod":5,"maxMet":14.072662353515625,"maxMetCategory":"GENERIC","calibratedData":1},{"userProfilePK":87578117,"calendarDate":"2021-08-13","deviceId":3324959462,"updateTimestamp":"2021-08-13T18:19:10.0","sport":"RUNNING","subSport":"GENERIC","vo2MaxValue":49.0,"fitnessAge":"20","fitnessAgeDescription":"2","analyzerMethod":5,"maxMet":14.06866455078125,"maxMetCategory":"GENERIC","calibratedData":1},{"userProfilePK":87578117,"calendarDate":"2021-08-15","deviceId":3324959462,"updateTimestamp":"2021-08-15T18:21:12.0","sport":"RUNNING","subSport":"GENERIC","vo2MaxValue":49.0,"fitnessAge":"20","fitnessAgeDescription":"2","analyzerMethod":5,"maxMet":14.070816040039062,"maxMetCategory":"GENERIC","calibratedData":1},{"userProfilePK":87578117,"calendarDate":"2021-08-16","deviceId":3324959462,"updateTimestamp":"2021-08-16T14:34:40.0","sport":"RUNNING","subSport":"GENERIC","vo2MaxValue":49.0,"fitnessAge":"20","fitnessAgeDescription":"2","analyzerMethod":5,"maxMet":14.06768798828125,"maxMetCategory":"GENERIC","calibratedData":1},{"userProfilePK":87578117,"calendarDate":"2021-08-21","deviceId":3324959462,"updateTimestamp":"2021-08-21T16:25:00.0","sport":"RUNNING","subSport":"GENERIC","vo2MaxValue":49.0,"fitnessAge":"20","fitnessAgeDescription":"2","analyzerMethod":5,"maxMet":14.060562133789062,"maxMetCategory":"GENERIC","calibratedData":1},{"userProfilePK":87578117,"calendarDate":"2021-08-24","deviceId":3324959462,"updateTimestamp":"2021-08-24T09:42:37.0","sport":"RUNNING","subSport":"GENERIC","vo2MaxValue":49.0,"fitnessAge":"21","fitnessAgeDescription":"2","analyzerMethod":5,"maxMet":14.008544921875,"maxMetCategory":"GENERIC","calibratedData":1}]