[{"userProfilePK":87578117,"calendarDate":"2021-01-15","deviceId":3324959462,"timestamp":"2021-01-14T23:05:08.0","raceTime5K":1224,"raceTime10K":2623,"raceTimeHalf":6149,"raceTimeMarathon":14085},{"userProfilePK":87578117,"calendarDate":"2021-01-16","deviceId":3324959462,"timestamp":"2021-01-15T23:05:09.0","raceTime5K":1224,"raceTime10K":2624,"raceTimeHalf":6150,"raceTimeMarathon":14086},{"userProfilePK":87578117,"calendarDate":"2021-01-16","deviceId":3324959462,"timestamp":"2021-01-16T08:46:49.0","raceTime5K":1224,"raceTime10K":2624,"raceTimeHalf":6150,"raceTimeMarathon":14086},{"userProfilePK":87578117,"calendarDate":"2021-01-16","deviceId":3324959462,"timestamp":"2021-01-16T08:48:24.0","raceTime5K":1224,"raceTime10K":2624,"raceTimeHalf":6150,"raceTimeMarathon":14086},{"userProfilePK":87578117,"calendarDate":"2021-01-16","deviceId":3324959462,"timestamp":"2021-01-16T09:59:17.0","raceTime5K":1222,"raceTime10K":2619,"raceTimeHalf":6141,"raceTimeMarathon":14077},{"userProfilePK":87578117,"calendarDate":"2021-01-17","deviceId":3324959462,"timestamp":"2021-01-16T23:05:12.0","raceTime5K":1230,"raceTime10K":2638,"raceTimeHalf":6183,"raceTimeMarathon":14169},{"userProfilePK":87578117,"calendarDate":"2021-01-18","deviceId":3324959462,"timestamp":"2021-01-17T23:05:13.0","raceTime5K":1230,"raceTime10K":2638,"raceTimeHalf":6183,"raceTimeMarathon":14169},{"userProfilePK":87578117,"calendarDate":"2021-01-19","deviceId":3324959462,"timestamp":"2021-01-18T23:05:14.0","raceTime5K":1230,"raceTime10K":2638,"raceTimeHalf":6183,"raceTimeMarathon":14169},{"userProfilePK":87578117,"calendarDate":"2021-01-19","deviceId":3324959462,"timestamp":"2021-01-19T12:30:21.0","raceTime5K":1226,"raceTime10K":2629,"raceTimeHalf":6164,"raceTimeMarathon":14129},{"userProfilePK":87578117,"calendarDate":"2021-01-20","deviceId":3324959462,"timestamp":"2021-01-19T23:05:15.0","raceTime5K":1230,"raceTime10K":2636,"raceTimeHalf":6181,"raceTimeMarathon":14166},{"userProfilePK":87578117,"calendarDate":"2021-01-20","deviceId":3324959462,"timestamp":"2021-01-20T07:10:10.0","raceTime5K":1231,"raceTime10K":2638,"raceTimeHalf":6186,"raceTimeMarathon":14184},{"userProfilePK":87578117,"calendarDate":"2021-01-21","deviceId":3324959462,"timestamp":"2021-01-20T23:05:17.0","raceTime5K":1231,"raceTime10K":2638,"raceTimeHalf":6186,"raceTimeMarathon":14184},{"userProfilePK":87578117,"calendarDate":"2021-01-22","deviceId":3324959462,"timestamp":"2021-01-21T23:05:18.0","raceTime5K":1231,"raceTime10K":2638,"raceTimeHalf":6186,"raceTimeMarathon":14184},{"userProfilePK":87578117,"calendarDate":"2021-01-23","deviceId":3324959462,"timestamp":"2021-01-22T23:05:19.0","raceTime5K":1231,"raceTime10K":2638,"raceTimeHalf":6186,"raceTimeMarathon":14184},{"userProfilePK":87578117,"calendarDate":"2021-01-24","deviceId":3324959462,"timestamp":"2021-01-23T23:05:20.0","raceTime5K":1236,"raceTime10K":2648,"raceTimeHalf":6209,"raceTimeMarathon":14234},{"userProfilePK":87578117,"calendarDate":"2021-01-24","deviceId":3324959462,"timestamp":"2021-01-24T17:03:09.0","raceTime5K":1231,"raceTime10K":2621,"raceTimeHalf":6139,"raceTimeMarathon":14206},{"userProfilePK":87578117,"calendarDate":"2021-01-25","deviceId":3324959462,"timestamp":"2021-01-25T19:49:13.0","raceTime5K":1231,"raceTime10K":2621,"raceTimeHalf":6139,"raceTimeMarathon":14206},{"userProfilePK":87578117,"calendarDate":"2021-01-25","deviceId":3324959462,"timestamp":"2021-01-25T19:55:03.0","raceTime5K":1231,"raceTime10K":2621,"raceTimeHalf":6138,"raceTimeMarathon":14205},{"userProfilePK":87578117,"calendarDate":"2021-01-25","deviceId":3324959462,"timestamp":"2021-01-24T23:05:22.0","raceTime5K":1231,"raceTime10K":2621,"raceTimeHalf":6139,"raceTimeMarathon":14206},{"userProfilePK":87578117,"calendarDate":"2021-01-26","deviceId":3324959462,"timestamp":"2021-01-25T23:05:23.0","raceTime5K":1233,"raceTime10K":2626,"raceTimeHalf":6149,"raceTimeMarathon":14229},{"userProfilePK":87578117,"calendarDate":"2021-01-26","deviceId":3324959462,"timestamp":"2021-01-26T07:13:57.0","raceTime5K":1234,"raceTime10K":2633,"raceTimeHalf":6167,"raceTimeMarathon":14285},{"userProfilePK":87578117,"calendarDate":"2021-01-27","deviceId":3324959462,"timestamp":"2021-01-26T23:05:24.0","raceTime5K":1238,"raceTime10K":2640,"raceTimeHalf":6184,"raceTimeMarathon":14322},{"userProfilePK":87578117,"calendarDate":"2021-01-28","deviceId":3324959462,"timestamp":"2021-01-28T20:47:27.0","raceTime5K":1238,"raceTime10K":2640,"raceTimeHalf":6184,"raceTimeMarathon":14322},{"userProfilePK":87578117,"calendarDate":"2021-01-29","deviceId":3324959462,"timestamp":"2021-01-29T06:28:07.0","raceTime5K":1233,"raceTime10K":2614,"raceTimeHalf":6121,"raceTimeMarathon":14265},{"userProfilePK":87578117,"calendarDate":"2021-01-29","deviceId":3324959462,"timestamp":"2021-01-28T23:05:25.0","raceTime5K":1238,"raceTime10K":2640,"raceTimeHalf":6184,"raceTimeMarathon":14322},{"userProfilePK":87578117,"calendarDate":"2021-01-30","deviceId":3324959462,"timestamp":"2021-01-29T23:05:27.0","raceTime5K":1237,"raceTime10K":2623,"raceTimeHalf":6140,"raceTimeMarathon":14307},{"userProfilePK":87578117,"calendarDate":"2021-01-30","deviceId":3324959462,"timestamp":"2021-01-30T18:31:13.0","raceTime5K":1237,"raceTime10K":2623,"raceTimeHalf":6140,"raceTimeMarathon":14307},{"userProfilePK":87578117,"calendarDate":"2021-01-31","deviceId":3324959462,"timestamp":"2021-01-30T23:05:29.0","raceTime5K":1237,"raceTime10K":2623,"raceTimeHalf":6140,"raceTimeMarathon":14307},{"userProfilePK":87578117,"calendarDate":"2021-01-31","deviceId":3324959462,"timestamp":"2021-01-31T09:15:43.0","raceTime5K":1236,"raceTime10K":2621,"raceTimeHalf":6137,"raceTimeMarathon":14299},{"userProfilePK":87578117,"calendarDate":"2021-01-31","deviceId":3324959462,"timestamp":"2021-01-31T12:24:51.0","raceTime5K":1230,"raceTime10K":2609,"raceTimeHalf":6112,"raceTimeMarathon":14263},{"userProfilePK":87578117,"calendarDate":"2021-02-01","deviceId":3324959462,"timestamp":"2021-01-31T23:05:30.0","raceTime5K":1230,"raceTime10K":2609,"raceTimeHalf":6112,"raceTimeMarathon":14263},{"userProfilePK":87578117,"calendarDate":"2021-02-02","deviceId":3324959462,"timestamp":"2021-02-01T23:05:31.0","raceTime5K":1234,"raceTime10K":2615,"raceTimeHalf":6126,"raceTimeMarathon":14294},{"userProfilePK":87578117,"calendarDate":"2021-02-02","deviceId":3324959462,"timestamp":"2021-02-02T20:25:37.0","raceTime5K":1234,"raceTime10K":2615,"raceTimeHalf":6126,"raceTimeMarathon":14294},{"userProfilePK":87578117,"calendarDate":"2021-02-03","deviceId":3324959462,"timestamp":"2021-02-02T23:05:32.0","raceTime5K":1236,"raceTime10K":2620,"raceTimeHalf":6137,"raceTimeMarathon":14318},{"userProfilePK":87578117,"calendarDate":"2021-02-03","deviceId":3324959462,"timestamp":"2021-02-03T06:39:31.0","raceTime5K":1231,"raceTime10K":2612,"raceTimeHalf":6120,"raceTimeMarathon":14290},{"userProfilePK":87578117,"calendarDate":"2021-02-04","deviceId":3324959462,"timestamp":"2021-02-04T18:35:53.0","raceTime5K":1231,"raceTime10K":2612,"raceTimeHalf":6120,"raceTimeMarathon":14290},{"userProfilePK":87578117,"calendarDate":"2021-02-04","deviceId":3324959462,"timestamp":"2021-02-04T19:35:09.0","raceTime5K":1231,"raceTime10K":2612,"raceTimeHalf":6120,"raceTimeMarathon":14290},{"userProfilePK":87578117,"calendarDate":"2021-02-04","deviceId":3324959462,"timestamp":"2021-02-03T23:05:34.0","raceTime5K":1231,"raceTime10K":2612,"raceTimeHalf":6120,"raceTimeMarathon":14290},{"userProfilePK":87578117,"calendarDate":"2021-02-05","deviceId":3324959462,"timestamp":"2021-02-05T07:05:18.0","raceTime5K":1225,"raceTime10K":2600,"raceTimeHalf":6091,"raceTimeMarathon":14222},{"userProfilePK":87578117,"calendarDate":"2021-02-05","deviceId":3324959462,"timestamp":"2021-02-04T23:05:35.0","raceTime5K":1231,"raceTime10K":2612,"raceTimeHalf":6120,"raceTimeMarathon":14290},{"userProfilePK":87578117,"calendarDate":"2021-02-06","deviceId":3324959462,"timestamp":"2021-02-05T23:05:37.0","raceTime5K":1227,"raceTime10K":2604,"raceTimeHalf":6100,"raceTimeMarathon":14242}]