[{"userProfilePK":87578117,"calendarDate":"2021-08-25","deviceId":3324959462,"timestamp":"2021-08-24T22:04:42.0","raceTime5K":1277,"raceTime10K":2705,"raceTimeHalf":6209,"raceTimeMarathon":13901},{"userProfilePK":87578117,"calendarDate":"2021-08-25","deviceId":3324959462,"timestamp":"2021-08-25T05:41:03.0","raceTime5K":1277,"raceTime10K":2700,"raceTimeHalf":6197,"raceTimeMarathon":13875},{"userProfilePK":87578117,"calendarDate":"2021-08-26","deviceId":3324959462,"timestamp":"2021-08-26T05:55:57.0","raceTime5K":1277,"raceTime10K":2694,"raceTimeHalf":6174,"raceTimeMarathon":13825},{"userProfilePK":87578117,"calendarDate":"2021-08-26","deviceId":3324959462,"timestamp":"2021-08-26T10:49:46.0","raceTime5K":1280,"raceTime10K":2700,"raceTimeHalf":6184,"raceTimeMarathon":13852},{"userProfilePK":87578117,"calendarDate":"2021-08-26","deviceId":3324959462,"timestamp":"2021-08-26T11:15:35.0","raceTime5K":1280,"raceTime10K":2700,"raceTimeHalf":6184,"raceTimeMarathon":13852},{"userProfilePK":87578117,"calendarDate":"2021-08-26","deviceId":3324959462,"timestamp":"2021-08-26T11:15:37.0","raceTime5K":1280,"raceTime10K":2700,"raceTimeHalf":6184,"raceTimeMarathon":13852},{"userProfilePK":87578117,"calendarDate":"2021-08-26","deviceId":3324959462,"timestamp":"2021-08-25T22:04:43.0","raceTime5K":1277,"raceTime10K":2702,"raceTimeHalf":6201,"raceTimeMarathon":13883},{"userProfilePK":87578117,"calendarDate":"2021-08-27","deviceId":3324959462,"timestamp":"2021-08-27T08:22:53.0","raceTime5K":1280,"raceTime10K":2700,"raceTimeHalf":6184,"raceTimeMarathon":13852},{"userProfilePK":87578117,"calendarDate":"2021-08-27","deviceId":3324959462,"timestamp":"2021-08-27T11:26:40.0","raceTime5K":1280,"raceTime10K":2700,"raceTimeHalf":6184,"raceTimeMarathon":13852},{"userProfilePK":87578117,"calendarDate":"2021-08-27","deviceId":3324959462,"timestamp":"2021-08-26T22:04:46.0","raceTime5K":1280,"raceTime10K":2700,"raceTimeHalf":6184,"raceTimeMarathon":13852},{"userProfilePK":87578117,"calendarDate":"2021-08-28","deviceId":3324959462,"timestamp":"2021-08-27T22:04:48.0","raceTime5K":1280,"raceTime10K":2700,"raceTimeHalf":6184,"raceTimeMarathon":13852},{"userProfilePK":87578117,"calendarDate":"2021-08-29","deviceId":3324959462,"timestamp":"2021-08-28T22:04:50.0","raceTime5K":1280,"raceTime10K":2700,"raceTimeHalf":6184,"raceTimeMarathon":13852},{"userProfilePK":87578117,"calendarDate":"2021-08-30","deviceId":3324959462,"timestamp":"2021-08-29T22:04:52.0","raceTime5K":1280,"raceTime10K":2700,"raceTimeHalf":6183,"raceTimeMarathon":13852},{"userProfilePK":87578117,"calendarDate":"2021-08-31","deviceId":3324959462,"timestamp":"2021-08-30T22:04:54.0","raceTime5K":1280,"raceTime10K":2700,"raceTimeHalf":6183,"raceTimeMarathon":13851},{"userProfilePK":87578117,"calendarDate":"2021-08-31","deviceId":3324959462,"timestamp":"2021-08-31T05:20:31.0","raceTime5K":1275,"raceTime10K":2691,"raceTimeHalf":6157,"raceTimeMarathon":13781},{"userProfilePK":87578117,"calendarDate":"2021-09-01","deviceId":3324959462,"timestamp":"2021-08-31T22:04:57.0","raceTime5K":1275,"raceTime10K":2691,"raceTimeHalf":6159,"raceTimeMarathon":13786},{"userProfilePK":87578117,"calendarDate":"2021-09-02","deviceId":3324959462,"timestamp":"2021-09-01T22:04:59.0","raceTime5K":1275,"raceTime10K":2691,"raceTimeHalf":6163,"raceTimeMarathon":13796},{"userProfilePK":87578117,"calendarDate":"2021-09-03","deviceId":3324959462,"timestamp":"2021-09-02T22:05:01.0","raceTime5K":1275,"raceTime10K":2691,"raceTimeHalf":6163,"raceTimeMarathon":13796},{"userProfilePK":87578117,"calendarDate":"2021-09-04","deviceId":3324959462,"timestamp":"2021-09-03T22:05:02.0","raceTime5K":1275,"raceTime10K":2691,"raceTimeHalf":6149,"raceTimeMarathon":13765},{"userProfilePK":87578117,"calendarDate":"2021-09-05","deviceId":3324959462,"timestamp":"2021-09-04T22:05:04.0","raceTime5K":1275,"raceTime10K":2691,"raceTimeHalf":6149,"raceTimeMarathon":13765},{"userProfilePK":87578117,"calendarDate":"2021-09-06","deviceId":3324959462,"timestamp":"2021-09-05T22:05:06.0","raceTime5K":1275,"raceTime10K":2691,"raceTimeHalf":6149,"raceTimeMarathon":13765},{"userProfilePK":87578117,"calendarDate":"2021-09-07","deviceId":3324959462,"timestamp":"2021-09-06T22:05:07.0","raceTime5K":1279,"raceTime10K":2699,"raceTimeHalf":6160,"raceTimeMarathon":13789},{"userProfilePK":87578117,"calendarDate":"2021-09-07","deviceId":3324959462,"timestamp":"2021-09-07T11:09:50.0","raceTime5K":1275,"raceTime10K":2691,"raceTimeHalf":6141,"raceTimeMarathon":13745},{"userProfilePK":87578117,"calendarDate":"2021-09-08","deviceId":3324959462,"timestamp":"2021-09-07T22:05:09.0","raceTime5K":1279,"raceTime10K":2700,"raceTimeHalf":6148,"raceTimeMarathon":13762},{"userProfilePK":87578117,"calendarDate":"2021-09-09","deviceId":3324959462,"timestamp":"2021-09-08T22:05:11.0","raceTime5K":1297,"raceTime10K":2738,"raceTimeHalf":6199,"raceTimeMarathon":13873},{"userProfilePK":87578117,"calendarDate":"2021-09-10","deviceId":3324959462,"timestamp":"2021-09-09T22:05:13.0","raceTime5K":1329,"raceTime10K":2805,"raceTimeHalf":6358,"raceTimeMarathon":14224},{"userProfilePK":87578117,"calendarDate":"2021-09-11","deviceId":3324959462,"timestamp":"2021-09-10T22:05:14.0","raceTime5K":1329,"raceTime10K":2805,"raceTimeHalf":6367,"raceTimeMarathon":14243},{"userProfilePK":87578117,"calendarDate":"2021-09-12","deviceId":3324959462,"timestamp":"2021-09-11T22:05:16.0","raceTime5K":1329,"raceTime10K":2805,"raceTimeHalf":6374,"raceTimeMarathon":14260},{"userProfilePK":87578117,"calendarDate":"2021-09-13","deviceId":3324959462,"timestamp":"2021-09-12T22:05:18.0","raceTime5K":1329,"raceTime10K":2805,"raceTimeHalf":6374,"raceTimeMarathon":14260},{"userProfilePK":87578117,"calendarDate":"2021-09-14","deviceId":3324959462,"timestamp":"2021-09-13T22:05:20.0","raceTime5K":1333,"raceTime10K":2813,"raceTimeHalf":6383,"raceTimeMarathon":14280},{"userProfilePK":87578117,"calendarDate":"2021-09-15","deviceId":3324959462,"timestamp":"2021-09-14T22:05:22.0","raceTime5K":1333,"raceTime10K":2813,"raceTimeHalf":6392,"raceTimeMarathon":14299},{"userProfilePK":87578117,"calendarDate":"2021-09-15","deviceId":3324959462,"timestamp":"2021-09-15T17:30:23.0","raceTime5K":1297,"raceTime10K":2737,"raceTimeHalf":6221,"raceTimeMarathon":13922},{"userProfilePK":87578117,"calendarDate":"2021-09-16","deviceId":3324959462,"timestamp":"2021-09-15T22:05:28.0","raceTime5K":1297,"raceTime10K":2737,"raceTimeHalf":6229,"raceTimeMarathon":13940},{"userProfilePK":87578117,"calendarDate":"2021-09-17","deviceId":3324959462,"timestamp":"2021-09-16T22:05:29.0","raceTime5K":1297,"raceTime10K":2737,"raceTimeHalf":6229,"raceTimeMarathon":13940},{"userProfilePK":87578117,"calendarDate":"2021-09-18","deviceId":3324959462,"timestamp":"2021-09-17T22:05:31.0","raceTime5K":1297,"raceTime10K":2737,"raceTimeHalf":6229,"raceTimeMarathon":13940},{"userProfilePK":87578117,"calendarDate":"2021-09-18","deviceId":3324959462,"timestamp":"2021-09-18T17:52:37.0","raceTime5K":1292,"raceTime10K":2728,"raceTimeHalf":6213,"raceTimeMarathon":13903},{"userProfilePK":87578117,"calendarDate":"2021-09-19","deviceId":3324959462,"timestamp":"2021-09-18T22:05:34.0","raceTime5K":1292,"raceTime10K":2728,"raceTimeHalf":6213,"raceTimeMarathon":13903},{"userProfilePK":87578117,"calendarDate":"2021-09-19","deviceId":3324959462,"timestamp":"2021-09-19T18:46:09.0","raceTime5K":1297,"raceTime10K":2738,"raceTimeHalf":6237,"raceTimeMarathon":13980},{"userProfilePK":87578117,"calendarDate":"2021-09-20","deviceId":3324959462,"timestamp":"2021-09-20T19:04:56.0","raceTime5K":1285,"raceTime10K":2713,"raceTimeHalf":6180,"raceTimeMarathon":13853},{"userProfilePK":87578117,"calendarDate":"2021-09-20","deviceId":3324959462,"timestamp":"2021-09-19T22:01:29.0","raceTime5K":1297,"raceTime10K":2738,"raceTimeHalf":6237,"raceTimeMarathon":13980},{"userProfilePK":87578117,"calendarDate":"2021-09-21","deviceId":3324959462,"timestamp":"2021-09-20T22:01:31.0","raceTime5K":1285,"raceTime10K":2713,"raceTimeHalf":6179,"raceTimeMarathon":13851},{"userProfilePK":87578117,"calendarDate":"2021-09-21","deviceId":3324959462,"timestamp":"2021-09-21T05:59:15.0","raceTime5K":1285,"raceTime10K":2713,"raceTimeHalf":6179,"raceTimeMarathon":13851},{"userProfilePK":87578117,"calendarDate":"2021-09-21","deviceId":3324959462,"timestamp":"2021-09-21T18:28:54.0","raceTime5K":1285,"raceTime10K":2713,"raceTimeHalf":6179,"raceTimeMarathon":13851},{"userProfilePK":87578117,"calendarDate":"2021-09-21","deviceId":3324959462,"timestamp":"2021-09-21T18:28:56.0","raceTime5K":1285,"raceTime10K":2713,"raceTimeHalf":6179,"raceTimeMarathon":13851},{"userProfilePK":87578117,"calendarDate":"2021-09-21","deviceId":3324959462,"timestamp":"2021-09-21T18:50:10.0","raceTime5K":1280,"raceTime10K":2703,"raceTimeHalf":6156,"raceTimeMarathon":13790},{"userProfilePK":87578117,"calendarDate":"2021-09-22","deviceId":3324959462,"timestamp":"2021-09-21T22:01:34.0","raceTime5K":1280,"raceTime10K":2703,"raceTimeHalf":6168,"raceTimeMarathon":13816},{"userProfilePK":87578117,"calendarDate":"2021-09-23","deviceId":3324959462,"timestamp":"2021-09-23T12:34:20.0","raceTime5K":1287,"raceTime10K":2715,"raceTimeHalf":6197,"raceTimeMarathon":13894},{"userProfilePK":87578117,"calendarDate":"2021-09-23","deviceId":3324959462,"timestamp":"2021-09-23T13:03:13.0","raceTime5K":1287,"raceTime10K":2715,"raceTimeHalf":6193,"raceTimeMarathon":13886},{"userProfilePK":87578117,"calendarDate":"2021-09-23","deviceId":3324959462,"timestamp":"2021-09-23T13:10:56.0","raceTime5K":1287,"raceTime10K":2715,"raceTimeHalf":6193,"raceTimeMarathon":13886},{"userProfilePK":87578117,"calendarDate":"2021-09-23","deviceId":3324959462,"timestamp":"2021-09-22T22:01:38.0","raceTime5K":1280,"raceTime10K":2703,"raceTimeHalf":6172,"raceTimeMarathon":13825},{"userProfilePK":87578117,"calendarDate":"2021-09-24","deviceId":3324959462,"timestamp":"2021-09-23T22:30:49.0","raceTime5K":1287,"raceTime10K":2715,"raceTimeHalf":6193,"raceTimeMarathon":13886},{"userProfilePK":87578117,"calendarDate":"2021-09-25","deviceId":3324959462,"timestamp":"2021-09-24T22:30:50.0","raceTime5K":1287,"raceTime10K":2715,"raceTimeHalf":6202,"raceTimeMarathon":13906},{"userProfilePK":87578117,"calendarDate":"2021-09-25","deviceId":3324959462,"timestamp":"2021-09-25T10:36:35.0","raceTime5K":1290,"raceTime10K":2725,"raceTimeHalf":6213,"raceTimeMarathon":13940},{"userProfilePK":87578117,"calendarDate":"2021-09-26","deviceId":3324959462,"timestamp":"2021-09-25T22:30:53.0","raceTime5K":1290,"raceTime10K":2725,"raceTimeHalf":6213,"raceTimeMarathon":13940},{"userProfilePK":87578117,"calendarDate":"2021-09-26","deviceId":3324959462,"timestamp":"2021-09-26T17:53:20.0","raceTime5K":1290,"raceTime10K":2725,"raceTimeHalf":6212,"raceTimeMarathon":13936},{"userProfilePK":87578117,"calendarDate":"2021-09-27","deviceId":3324959462,"timestamp":"2021-09-26T22:30:56.0","raceTime5K":1290,"raceTime10K":2725,"raceTimeHalf":6212,"raceTimeMarathon":13937},{"userProfilePK":87578117,"calendarDate":"2021-09-28","deviceId":3324959462,"timestamp":"2021-09-27T22:30:58.0","raceTime5K":1290,"raceTime10K":2725,"raceTimeHalf":6235,"raceTimeMarathon":13987},{"userProfilePK":87578117,"calendarDate":"2021-09-29","deviceId":3324959462,"timestamp":"2021-09-29T16:24:43.0","raceTime5K":1290,"raceTime10K":2725,"raceTimeHalf":6235,"raceTimeMarathon":13987},{"userProfilePK":87578117,"calendarDate":"2021-09-29","deviceId":3324959462,"timestamp":"2021-09-29T17:11:46.0","raceTime5K":1290,"raceTime10K":2725,"raceTimeHalf":6228,"raceTimeMarathon":13971},{"userProfilePK":87578117,"calendarDate":"2021-09-30","deviceId":3324959462,"timestamp":"2021-09-30T05:57:07.0","raceTime5K":1290,"raceTime10K":2725,"raceTimeHalf":6202,"raceTimeMarathon":13915},{"userProfilePK":87578117,"calendarDate":"2021-09-30","deviceId":3324959462,"timestamp":"2021-09-30T08:33:20.0","raceTime5K":1290,"raceTime10K":2725,"raceTimeHalf":6202,"raceTimeMarathon":13915},{"userProfilePK":87578117,"calendarDate":"2021-09-30","deviceId":3324959462,"timestamp":"2021-09-30T09:38:38.0","raceTime5K":1290,"raceTime10K":2725,"raceTimeHalf":6202,"raceTimeMarathon":13915},{"userProfilePK":87578117,"calendarDate":"2021-09-30","deviceId":3324959462,"timestamp":"2021-09-30T15:27:41.0","raceTime5K":1290,"raceTime10K":2725,"raceTimeHalf":6202,"raceTimeMarathon":13915},{"userProfilePK":87578117,"calendarDate":"2021-09-30","deviceId":3324959462,"timestamp":"2021-09-30T15:32:41.0","raceTime5K":1290,"raceTime10K":2725,"raceTimeHalf":6202,"raceTimeMarathon":13915},{"userProfilePK":87578117,"calendarDate":"2021-09-30","deviceId":3324959462,"timestamp":"2021-09-30T16:27:10.0","raceTime5K":1292,"raceTime10K":2728,"raceTimeHalf":6205,"raceTimeMarathon":13922},{"userProfilePK":87578117,"calendarDate":"2021-09-30","deviceId":3324959462,"timestamp":"2021-09-29T22:01:00.0","raceTime5K":1290,"raceTime10K":2725,"raceTimeHalf":6228,"raceTimeMarathon":13971},{"userProfilePK":87578117,"calendarDate":"2021-10-01","deviceId":3324959462,"timestamp":"2021-10-01T17:35:12.0","raceTime5K":1323,"raceTime10K":2832,"raceTimeHalf":6709,"raceTimeMarathon":15715},{"userProfilePK":87578117,"calendarDate":"2021-10-01","deviceId":3324959462,"timestamp":"2021-09-30T22:01:03.0","raceTime5K":1292,"raceTime10K":2728,"raceTimeHalf":6205,"raceTimeMarathon":13922},{"userProfilePK":87578117,"calendarDate":"2021-10-02","deviceId":3324959462,"timestamp":"2021-10-01T22:04:31.0","raceTime5K":1328,"raceTime10K":2841,"raceTimeHalf":6729,"raceTimeMarathon":15761},{"userProfilePK":87578117,"calendarDate":"2021-10-02","deviceId":3324959462,"timestamp":"2021-10-02T07:27:47.0","raceTime5K":1328,"raceTime10K":2841,"raceTimeHalf":6729,"raceTimeMarathon":15761},{"userProfilePK":87578117,"calendarDate":"2021-10-02","deviceId":3324959462,"timestamp":"2021-10-02T07:34:38.0","raceTime5K":1328,"raceTime10K":2841,"raceTimeHalf":6729,"raceTimeMarathon":15761},{"userProfilePK":87578117,"calendarDate":"2021-10-02","deviceId":3324959462,"timestamp":"2021-10-02T09:00:28.0","raceTime5K":1322,"raceTime10K":2815,"raceTimeHalf":6660,"raceTimeMarathon":15694},{"userProfilePK":87578117,"calendarDate":"2021-10-03","deviceId":3324959462,"timestamp":"2021-10-02T22:04:35.0","raceTime5K":1325,"raceTime10K":2820,"raceTimeHalf":6672,"raceTimeMarathon":15721},{"userProfilePK":87578117,"calendarDate":"2021-10-04","deviceId":3324959462,"timestamp":"2021-10-04T05:45:21.0","raceTime5K":1325,"raceTime10K":2820,"raceTimeHalf":6672,"raceTimeMarathon":15721},{"userProfilePK":87578117,"calendarDate":"2021-10-04","deviceId":3324959462,"timestamp":"2021-10-04T07:06:28.0","raceTime5K":1325,"raceTime10K":2820,"raceTimeHalf":6672,"raceTimeMarathon":15721},{"userProfilePK":87578117,"calendarDate":"2021-10-04","deviceId":3324959462,"timestamp":"2021-10-04T11:05:57.0","raceTime5K":1325,"raceTime10K":2820,"raceTimeHalf":6672,"raceTimeMarathon":15721},{"userProfilePK":87578117,"calendarDate":"2021-10-04","deviceId":3324959462,"timestamp":"2021-10-04T15:17:09.0","raceTime5K":1325,"raceTime10K":2820,"raceTimeHalf":6672,"raceTimeMarathon":15721},{"userProfilePK":87578117,"calendarDate":"2021-10-04","deviceId":3324959462,"timestamp":"2021-10-03T22:04:38.0","raceTime5K":1325,"raceTime10K":2820,"raceTimeHalf":6672,"raceTimeMarathon":15721},{"userProfilePK":87578117,"calendarDate":"2021-10-05","deviceId":3324959462,"timestamp":"2021-10-04T22:04:45.0","raceTime5K":1326,"raceTime10K":2822,"raceTimeHalf":6677,"raceTimeMarathon":15731},{"userProfilePK":87578117,"calendarDate":"2021-10-05","deviceId":3324959462,"timestamp":"2021-10-05T05:52:49.0","raceTime5K":1325,"raceTime10K":2822,"raceTimeHalf":6677,"raceTimeMarathon":15731},{"userProfilePK":87578117,"calendarDate":"2021-10-05","deviceId":3324959462,"timestamp":"2021-10-05T07:01:04.0","raceTime5K":1325,"raceTime10K":2822,"raceTimeHalf":6677,"raceTimeMarathon":15731},{"userProfilePK":87578117,"calendarDate":"2021-10-05","deviceId":3324959462,"timestamp":"2021-10-05T07:42:44.0","raceTime5K":1325,"raceTime10K":2822,"raceTimeHalf":6677,"raceTimeMarathon":15731},{"userProfilePK":87578117,"calendarDate":"2021-10-05","deviceId":3324959462,"timestamp":"2021-10-05T15:34:41.0","raceTime5K":1325,"raceTime10K":2822,"raceTimeHalf":6677,"raceTimeMarathon":15731},{"userProfilePK":87578117,"calendarDate":"2021-10-05","deviceId":3324959462,"timestamp":"2021-10-05T16:19:09.0","raceTime5K":1322,"raceTime10K":2817,"raceTimeHalf":6667,"raceTimeMarathon":15718},{"userProfilePK":87578117,"calendarDate":"2021-10-06","deviceId":3324959462,"timestamp":"2021-10-05T22:02:51.0","raceTime5K":1322,"raceTime10K":2821,"raceTimeHalf":6679,"raceTimeMarathon":15718},{"userProfilePK":87578117,"calendarDate":"2021-10-06","deviceId":3324959462,"timestamp":"2021-10-06T05:39:19.0","raceTime5K":1322,"raceTime10K":2821,"raceTimeHalf":6679,"raceTimeMarathon":15718},{"userProfilePK":87578117,"calendarDate":"2021-10-06","deviceId":3324959462,"timestamp":"2021-10-06T06:07:47.0","raceTime5K":1322,"raceTime10K":2821,"raceTimeHalf":6679,"raceTimeMarathon":15718},{"userProfilePK":87578117,"calendarDate":"2021-10-06","deviceId":3324959462,"timestamp":"2021-10-06T06:56:58.0","raceTime5K":1322,"raceTime10K":2821,"raceTimeHalf":6679,"raceTimeMarathon":15718},{"userProfilePK":87578117,"calendarDate":"2021-10-06","deviceId":3324959462,"timestamp":"2021-10-06T07:05:08.0","raceTime5K":1322,"raceTime10K":2821,"raceTimeHalf":6679,"raceTimeMarathon":15718},{"userProfilePK":87578117,"calendarDate":"2021-10-07","deviceId":3324959462,"timestamp":"2021-10-07T05:47:40.0","raceTime5K":1326,"raceTime10K":2834,"raceTimeHalf":6711,"raceTimeMarathon":15760},{"userProfilePK":87578117,"calendarDate":"2021-10-07","deviceId":3324959462,"timestamp":"2021-10-07T06:56:28.0","raceTime5K":1326,"raceTime10K":2834,"raceTimeHalf":6711,"raceTimeMarathon":15760},{"userProfilePK":87578117,"calendarDate":"2021-10-07","deviceId":3324959462,"timestamp":"2021-10-07T09:37:01.0","raceTime5K":1326,"raceTime10K":2834,"raceTimeHalf":6711,"raceTimeMarathon":15760},{"userProfilePK":87578117,"calendarDate":"2021-10-07","deviceId":3324959462,"timestamp":"2021-10-07T15:18:58.0","raceTime5K":1326,"raceTime10K":2834,"raceTimeHalf":6711,"raceTimeMarathon":15760},{"userProfilePK":87578117,"calendarDate":"2021-10-07","deviceId":3324959462,"timestamp":"2021-10-07T16:37:05.0","raceTime5K":1321,"raceTime10K":2822,"raceTimeHalf":6683,"raceTimeMarathon":15697},{"userProfilePK":87578117,"calendarDate":"2021-10-07","deviceId":3324959462,"timestamp":"2021-10-06T22:02:56.0","raceTime5K":1327,"raceTime10K":2834,"raceTimeHalf":6711,"raceTimeMarathon":15761},{"userProfilePK":87578117,"calendarDate":"2021-10-08","deviceId":3324959462,"timestamp":"2021-10-08T06:59:48.0","raceTime5K":1324,"raceTime10K":2833,"raceTimeHalf":6710,"raceTimeMarathon":15731},{"userProfilePK":87578117,"calendarDate":"2021-10-08","deviceId":3324959462,"timestamp":"2021-10-08T15:20:35.0","raceTime5K":1324,"raceTime10K":2833,"raceTimeHalf":6710,"raceTimeMarathon":15731},{"userProfilePK":87578117,"calendarDate":"2021-10-08","deviceId":3324959462,"timestamp":"2021-10-08T16:11:49.0","raceTime5K":1326,"raceTime10K":2836,"raceTimeHalf":6720,"raceTimeMarathon":15763},{"userProfilePK":87578117,"calendarDate":"2021-10-08","deviceId":3324959462,"timestamp":"2021-10-07T22:03:00.0","raceTime5K":1324,"raceTime10K":2833,"raceTimeHalf":6710,"raceTimeMarathon":15731},{"userProfilePK":87578117,"calendarDate":"2021-10-09","deviceId":3324959462,"timestamp":"2021-10-08T22:03:06.0","raceTime5K":1330,"raceTime10K":2845,"raceTimeHalf":6740,"raceTimeMarathon":15808},{"userProfilePK":87578117,"calendarDate":"2021-10-09","deviceId":3324959462,"timestamp":"2021-10-09T07:54:34.0","raceTime5K":1330,"raceTime10K":2845,"raceTimeHalf":6740,"raceTimeMarathon":15807},{"userProfilePK":87578117,"calendarDate":"2021-10-09","deviceId":3324959462,"timestamp":"2021-10-09T07:55:14.0","raceTime5K":1330,"raceTime10K":2845,"raceTimeHalf":6740,"raceTimeMarathon":15807},{"userProfilePK":87578117,"calendarDate":"2021-10-10","deviceId":3324959462,"timestamp":"2021-10-09T22:03:10.0","raceTime5K":1331,"raceTime10K":2847,"raceTimeHalf":6745,"raceTimeMarathon":15818},{"userProfilePK":87578117,"calendarDate":"2021-10-10","deviceId":3324959462,"timestamp":"2021-10-10T08:30:42.0","raceTime5K":1331,"raceTime10K":2847,"raceTimeHalf":6745,"raceTimeMarathon":15818},{"userProfilePK":87578117,"calendarDate":"2021-10-10","deviceId":3324959462,"timestamp":"2021-10-10T14:22:08.0","raceTime5K":1330,"raceTime10K":2846,"raceTimeHalf":6742,"raceTimeMarathon":15811},{"userProfilePK":87578117,"calendarDate":"2021-10-10","deviceId":3324959462,"timestamp":"2021-10-10T16:03:29.0","raceTime5K":1329,"raceTime10K":2825,"raceTimeHalf":6645,"raceTimeMarathon":15705},{"userProfilePK":87578117,"calendarDate":"2021-10-10","deviceId":3324959462,"timestamp":"2021-10-10T16:09:38.0","raceTime5K":1329,"raceTime10K":2825,"raceTimeHalf":6645,"raceTimeMarathon":15705},{"userProfilePK":87578117,"calendarDate":"2021-10-11","deviceId":3324959462,"timestamp":"2021-10-11T05:57:15.0","raceTime5K":1329,"raceTime10K":2825,"raceTimeHalf":6645,"raceTimeMarathon":15705},{"userProfilePK":87578117,"calendarDate":"2021-10-11","deviceId":3324959462,"timestamp":"2021-10-11T06:11:15.0","raceTime5K":1329,"raceTime10K":2825,"raceTimeHalf":6645,"raceTimeMarathon":15705},{"userProfilePK":87578117,"calendarDate":"2021-10-11","deviceId":3324959462,"timestamp":"2021-10-11T07:09:52.0","raceTime5K":1329,"raceTime10K":2825,"raceTimeHalf":6645,"raceTimeMarathon":15705},{"userProfilePK":87578117,"calendarDate":"2021-10-11","deviceId":3324959462,"timestamp":"2021-10-11T15:19:04.0","raceTime5K":1329,"raceTime10K":2825,"raceTimeHalf":6645,"raceTimeMarathon":15705},{"userProfilePK":87578117,"calendarDate":"2021-10-11","deviceId":3324959462,"timestamp":"2021-10-10T22:03:15.0","raceTime5K":1329,"raceTime10K":2825,"raceTimeHalf":6645,"raceTimeMarathon":15705},{"userProfilePK":87578117,"calendarDate":"2021-10-12","deviceId":3324959462,"timestamp":"2021-10-11T22:03:21.0","raceTime5K":1329,"raceTime10K":2825,"raceTimeHalf":6645,"raceTimeMarathon":15705},{"userProfilePK":87578117,"calendarDate":"2021-10-12","deviceId":3324959462,"timestamp":"2021-10-12T07:29:41.0","raceTime5K":1329,"raceTime10K":2825,"raceTimeHalf":6645,"raceTimeMarathon":15705},{"userProfilePK":87578117,"calendarDate":"2021-10-12","deviceId":3324959462,"timestamp":"2021-10-12T15:25:17.0","raceTime5K":1329,"raceTime10K":2825,"raceTimeHalf":6645,"raceTimeMarathon":15705},{"userProfilePK":87578117,"calendarDate":"2021-10-12","deviceId":3324959462,"timestamp":"2021-10-12T16:19:57.0","raceTime5K":1322,"raceTime10K":2812,"raceTimeHalf":6610,"raceTimeMarathon":15616},{"userProfilePK":87578117,"calendarDate":"2021-10-12","deviceId":3324959462,"timestamp":"2021-10-12T19:02:37.0","raceTime5K":1322,"raceTime10K":2812,"raceTimeHalf":6610,"raceTimeMarathon":15616},{"userProfilePK":87578117,"calendarDate":"2021-10-12","deviceId":3324959462,"timestamp":"2021-10-12T20:16:31.0","raceTime5K":1322,"raceTime10K":2812,"raceTimeHalf":6610,"raceTimeMarathon":15616},{"userProfilePK":87578117,"calendarDate":"2021-10-13","deviceId":3324959462,"timestamp":"2021-10-12T22:03:27.0","raceTime5K":1322,"raceTime10K":2812,"raceTimeHalf":6610,"raceTimeMarathon":15616},{"userProfilePK":87578117,"calendarDate":"2021-10-13","deviceId":3324959462,"timestamp":"2021-10-13T06:56:51.0","raceTime5K":1322,"raceTime10K":2812,"raceTimeHalf":6610,"raceTimeMarathon":15616},{"userProfilePK":87578117,"calendarDate":"2021-10-13","deviceId":3324959462,"timestamp":"2021-10-13T15:27:26.0","raceTime5K":1322,"raceTime10K":2812,"raceTimeHalf":6610,"raceTimeMarathon":15616},{"userProfilePK":87578117,"calendarDate":"2021-10-13","deviceId":3324959462,"timestamp":"2021-10-13T18:57:06.0","raceTime5K":1316,"raceTime10K":2798,"raceTimeHalf":6574,"raceTimeMarathon":15520},{"userProfilePK":87578117,"calendarDate":"2021-10-14","deviceId":3324959462,"timestamp":"2021-10-14T07:00:01.0","raceTime5K":1318,"raceTime10K":2803,"raceTimeHalf":6585,"raceTimeMarathon":15544},{"userProfilePK":87578117,"calendarDate":"2021-10-14","deviceId":3324959462,"timestamp":"2021-10-14T15:31:13.0","raceTime5K":1318,"raceTime10K":2803,"raceTimeHalf":6585,"raceTimeMarathon":15544},{"userProfilePK":87578117,"calendarDate":"2021-10-14","deviceId":3324959462,"timestamp":"2021-10-14T16:23:04.0","raceTime5K":1311,"raceTime10K":2788,"raceTimeHalf":6547,"raceTimeMarathon":15445},{"userProfilePK":87578117,"calendarDate":"2021-10-14","deviceId":3324959462,"timestamp":"2021-10-14T18:44:09.0","raceTime5K":1311,"raceTime10K":2788,"raceTimeHalf":6547,"raceTimeMarathon":15445},{"userProfilePK":87578117,"calendarDate":"2021-10-14","deviceId":3324959462,"timestamp":"2021-10-14T18:50:41.0","raceTime5K":1311,"raceTime10K":2788,"raceTimeHalf":6547,"raceTimeMarathon":15445},{"userProfilePK":87578117,"calendarDate":"2021-10-14","deviceId":3324959462,"timestamp":"2021-10-13T22:03:34.0","raceTime5K":1318,"raceTime10K":2803,"raceTimeHalf":6585,"raceTimeMarathon":15544},{"userProfilePK":87578117,"calendarDate":"2021-10-15","deviceId":3324959462,"timestamp":"2021-10-15T06:06:12.0","raceTime5K":1315,"raceTime10K":2795,"raceTimeHalf":6562,"raceTimeMarathon":15479},{"userProfilePK":87578117,"calendarDate":"2021-10-15","deviceId":3324959462,"timestamp":"2021-10-15T07:04:07.0","raceTime5K":1315,"raceTime10K":2795,"raceTimeHalf":6562,"raceTimeMarathon":15479},{"userProfilePK":87578117,"calendarDate":"2021-10-15","deviceId":3324959462,"timestamp":"2021-10-15T07:09:34.0","raceTime5K":1315,"raceTime10K":2795,"raceTimeHalf":6562,"raceTimeMarathon":15479},{"userProfilePK":87578117,"calendarDate":"2021-10-15","deviceId":3324959462,"timestamp":"2021-10-15T13:19:42.0","raceTime5K":1315,"raceTime10K":2795,"raceTimeHalf":6562,"raceTimeMarathon":15479},{"userProfilePK":87578117,"calendarDate":"2021-10-15","deviceId":3324959462,"timestamp":"2021-10-14T22:03:41.0","raceTime5K":1315,"raceTime10K":2795,"raceTimeHalf":6562,"raceTimeMarathon":15479},{"userProfilePK":87578117,"calendarDate":"2021-10-16","deviceId":3324959462,"timestamp":"2021-10-15T22:03:45.0","raceTime5K":1316,"raceTime10K":2798,"raceTimeHalf":6569,"raceTimeMarathon":15493},{"userProfilePK":87578117,"calendarDate":"2021-10-16","deviceId":3324959462,"timestamp":"2021-10-16T09:39:15.0","raceTime5K":1315,"raceTime10K":2795,"raceTimeHalf":6563,"raceTimeMarathon":15479},{"userProfilePK":87578117,"calendarDate":"2021-10-16","deviceId":3324959462,"timestamp":"2021-10-16T11:05:01.0","raceTime5K":1315,"raceTime10K":2795,"raceTimeHalf":6563,"raceTimeMarathon":15479},{"userProfilePK":87578117,"calendarDate":"2021-10-16","deviceId":3324959462,"timestamp":"2021-10-16T11:09:15.0","raceTime5K":1315,"raceTime10K":2795,"raceTimeHalf":6563,"raceTimeMarathon":15479},{"userProfilePK":87578117,"calendarDate":"2021-10-17","deviceId":3324959462,"timestamp":"2021-10-16T22:03:50.0","raceTime5K":1315,"raceTime10K":2795,"raceTimeHalf":6563,"raceTimeMarathon":15479},{"userProfilePK":87578117,"calendarDate":"2021-10-17","deviceId":3324959462,"timestamp":"2021-10-17T09:19:52.0","raceTime5K":1309,"raceTime10K":2785,"raceTimeHalf":6516,"raceTimeMarathon":15349},{"userProfilePK":87578117,"calendarDate":"2021-10-18","deviceId":3324959462,"timestamp":"2021-10-18T07:08:47.0","raceTime5K":1311,"raceTime10K":2789,"raceTimeHalf":6527,"raceTimeMarathon":15371},{"userProfilePK":87578117,"calendarDate":"2021-10-18","deviceId":3324959462,"timestamp":"2021-10-18T07:54:28.0","raceTime5K":1311,"raceTime10K":2789,"raceTimeHalf":6527,"raceTimeMarathon":15371},{"userProfilePK":87578117,"calendarDate":"2021-10-18","deviceId":3324959462,"timestamp":"2021-10-18T15:28:57.0","raceTime5K":1311,"raceTime10K":2789,"raceTimeHalf":6527,"raceTimeMarathon":15371},{"userProfilePK":87578117,"calendarDate":"2021-10-18","deviceId":3324959462,"timestamp":"2021-10-18T16:10:50.0","raceTime5K":1311,"raceTime10K":2789,"raceTimeHalf":6527,"raceTimeMarathon":15371},{"userProfilePK":87578117,"calendarDate":"2021-10-18","deviceId":3324959462,"timestamp":"2021-10-18T17:51:44.0","raceTime5K":1311,"raceTime10K":2789,"raceTimeHalf":6527,"raceTimeMarathon":15371},{"userProfilePK":87578117,"calendarDate":"2021-10-18","deviceId":3324959462,"timestamp":"2021-10-17T22:03:55.0","raceTime5K":1311,"raceTime10K":2789,"raceTimeHalf":6527,"raceTimeMarathon":15371},{"userProfilePK":87578117,"calendarDate":"2021-10-19","deviceId":3324959462,"timestamp":"2021-10-18T22:03:59.0","raceTime5K":1311,"raceTime10K":2789,"raceTimeHalf":6527,"raceTimeMarathon":15371},{"userProfilePK":87578117,"calendarDate":"2021-10-19","deviceId":3324959462,"timestamp":"2021-10-19T07:20:24.0","raceTime5K":1311,"raceTime10K":2789,"raceTimeHalf":6527,"raceTimeMarathon":15371},{"userProfilePK":87578117,"calendarDate":"2021-10-19","deviceId":3324959462,"timestamp":"2021-10-19T09:19:06.0","raceTime5K":1311,"raceTime10K":2789,"raceTimeHalf":6527,"raceTimeMarathon":15371},{"userProfilePK":87578117,"calendarDate":"2021-10-19","deviceId":3324959462,"timestamp":"2021-10-19T10:48:57.0","raceTime5K":1311,"raceTime10K":2789,"raceTimeHalf":6527,"raceTimeMarathon":15371},{"userProfilePK":87578117,"calendarDate":"2021-10-19","deviceId":3324959462,"timestamp":"2021-10-19T11:57:20.0","raceTime5K":1311,"raceTime10K":2789,"raceTimeHalf":6527,"raceTimeMarathon":15371},{"userProfilePK":87578117,"calendarDate":"2021-10-19","deviceId":3324959462,"timestamp":"2021-10-19T15:18:49.0","raceTime5K":1311,"raceTime10K":2789,"raceTimeHalf":6527,"raceTimeMarathon":15371},{"userProfilePK":87578117,"calendarDate":"2021-10-19","deviceId":3324959462,"timestamp":"2021-10-19T16:13:16.0","raceTime5K":1305,"raceTime10K":2774,"raceTimeHalf":6486,"raceTimeMarathon":15270},{"userProfilePK":87578117,"calendarDate":"2021-10-19","deviceId":3324959462,"timestamp":"2021-10-19T17:24:59.0","raceTime5K":1305,"raceTime10K":2774,"raceTimeHalf":6486,"raceTimeMarathon":15270},{"userProfilePK":87578117,"calendarDate":"2021-10-20","deviceId":3324959462,"timestamp":"2021-10-19T22:04:06.0","raceTime5K":1305,"raceTime10K":2774,"raceTimeHalf":6486,"raceTimeMarathon":15270},{"userProfilePK":87578117,"calendarDate":"2021-10-20","deviceId":3324959462,"timestamp":"2021-10-20T04:39:40.0","raceTime5K":1305,"raceTime10K":2774,"raceTimeHalf":6486,"raceTimeMarathon":15270},{"userProfilePK":87578117,"calendarDate":"2021-10-20","deviceId":3324959462,"timestamp":"2021-10-20T05:45:12.0","raceTime5K":1298,"raceTime10K":2761,"raceTimeHalf":6456,"raceTimeMarathon":15188},{"userProfilePK":87578117,"calendarDate":"2021-10-20","deviceId":3324959462,"timestamp":"2021-10-20T06:56:45.0","raceTime5K":1298,"raceTime10K":2761,"raceTimeHalf":6456,"raceTimeMarathon":15188},{"userProfilePK":87578117,"calendarDate":"2021-10-20","deviceId":3324959462,"timestamp":"2021-10-20T15:35:24.0","raceTime5K":1298,"raceTime10K":2761,"raceTimeHalf":6456,"raceTimeMarathon":15188},{"userProfilePK":87578117,"calendarDate":"2021-10-20","deviceId":3324959462,"timestamp":"2021-10-20T16:19:25.0","raceTime5K":1298,"raceTime10K":2761,"raceTimeHalf":6456,"raceTimeMarathon":15188},{"userProfilePK":87578117,"calendarDate":"2021-10-21","deviceId":3324959462,"timestamp":"2021-10-21T05:59:22.0","raceTime5K":1298,"raceTime10K":2761,"raceTimeHalf":6456,"raceTimeMarathon":15188},{"userProfilePK":87578117,"calendarDate":"2021-10-21","deviceId":3324959462,"timestamp":"2021-10-21T07:03:18.0","raceTime5K":1298,"raceTime10K":2761,"raceTimeHalf":6456,"raceTimeMarathon":15188},{"userProfilePK":87578117,"calendarDate":"2021-10-21","deviceId":3324959462,"timestamp":"2021-10-21T07:03:40.0","raceTime5K":1298,"raceTime10K":2761,"raceTimeHalf":6456,"raceTimeMarathon":15188},{"userProfilePK":87578117,"calendarDate":"2021-10-21","deviceId":3324959462,"timestamp":"2021-10-21T15:23:35.0","raceTime5K":1298,"raceTime10K":2761,"raceTimeHalf":6456,"raceTimeMarathon":15188},{"userProfilePK":87578117,"calendarDate":"2021-10-21","deviceId":3324959462,"timestamp":"2021-10-21T16:25:44.0","raceTime5K":1295,"raceTime10K":2753,"raceTimeHalf":6436,"raceTimeMarathon":15137},{"userProfilePK":87578117,"calendarDate":"2021-10-21","deviceId":3324959462,"timestamp":"2021-10-20T22:04:13.0","raceTime5K":1298,"raceTime10K":2761,"raceTimeHalf":6456,"raceTimeMarathon":15188},{"userProfilePK":87578117,"calendarDate":"2021-10-22","deviceId":3324959462,"timestamp":"2021-10-22T07:01:20.0","raceTime5K":1298,"raceTime10K":2760,"raceTimeHalf":6451,"raceTimeMarathon":15171},{"userProfilePK":87578117,"calendarDate":"2021-10-22","deviceId":3324959462,"timestamp":"2021-10-22T15:46:33.0","raceTime5K":1298,"raceTime10K":2760,"raceTimeHalf":6451,"raceTimeMarathon":15171},{"userProfilePK":87578117,"calendarDate":"2021-10-22","deviceId":3324959462,"timestamp":"2021-10-21T22:04:18.0","raceTime5K":1298,"raceTime10K":2760,"raceTimeHalf":6451,"raceTimeMarathon":15171},{"userProfilePK":87578117,"calendarDate":"2021-10-23","deviceId":3324959462,"timestamp":"2021-10-22T22:04:25.0","raceTime5K":1298,"raceTime10K":2760,"raceTimeHalf":6451,"raceTimeMarathon":15171},{"userProfilePK":87578117,"calendarDate":"2021-10-23","deviceId":3324959462,"timestamp":"2021-10-23T13:57:11.0","raceTime5K":1298,"raceTime10K":2760,"raceTimeHalf":6451,"raceTimeMarathon":15171},{"userProfilePK":87578117,"calendarDate":"2021-10-23","deviceId":3324959462,"timestamp":"2021-10-23T15:29:36.0","raceTime5K":1298,"raceTime10K":2760,"raceTimeHalf":6451,"raceTimeMarathon":15171},{"userProfilePK":87578117,"calendarDate":"2021-10-23","deviceId":3324959462,"timestamp":"2021-10-23T16:28:34.0","raceTime5K":1299,"raceTime10K":2762,"raceTimeHalf":6457,"raceTimeMarathon":15192},{"userProfilePK":87578117,"calendarDate":"2021-10-23","deviceId":3324959462,"timestamp":"2021-10-23T18:52:18.0","raceTime5K":1299,"raceTime10K":2762,"raceTimeHalf":6457,"raceTimeMarathon":15192},{"userProfilePK":87578117,"calendarDate":"2021-10-23","deviceId":3324959462,"timestamp":"2021-10-23T18:54:00.0","raceTime5K":1299,"raceTime10K":2762,"raceTimeHalf":6457,"raceTimeMarathon":15192},{"userProfilePK":87578117,"calendarDate":"2021-10-24","deviceId":3324959462,"timestamp":"2021-10-23T22:04:30.0","raceTime5K":1300,"raceTime10K":2764,"raceTimeHalf":6461,"raceTimeMarathon":15201},{"userProfilePK":87578117,"calendarDate":"2021-10-24","deviceId":3324959462,"timestamp":"2021-10-24T09:49:32.0","raceTime5K":1294,"raceTime10K":2754,"raceTimeHalf":6434,"raceTimeMarathon":15133},{"userProfilePK":87578117,"calendarDate":"2021-10-25","deviceId":3324959462,"timestamp":"2021-10-25T07:06:26.0","raceTime5K":1296,"raceTime10K":2758,"raceTimeHalf":6441,"raceTimeMarathon":15150},{"userProfilePK":87578117,"calendarDate":"2021-10-25","deviceId":3324959462,"timestamp":"2021-10-25T15:34:34.0","raceTime5K":1296,"raceTime10K":2758,"raceTimeHalf":6441,"raceTimeMarathon":15150},{"userProfilePK":87578117,"calendarDate":"2021-10-25","deviceId":3324959462,"timestamp":"2021-10-25T16:26:22.0","raceTime5K":1296,"raceTime10K":2758,"raceTimeHalf":6441,"raceTimeMarathon":15150},{"userProfilePK":87578117,"calendarDate":"2021-10-25","deviceId":3324959462,"timestamp":"2021-10-25T20:57:05.0","raceTime5K":1296,"raceTime10K":2758,"raceTimeHalf":6441,"raceTimeMarathon":15150},{"userProfilePK":87578117,"calendarDate":"2021-10-25","deviceId":3324959462,"timestamp":"2021-10-25T20:59:06.0","raceTime5K":1296,"raceTime10K":2758,"raceTimeHalf":6441,"raceTimeMarathon":15150},{"userProfilePK":87578117,"calendarDate":"2021-10-25","deviceId":3324959462,"timestamp":"2021-10-24T22:04:35.0","raceTime5K":1296,"raceTime10K":2758,"raceTimeHalf":6441,"raceTimeMarathon":15150},{"userProfilePK":87578117,"calendarDate":"2021-10-26","deviceId":3324959462,"timestamp":"2021-10-25T22:04:40.0","raceTime5K":1298,"raceTime10K":2761,"raceTimeHalf":6449,"raceTimeMarathon":15166},{"userProfilePK":87578117,"calendarDate":"2021-10-26","deviceId":3324959462,"timestamp":"2021-10-26T05:54:56.0","raceTime5K":1298,"raceTime10K":2761,"raceTimeHalf":6449,"raceTimeMarathon":15166},{"userProfilePK":87578117,"calendarDate":"2021-10-26","deviceId":3324959462,"timestamp":"2021-10-26T06:56:47.0","raceTime5K":1298,"raceTime10K":2761,"raceTimeHalf":6449,"raceTimeMarathon":15166},{"userProfilePK":87578117,"calendarDate":"2021-10-26","deviceId":3324959462,"timestamp":"2021-10-26T08:55:43.0","raceTime5K":1298,"raceTime10K":2761,"raceTimeHalf":6449,"raceTimeMarathon":15166},{"userProfilePK":87578117,"calendarDate":"2021-10-26","deviceId":3324959462,"timestamp":"2021-10-26T10:19:12.0","raceTime5K":1298,"raceTime10K":2761,"raceTimeHalf":6449,"raceTimeMarathon":15166},{"userProfilePK":87578117,"calendarDate":"2021-10-26","deviceId":3324959462,"timestamp":"2021-10-26T15:29:25.0","raceTime5K":1298,"raceTime10K":2761,"raceTimeHalf":6449,"raceTimeMarathon":15166},{"userProfilePK":87578117,"calendarDate":"2021-10-26","deviceId":3324959462,"timestamp":"2021-10-26T16:14:42.0","raceTime5K":1278,"raceTime10K":2714,"raceTimeHalf":6331,"raceTimeMarathon":14856},{"userProfilePK":87578117,"calendarDate":"2021-10-26","deviceId":3324959462,"timestamp":"2021-10-26T16:21:05.0","raceTime5K":1278,"raceTime10K":2714,"raceTimeHalf":6331,"raceTimeMarathon":14856},{"userProfilePK":87578117,"calendarDate":"2021-10-27","deviceId":3324959462,"timestamp":"2021-10-26T22:04:48.0","raceTime5K":1279,"raceTime10K":2716,"raceTimeHalf":6336,"raceTimeMarathon":14868},{"userProfilePK":87578117,"calendarDate":"2021-10-27","deviceId":3324959462,"timestamp":"2021-10-27T05:54:23.0","raceTime5K":1279,"raceTime10K":2716,"raceTimeHalf":6336,"raceTimeMarathon":14868},{"userProfilePK":87578117,"calendarDate":"2021-10-27","deviceId":3324959462,"timestamp":"2021-10-27T06:58:35.0","raceTime5K":1279,"raceTime10K":2716,"raceTimeHalf":6336,"raceTimeMarathon":14868},{"userProfilePK":87578117,"calendarDate":"2021-10-27","deviceId":3324959462,"timestamp":"2021-10-27T10:55:43.0","raceTime5K":1279,"raceTime10K":2716,"raceTimeHalf":6336,"raceTimeMarathon":14868},{"userProfilePK":87578117,"calendarDate":"2021-10-27","deviceId":3324959462,"timestamp":"2021-10-27T11:17:41.0","raceTime5K":1279,"raceTime10K":2716,"raceTimeHalf":6336,"raceTimeMarathon":14868},{"userProfilePK":87578117,"calendarDate":"2021-10-27","deviceId":3324959462,"timestamp":"2021-10-27T15:28:52.0","raceTime5K":1279,"raceTime10K":2716,"raceTimeHalf":6336,"raceTimeMarathon":14868},{"userProfilePK":87578117,"calendarDate":"2021-10-27","deviceId":3324959462,"timestamp":"2021-10-27T15:34:44.0","raceTime5K":1279,"raceTime10K":2716,"raceTimeHalf":6336,"raceTimeMarathon":14868},{"userProfilePK":87578117,"calendarDate":"2021-10-27","deviceId":3324959462,"timestamp":"2021-10-27T18:21:42.0","raceTime5K":1279,"raceTime10K":2716,"raceTimeHalf":6336,"raceTimeMarathon":14868},{"userProfilePK":87578117,"calendarDate":"2021-10-28","deviceId":3324959462,"timestamp":"2021-10-28T06:56:48.0","raceTime5K":1279,"raceTime10K":2716,"raceTimeHalf":6336,"raceTimeMarathon":14868},{"userProfilePK":87578117,"calendarDate":"2021-10-28","deviceId":3324959462,"timestamp":"2021-10-28T15:26:02.0","raceTime5K":1279,"raceTime10K":2716,"raceTimeHalf":6336,"raceTimeMarathon":14868},{"userProfilePK":87578117,"calendarDate":"2021-10-28","deviceId":3324959462,"timestamp":"2021-10-28T16:12:41.0","raceTime5K":1258,"raceTime10K":2673,"raceTimeHalf":6226,"raceTimeMarathon":14578},{"userProfilePK":87578117,"calendarDate":"2021-10-28","deviceId":3324959462,"timestamp":"2021-10-28T19:54:30.0","raceTime5K":1258,"raceTime10K":2673,"raceTimeHalf":6226,"raceTimeMarathon":14578},{"userProfilePK":87578117,"calendarDate":"2021-10-28","deviceId":3324959462,"timestamp":"2021-10-27T22:04:56.0","raceTime5K":1279,"raceTime10K":2716,"raceTimeHalf":6336,"raceTimeMarathon":14868},{"userProfilePK":87578117,"calendarDate":"2021-10-29","deviceId":3324959462,"timestamp":"2021-10-28T22:05:01.0","raceTime5K":1258,"raceTime10K":2673,"raceTimeHalf":6226,"raceTimeMarathon":14578},{"userProfilePK":87578117,"calendarDate":"2021-10-30","deviceId":3324959462,"timestamp":"2021-10-29T22:05:07.0","raceTime5K":1261,"raceTime10K":2678,"raceTimeHalf":6237,"raceTimeMarathon":14602},{"userProfilePK":87578117,"calendarDate":"2021-10-30","deviceId":3324959462,"timestamp":"2021-10-30T17:06:40.0","raceTime5K":1261,"raceTime10K":2678,"raceTimeHalf":6237,"raceTimeMarathon":14602},{"userProfilePK":87578117,"calendarDate":"2021-10-30","deviceId":3324959462,"timestamp":"2021-10-30T17:56:33.0","raceTime5K":1254,"raceTime10K":2665,"raceTimeHalf":6204,"raceTimeMarathon":14517},{"userProfilePK":87578117,"calendarDate":"2021-10-30","deviceId":3324959462,"timestamp":"2021-10-30T18:08:17.0","raceTime5K":1254,"raceTime10K":2665,"raceTimeHalf":6204,"raceTimeMarathon":14517},{"userProfilePK":87578117,"calendarDate":"2021-10-30","deviceId":3324959462,"timestamp":"2021-10-30T19:06:50.0","raceTime5K":1254,"raceTime10K":2665,"raceTimeHalf":6204,"raceTimeMarathon":14517},{"userProfilePK":87578117,"calendarDate":"2021-10-31","deviceId":3324959462,"timestamp":"2021-10-30T22:05:13.0","raceTime5K":1254,"raceTime10K":2665,"raceTimeHalf":6204,"raceTimeMarathon":14517},{"userProfilePK":87578117,"calendarDate":"2021-10-31","deviceId":3324959462,"timestamp":"2021-10-31T17:21:34.0","raceTime5K":1253,"raceTime10K":2662,"raceTimeHalf":6199,"raceTimeMarathon":14507},{"userProfilePK":87578117,"calendarDate":"2021-10-31","deviceId":3324959462,"timestamp":"2021-10-31T17:27:44.0","raceTime5K":1253,"raceTime10K":2662,"raceTimeHalf":6199,"raceTimeMarathon":14507},{"userProfilePK":87578117,"calendarDate":"2021-10-31","deviceId":3324959462,"timestamp":"2021-10-31T18:48:03.0","raceTime5K":1253,"raceTime10K":2662,"raceTimeHalf":6199,"raceTimeMarathon":14506},{"userProfilePK":87578117,"calendarDate":"2021-11-01","deviceId":3324959462,"timestamp":"2021-11-01T18:13:21.0","raceTime5K":1253,"raceTime10K":2662,"raceTimeHalf":6199,"raceTimeMarathon":14506},{"userProfilePK":87578117,"calendarDate":"2021-11-01","deviceId":3324959462,"timestamp":"2021-10-31T23:05:21.0","raceTime5K":1253,"raceTime10K":2662,"raceTimeHalf":6199,"raceTimeMarathon":14506},{"userProfilePK":87578117,"calendarDate":"2021-11-02","deviceId":3324959462,"timestamp":"2021-11-01T23:05:31.0","raceTime5K":1257,"raceTime10K":2670,"raceTimeHalf":6216,"raceTimeMarathon":14544},{"userProfilePK":87578117,"calendarDate":"2021-11-02","deviceId":3324959462,"timestamp":"2021-11-02T06:51:38.0","raceTime5K":1257,"raceTime10K":2670,"raceTimeHalf":6216,"raceTimeMarathon":14544},{"userProfilePK":87578117,"calendarDate":"2021-11-02","deviceId":3324959462,"timestamp":"2021-11-02T07:55:09.0","raceTime5K":1257,"raceTime10K":2670,"raceTimeHalf":6216,"raceTimeMarathon":14544},{"userProfilePK":87578117,"calendarDate":"2021-11-02","deviceId":3324959462,"timestamp":"2021-11-02T16:27:46.0","raceTime5K":1257,"raceTime10K":2670,"raceTimeHalf":6216,"raceTimeMarathon":14544},{"userProfilePK":87578117,"calendarDate":"2021-11-02","deviceId":3324959462,"timestamp":"2021-11-02T16:53:09.0","raceTime5K":1257,"raceTime10K":2670,"raceTimeHalf":6216,"raceTimeMarathon":14544},{"userProfilePK":87578117,"calendarDate":"2021-11-02","deviceId":3324959462,"timestamp":"2021-11-02T21:02:53.0","raceTime5K":1242,"raceTime10K":2641,"raceTimeHalf":6117,"raceTimeMarathon":14272},{"userProfilePK":87578117,"calendarDate":"2021-11-03","deviceId":3324959462,"timestamp":"2021-11-02T23:05:42.0","raceTime5K":1242,"raceTime10K":2641,"raceTimeHalf":6117,"raceTimeMarathon":14272},{"userProfilePK":87578117,"calendarDate":"2021-11-03","deviceId":3324959462,"timestamp":"2021-11-03T08:06:25.0","raceTime5K":1242,"raceTime10K":2641,"raceTimeHalf":6117,"raceTimeMarathon":14272},{"userProfilePK":87578117,"calendarDate":"2021-11-03","deviceId":3324959462,"timestamp":"2021-11-03T16:28:04.0","raceTime5K":1242,"raceTime10K":2641,"raceTimeHalf":6117,"raceTimeMarathon":14272},{"userProfilePK":87578117,"calendarDate":"2021-11-03","deviceId":3324959462,"timestamp":"2021-11-03T18:09:28.0","raceTime5K":1242,"raceTime10K":2641,"raceTimeHalf":6117,"raceTimeMarathon":14272},{"userProfilePK":87578117,"calendarDate":"2021-11-04","deviceId":3324959462,"timestamp":"2021-11-04T08:01:19.0","raceTime5K":1244,"raceTime10K":2644,"raceTimeHalf":6123,"raceTimeMarathon":14287},{"userProfilePK":87578117,"calendarDate":"2021-11-04","deviceId":3324959462,"timestamp":"2021-11-04T16:21:49.0","raceTime5K":1244,"raceTime10K":2644,"raceTimeHalf":6123,"raceTimeMarathon":14287},{"userProfilePK":87578117,"calendarDate":"2021-11-04","deviceId":3324959462,"timestamp":"2021-11-04T16:58:03.0","raceTime5K":1239,"raceTime10K":2632,"raceTimeHalf":6099,"raceTimeMarathon":14224},{"userProfilePK":87578117,"calendarDate":"2021-11-04","deviceId":3324959462,"timestamp":"2021-11-04T19:37:12.0","raceTime5K":1239,"raceTime10K":2632,"raceTimeHalf":6099,"raceTimeMarathon":14224},{"userProfilePK":87578117,"calendarDate":"2021-11-04","deviceId":3324959462,"timestamp":"2021-11-03T23:05:52.0","raceTime5K":1244,"raceTime10K":2644,"raceTimeHalf":6123,"raceTimeMarathon":14287},{"userProfilePK":87578117,"calendarDate":"2021-11-05","deviceId":3324959462,"timestamp":"2021-11-05T07:48:33.0","raceTime5K":1239,"raceTime10K":2632,"raceTimeHalf":6099,"raceTimeMarathon":14224},{"userProfilePK":87578117,"calendarDate":"2021-11-05","deviceId":3324959462,"timestamp":"2021-11-05T16:00:34.0","raceTime5K":1239,"raceTime10K":2632,"raceTimeHalf":6099,"raceTimeMarathon":14224},{"userProfilePK":87578117,"calendarDate":"2021-11-05","deviceId":3324959462,"timestamp":"2021-11-05T16:01:37.0","raceTime5K":1239,"raceTime10K":2632,"raceTimeHalf":6099,"raceTimeMarathon":14224},{"userProfilePK":87578117,"calendarDate":"2021-11-05","deviceId":3324959462,"timestamp":"2021-11-05T16:01:40.0","raceTime5K":1239,"raceTime10K":2632,"raceTimeHalf":6099,"raceTimeMarathon":14224},{"userProfilePK":87578117,"calendarDate":"2021-11-05","deviceId":3324959462,"timestamp":"2021-11-04T23:05:55.0","raceTime5K":1239,"raceTime10K":2632,"raceTimeHalf":6099,"raceTimeMarathon":14224},{"userProfilePK":87578117,"calendarDate":"2021-11-06","deviceId":3324959462,"timestamp":"2021-11-05T23:01:01.0","raceTime5K":1239,"raceTime10K":2632,"raceTimeHalf":6099,"raceTimeMarathon":14224},{"userProfilePK":87578117,"calendarDate":"2021-11-07","deviceId":3324959462,"timestamp":"2021-11-06T23:01:07.0","raceTime5K":1244,"raceTime10K":2642,"raceTimeHalf":6120,"raceTimeMarathon":14270},{"userProfilePK":87578117,"calendarDate":"2021-11-08","deviceId":3324959462,"timestamp":"2021-11-08T08:09:53.0","raceTime5K":1244,"raceTime10K":2642,"raceTimeHalf":6120,"raceTimeMarathon":14270},{"userProfilePK":87578117,"calendarDate":"2021-11-08","deviceId":3324959462,"timestamp":"2021-11-08T16:21:55.0","raceTime5K":1244,"raceTime10K":2642,"raceTimeHalf":6120,"raceTimeMarathon":14270},{"userProfilePK":87578117,"calendarDate":"2021-11-08","deviceId":3324959462,"timestamp":"2021-11-08T20:26:00.0","raceTime5K":1244,"raceTime10K":2642,"raceTimeHalf":6120,"raceTimeMarathon":14270},{"userProfilePK":87578117,"calendarDate":"2021-11-08","deviceId":3324959462,"timestamp":"2021-11-07T23:01:12.0","raceTime5K":1244,"raceTime10K":2642,"raceTimeHalf":6120,"raceTimeMarathon":14270},{"userProfilePK":87578117,"calendarDate":"2021-11-09","deviceId":3324959462,"timestamp":"2021-11-08T23:01:19.0","raceTime5K":1247,"raceTime10K":2649,"raceTimeHalf":6136,"raceTimeMarathon":14306},{"userProfilePK":87578117,"calendarDate":"2021-11-09","deviceId":3324959462,"timestamp":"2021-11-09T09:39:11.0","raceTime5K":1247,"raceTime10K":2649,"raceTimeHalf":6136,"raceTimeMarathon":14306},{"userProfilePK":87578117,"calendarDate":"2021-11-09","deviceId":3324959462,"timestamp":"2021-11-09T16:31:16.0","raceTime5K":1247,"raceTime10K":2649,"raceTimeHalf":6136,"raceTimeMarathon":14306},{"userProfilePK":87578117,"calendarDate":"2021-11-09","deviceId":3324959462,"timestamp":"2021-11-09T17:24:56.0","raceTime5K":1239,"raceTime10K":2633,"raceTimeHalf":6095,"raceTimeMarathon":14206},{"userProfilePK":87578117,"calendarDate":"2021-11-09","deviceId":3324959462,"timestamp":"2021-11-09T17:30:52.0","raceTime5K":1239,"raceTime10K":2633,"raceTimeHalf":6095,"raceTimeMarathon":14206},{"userProfilePK":87578117,"calendarDate":"2021-11-10","deviceId":3324959462,"timestamp":"2021-11-09T23:01:25.0","raceTime5K":1239,"raceTime10K":2633,"raceTimeHalf":6095,"raceTimeMarathon":14207},{"userProfilePK":87578117,"calendarDate":"2021-11-10","deviceId":3324959462,"timestamp":"2021-11-10T07:59:06.0","raceTime5K":1239,"raceTime10K":2633,"raceTimeHalf":6095,"raceTimeMarathon":14207},{"userProfilePK":87578117,"calendarDate":"2021-11-10","deviceId":3324959462,"timestamp":"2021-11-10T16:17:19.0","raceTime5K":1239,"raceTime10K":2633,"raceTimeHalf":6095,"raceTimeMarathon":14207},{"userProfilePK":87578117,"calendarDate":"2021-11-11","deviceId":3324959462,"timestamp":"2021-11-11T13:16:03.0","raceTime5K":1240,"raceTime10K":2637,"raceTimeHalf":6103,"raceTimeMarathon":14225},{"userProfilePK":87578117,"calendarDate":"2021-11-11","deviceId":3324959462,"timestamp":"2021-11-11T15:57:08.0","raceTime5K":1240,"raceTime10K":2637,"raceTimeHalf":6103,"raceTimeMarathon":14225},{"userProfilePK":87578117,"calendarDate":"2021-11-11","deviceId":3324959462,"timestamp":"2021-11-11T16:21:49.0","raceTime5K":1238,"raceTime10K":2629,"raceTimeHalf":6087,"raceTimeMarathon":14190},{"userProfilePK":87578117,"calendarDate":"2021-11-11","deviceId":3324959462,"timestamp":"2021-11-11T16:28:25.0","raceTime5K":1238,"raceTime10K":2629,"raceTimeHalf":6087,"raceTimeMarathon":14190},{"userProfilePK":87578117,"calendarDate":"2021-11-11","deviceId":3324959462,"timestamp":"2021-11-10T23:01:28.0","raceTime5K":1240,"raceTime10K":2637,"raceTimeHalf":6103,"raceTimeMarathon":14225},{"userProfilePK":87578117,"calendarDate":"2021-11-12","deviceId":3324959462,"timestamp":"2021-11-12T17:04:11.0","raceTime5K":1238,"raceTime10K":2629,"raceTimeHalf":6087,"raceTimeMarathon":14190},{"userProfilePK":87578117,"calendarDate":"2021-11-12","deviceId":3324959462,"timestamp":"2021-11-11T23:01:32.0","raceTime5K":1238,"raceTime10K":2629,"raceTimeHalf":6087,"raceTimeMarathon":14190},{"userProfilePK":87578117,"calendarDate":"2021-11-13","deviceId":3324959462,"timestamp":"2021-11-12T23:01:39.0","raceTime5K":1240,"raceTime10K":2633,"raceTimeHalf":6097,"raceTimeMarathon":14211},{"userProfilePK":87578117,"calendarDate":"2021-11-13","deviceId":3324959462,"timestamp":"2021-11-13T15:06:16.0","raceTime5K":1240,"raceTime10K":2633,"raceTimeHalf":6097,"raceTimeMarathon":14211},{"userProfilePK":87578117,"calendarDate":"2021-11-14","deviceId":3324959462,"timestamp":"2021-11-13T23:01:47.0","raceTime5K":1241,"raceTime10K":2636,"raceTimeHalf":6102,"raceTimeMarathon":14223},{"userProfilePK":87578117,"calendarDate":"2021-11-14","deviceId":3324959462,"timestamp":"2021-11-14T19:19:09.0","raceTime5K":1241,"raceTime10K":2636,"raceTimeHalf":6102,"raceTimeMarathon":14223},{"userProfilePK":87578117,"calendarDate":"2021-11-15","deviceId":3324959462,"timestamp":"2021-11-15T12:12:08.0","raceTime5K":1241,"raceTime10K":2636,"raceTimeHalf":6102,"raceTimeMarathon":14223},{"userProfilePK":87578117,"calendarDate":"2021-11-15","deviceId":3324959462,"timestamp":"2021-11-15T16:30:25.0","raceTime5K":1241,"raceTime10K":2636,"raceTimeHalf":6102,"raceTimeMarathon":14223},{"userProfilePK":87578117,"calendarDate":"2021-11-15","deviceId":3324959462,"timestamp":"2021-11-15T17:22:27.0","raceTime5K":1241,"raceTime10K":2636,"raceTimeHalf":6102,"raceTimeMarathon":14223},{"userProfilePK":87578117,"calendarDate":"2021-11-15","deviceId":3324959462,"timestamp":"2021-11-15T18:09:21.0","raceTime5K":1241,"raceTime10K":2636,"raceTimeHalf":6102,"raceTimeMarathon":14223},{"userProfilePK":87578117,"calendarDate":"2021-11-15","deviceId":3324959462,"timestamp":"2021-11-14T23:01:55.0","raceTime5K":1241,"raceTime10K":2636,"raceTimeHalf":6102,"raceTimeMarathon":14223},{"userProfilePK":87578117,"calendarDate":"2021-11-16","deviceId":3324959462,"timestamp":"2021-11-15T23:02:03.0","raceTime5K":1248,"raceTime10K":2650,"raceTimeHalf":6135,"raceTimeMarathon":14295},{"userProfilePK":87578117,"calendarDate":"2021-11-16","deviceId":3324959462,"timestamp":"2021-11-16T08:07:33.0","raceTime5K":1248,"raceTime10K":2650,"raceTimeHalf":6135,"raceTimeMarathon":14295},{"userProfilePK":87578117,"calendarDate":"2021-11-16","deviceId":3324959462,"timestamp":"2021-11-16T16:21:52.0","raceTime5K":1248,"raceTime10K":2650,"raceTimeHalf":6135,"raceTimeMarathon":14295},{"userProfilePK":87578117,"calendarDate":"2021-11-16","deviceId":3324959462,"timestamp":"2021-11-16T17:09:17.0","raceTime5K":1239,"raceTime10K":2634,"raceTimeHalf":6095,"raceTimeMarathon":14195},{"userProfilePK":87578117,"calendarDate":"2021-11-16","deviceId":3324959462,"timestamp":"2021-11-16T20:39:30.0","raceTime5K":1239,"raceTime10K":2634,"raceTimeHalf":6095,"raceTimeMarathon":14195},{"userProfilePK":87578117,"calendarDate":"2021-11-16","deviceId":3324959462,"timestamp":"2021-11-16T20:40:35.0","raceTime5K":1239,"raceTime10K":2634,"raceTimeHalf":6095,"raceTimeMarathon":14195},{"userProfilePK":87578117,"calendarDate":"2021-11-17","deviceId":3324959462,"timestamp":"2021-11-16T23:02:09.0","raceTime5K":1239,"raceTime10K":2634,"raceTimeHalf":6095,"raceTimeMarathon":14195},{"userProfilePK":87578117,"calendarDate":"2021-11-17","deviceId":3324959462,"timestamp":"2021-11-17T07:55:52.0","raceTime5K":1239,"raceTime10K":2634,"raceTimeHalf":6095,"raceTimeMarathon":14195},{"userProfilePK":87578117,"calendarDate":"2021-11-17","deviceId":3324959462,"timestamp":"2021-11-17T16:29:57.0","raceTime5K":1239,"raceTime10K":2634,"raceTimeHalf":6095,"raceTimeMarathon":14195},{"userProfilePK":87578117,"calendarDate":"2021-11-17","deviceId":3324959462,"timestamp":"2021-11-17T17:00:56.0","raceTime5K":1239,"raceTime10K":2634,"raceTimeHalf":6095,"raceTimeMarathon":14195},{"userProfilePK":87578117,"calendarDate":"2021-11-17","deviceId":3324959462,"timestamp":"2021-11-17T19:13:03.0","raceTime5K":1239,"raceTime10K":2634,"raceTimeHalf":6095,"raceTimeMarathon":14195},{"userProfilePK":87578117,"calendarDate":"2021-11-18","deviceId":3324959462,"timestamp":"2021-11-18T05:09:59.0","raceTime5K":1240,"raceTime10K":2637,"raceTimeHalf":6101,"raceTimeMarathon":14208},{"userProfilePK":87578117,"calendarDate":"2021-11-18","deviceId":3324959462,"timestamp":"2021-11-18T06:48:01.0","raceTime5K":1240,"raceTime10K":2637,"raceTimeHalf":6101,"raceTimeMarathon":14208},{"userProfilePK":87578117,"calendarDate":"2021-11-18","deviceId":3324959462,"timestamp":"2021-11-18T08:01:08.0","raceTime5K":1240,"raceTime10K":2637,"raceTimeHalf":6101,"raceTimeMarathon":14208},{"userProfilePK":87578117,"calendarDate":"2021-11-18","deviceId":3324959462,"timestamp":"2021-11-18T17:01:04.0","raceTime5K":1222,"raceTime10K":2598,"raceTimeHalf":6005,"raceTimeMarathon":13972},{"userProfilePK":87578117,"calendarDate":"2021-11-18","deviceId":3324959462,"timestamp":"2021-11-17T23:02:18.0","raceTime5K":1240,"raceTime10K":2637,"raceTimeHalf":6101,"raceTimeMarathon":14208},{"userProfilePK":87578117,"calendarDate":"2021-11-19","deviceId":3324959462,"timestamp":"2021-11-19T07:42:05.0","raceTime5K":1211,"raceTime10K":2570,"raceTimeHalf":5938,"raceTimeMarathon":13802},{"userProfilePK":87578117,"calendarDate":"2021-11-19","deviceId":3324959462,"timestamp":"2021-11-19T16:28:16.0","raceTime5K":1211,"raceTime10K":2570,"raceTimeHalf":5938,"raceTimeMarathon":13802},{"userProfilePK":87578117,"calendarDate":"2021-11-19","deviceId":3324959462,"timestamp":"2021-11-18T23:02:25.0","raceTime5K":1222,"raceTime10K":2598,"raceTimeHalf":6005,"raceTimeMarathon":13972},{"userProfilePK":87578117,"calendarDate":"2021-11-20","deviceId":3324959462,"timestamp":"2021-11-19T23:02:31.0","raceTime5K":1211,"raceTime10K":2570,"raceTimeHalf":5938,"raceTimeMarathon":13802},{"userProfilePK":87578117,"calendarDate":"2021-11-20","deviceId":3324959462,"timestamp":"2021-11-20T12:01:45.0","raceTime5K":1211,"raceTime10K":2570,"raceTimeHalf":5938,"raceTimeMarathon":13802},{"userProfilePK":87578117,"calendarDate":"2021-11-21","deviceId":3324959462,"timestamp":"2021-11-20T23:02:38.0","raceTime5K":1211,"raceTime10K":2570,"raceTimeHalf":5938,"raceTimeMarathon":13802},{"userProfilePK":87578117,"calendarDate":"2021-11-21","deviceId":3324959462,"timestamp":"2021-11-21T18:06:07.0","raceTime5K":1211,"raceTime10K":2570,"raceTimeHalf":5938,"raceTimeMarathon":13802},{"userProfilePK":87578117,"calendarDate":"2021-11-21","deviceId":3324959462,"timestamp":"2021-11-21T19:03:03.0","raceTime5K":1201,"raceTime10K":2551,"raceTimeHalf":5892,"raceTimeMarathon":13689},{"userProfilePK":87578117,"calendarDate":"2021-11-21","deviceId":3324959462,"timestamp":"2021-11-21T19:10:38.0","raceTime5K":1201,"raceTime10K":2551,"raceTimeHalf":5892,"raceTimeMarathon":13689},{"userProfilePK":87578117,"calendarDate":"2021-11-22","deviceId":3324959462,"timestamp":"2021-11-22T07:55:24.0","raceTime5K":1201,"raceTime10K":2551,"raceTimeHalf":5907,"raceTimeMarathon":13739},{"userProfilePK":87578117,"calendarDate":"2021-11-22","deviceId":3324959462,"timestamp":"2021-11-22T16:31:29.0","raceTime5K":1201,"raceTime10K":2551,"raceTimeHalf":5907,"raceTimeMarathon":13739},{"userProfilePK":87578117,"calendarDate":"2021-11-22","deviceId":3324959462,"timestamp":"2021-11-21T23:02:44.0","raceTime5K":1201,"raceTime10K":2551,"raceTimeHalf":5907,"raceTimeMarathon":13739},{"userProfilePK":87578117,"calendarDate":"2021-11-23","deviceId":3324959462,"timestamp":"2021-11-22T23:02:50.0","raceTime5K":1203,"raceTime10K":2555,"raceTimeHalf":5932,"raceTimeMarathon":13812},{"userProfilePK":87578117,"calendarDate":"2021-11-23","deviceId":3324959462,"timestamp":"2021-11-23T07:58:32.0","raceTime5K":1203,"raceTime10K":2555,"raceTimeHalf":5932,"raceTimeMarathon":13812},{"userProfilePK":87578117,"calendarDate":"2021-11-23","deviceId":3324959462,"timestamp":"2021-11-23T16:28:57.0","raceTime5K":1203,"raceTime10K":2555,"raceTimeHalf":5932,"raceTimeMarathon":13812},{"userProfilePK":87578117,"calendarDate":"2021-11-23","deviceId":3324959462,"timestamp":"2021-11-23T17:11:44.0","raceTime5K":1201,"raceTime10K":2552,"raceTimeHalf":5924,"raceTimeMarathon":13793},{"userProfilePK":87578117,"calendarDate":"2021-11-24","deviceId":3324959462,"timestamp":"2021-11-23T23:02:57.0","raceTime5K":1203,"raceTime10K":2556,"raceTimeHalf":5949,"raceTimeMarathon":13864},{"userProfilePK":87578117,"calendarDate":"2021-11-24","deviceId":3324959462,"timestamp":"2021-11-24T07:59:27.0","raceTime5K":1203,"raceTime10K":2556,"raceTimeHalf":5949,"raceTimeMarathon":13864},{"userProfilePK":87578117,"calendarDate":"2021-11-24","deviceId":3324959462,"timestamp":"2021-11-24T16:18:30.0","raceTime5K":1203,"raceTime10K":2556,"raceTimeHalf":5949,"raceTimeMarathon":13864},{"userProfilePK":87578117,"calendarDate":"2021-11-24","deviceId":3324959462,"timestamp":"2021-11-24T20:04:18.0","raceTime5K":1203,"raceTime10K":2555,"raceTimeHalf":5948,"raceTimeMarathon":13863},{"userProfilePK":87578117,"calendarDate":"2021-11-25","deviceId":3324959462,"timestamp":"2021-11-25T08:00:38.0","raceTime5K":1204,"raceTime10K":2558,"raceTimeHalf":5956,"raceTimeMarathon":13882},{"userProfilePK":87578117,"calendarDate":"2021-11-25","deviceId":3324959462,"timestamp":"2021-11-25T16:53:34.0","raceTime5K":1204,"raceTime10K":2557,"raceTimeHalf":5958,"raceTimeMarathon":13895},{"userProfilePK":87578117,"calendarDate":"2021-11-25","deviceId":3324959462,"timestamp":"2021-11-24T23:03:03.0","raceTime5K":1204,"raceTime10K":2558,"raceTimeHalf":5956,"raceTimeMarathon":13882},{"userProfilePK":87578117,"calendarDate":"2021-11-26","deviceId":3324959462,"timestamp":"2021-11-26T16:23:59.0","raceTime5K":1204,"raceTime10K":2557,"raceTimeHalf":5958,"raceTimeMarathon":13895},{"userProfilePK":87578117,"calendarDate":"2021-11-26","deviceId":3324959462,"timestamp":"2021-11-26T16:24:59.0","raceTime5K":1204,"raceTime10K":2557,"raceTimeHalf":5958,"raceTimeMarathon":13895},{"userProfilePK":87578117,"calendarDate":"2021-11-26","deviceId":3324959462,"timestamp":"2021-11-25T23:03:10.0","raceTime5K":1204,"raceTime10K":2557,"raceTimeHalf":5958,"raceTimeMarathon":13895},{"userProfilePK":87578117,"calendarDate":"2021-11-27","deviceId":3324959462,"timestamp":"2021-11-26T23:03:17.0","raceTime5K":1206,"raceTime10K":2562,"raceTimeHalf":5968,"raceTimeMarathon":13916},{"userProfilePK":87578117,"calendarDate":"2021-11-28","deviceId":3324959462,"timestamp":"2021-11-27T23:03:23.0","raceTime5K":1209,"raceTime10K":2567,"raceTimeHalf":5981,"raceTimeMarathon":13944},{"userProfilePK":87578117,"calendarDate":"2021-11-29","deviceId":3324959462,"timestamp":"2021-11-28T23:03:30.0","raceTime5K":1209,"raceTime10K":2567,"raceTimeHalf":5994,"raceTimeMarathon":13987},{"userProfilePK":87578117,"calendarDate":"2021-11-30","deviceId":3324959462,"timestamp":"2021-11-29T23:03:37.0","raceTime5K":1211,"raceTime10K":2572,"raceTimeHalf":6017,"raceTimeMarathon":14053},{"userProfilePK":87578117,"calendarDate":"2021-11-30","deviceId":3324959462,"timestamp":"2021-11-30T08:34:56.0","raceTime5K":1211,"raceTime10K":2572,"raceTimeHalf":6017,"raceTimeMarathon":14053},{"userProfilePK":87578117,"calendarDate":"2021-11-30","deviceId":3324959462,"timestamp":"2021-11-30T16:59:09.0","raceTime5K":1211,"raceTime10K":2572,"raceTimeHalf":6017,"raceTimeMarathon":14053},{"userProfilePK":87578117,"calendarDate":"2021-12-01","deviceId":3324959462,"timestamp":"2021-11-30T23:03:45.0","raceTime5K":1211,"raceTime10K":2573,"raceTimeHalf":6030,"raceTimeMarathon":14087},{"userProfilePK":87578117,"calendarDate":"2021-12-01","deviceId":3324959462,"timestamp":"2021-12-01T08:00:55.0","raceTime5K":1211,"raceTime10K":2573,"raceTimeHalf":6030,"raceTimeMarathon":14087},{"userProfilePK":87578117,"calendarDate":"2021-12-01","deviceId":3324959462,"timestamp":"2021-12-01T17:37:10.0","raceTime5K":1211,"raceTime10K":2573,"raceTimeHalf":6030,"raceTimeMarathon":14087},{"userProfilePK":87578117,"calendarDate":"2021-12-02","deviceId":3324959462,"timestamp":"2021-12-02T08:00:44.0","raceTime5K":1215,"raceTime10K":2586,"raceTimeHalf":6063,"raceTimeMarathon":14130},{"userProfilePK":87578117,"calendarDate":"2021-12-02","deviceId":3324959462,"timestamp":"2021-12-02T16:55:39.0","raceTime5K":1212,"raceTime10K":2582,"raceTimeHalf":6052,"raceTimeMarathon":14107},{"userProfilePK":87578117,"calendarDate":"2021-12-02","deviceId":3324959462,"timestamp":"2021-12-01T23:03:54.0","raceTime5K":1215,"raceTime10K":2586,"raceTimeHalf":6063,"raceTimeMarathon":14130},{"userProfilePK":87578117,"calendarDate":"2021-12-03","deviceId":3324959462,"timestamp":"2021-12-03T07:49:20.0","raceTime5K":1202,"raceTime10K":2563,"raceTimeHalf":6005,"raceTimeMarathon":13957},{"userProfilePK":87578117,"calendarDate":"2021-12-03","deviceId":3324959462,"timestamp":"2021-12-03T16:32:36.0","raceTime5K":1202,"raceTime10K":2563,"raceTimeHalf":6005,"raceTimeMarathon":13957},{"userProfilePK":87578117,"calendarDate":"2021-12-03","deviceId":3324959462,"timestamp":"2021-12-02T23:04:00.0","raceTime5K":1214,"raceTime10K":2590,"raceTimeHalf":6074,"raceTimeMarathon":14125}]