[{"userProfilePK":87578117,"calendarDate":"2021-12-03","deviceId":3324959462,"timestamp":"2021-12-03T07:49:20.0","raceTime5K":1202,"raceTime10K":2563,"raceTimeHalf":6005,"raceTimeMarathon":13957},{"userProfilePK":87578117,"calendarDate":"2021-12-03","deviceId":3324959462,"timestamp":"2021-12-03T16:32:36.0","raceTime5K":1202,"raceTime10K":2563,"raceTimeHalf":6005,"raceTimeMarathon":13957},{"userProfilePK":87578117,"calendarDate":"2021-12-03","deviceId":3324959462,"timestamp":"2021-12-02T23:04:00.0","raceTime5K":1214,"raceTime10K":2590,"raceTimeHalf":6074,"raceTimeMarathon":14125},{"userProfilePK":87578117,"calendarDate":"2021-12-04","deviceId":3324959462,"timestamp":"2021-12-03T23:04:06.0","raceTime5K":1206,"raceTime10K":2575,"raceTimeHalf":6035,"raceTimeMarathon":13994},{"userProfilePK":87578117,"calendarDate":"2021-12-05","deviceId":3324959462,"timestamp":"2021-12-04T23:04:15.0","raceTime5K":1208,"raceTime10K":2581,"raceTimeHalf":6049,"raceTimeMarathon":14021},{"userProfilePK":87578117,"calendarDate":"2021-12-05","deviceId":3324959462,"timestamp":"2021-12-05T14:01:27.0","raceTime5K":1208,"raceTime10K":2581,"raceTimeHalf":6049,"raceTimeMarathon":14021},{"userProfilePK":87578117,"calendarDate":"2021-12-05","deviceId":3324959462,"timestamp":"2021-12-05T16:05:36.0","raceTime5K":1208,"raceTime10K":2581,"raceTimeHalf":6049,"raceTimeMarathon":14021},{"userProfilePK":87578117,"calendarDate":"2021-12-05","deviceId":3324959462,"timestamp":"2021-12-05T16:55:01.0","raceTime5K":1206,"raceTime10K":2577,"raceTimeHalf":6039,"raceTimeMarathon":13999},{"userProfilePK":87578117,"calendarDate":"2021-12-06","deviceId":3324959462,"timestamp":"2021-12-06T07:58:10.0","raceTime5K":1206,"raceTime10K":2581,"raceTimeHalf":6051,"raceTimeMarathon":13999},{"userProfilePK":87578117,"calendarDate":"2021-12-06","deviceId":3324959462,"timestamp":"2021-12-06T16:10:24.0","raceTime5K":1206,"raceTime10K":2581,"raceTimeHalf":6051,"raceTimeMarathon":13999},{"userProfilePK":87578117,"calendarDate":"2021-12-06","deviceId":3324959462,"timestamp":"2021-12-06T17:10:41.0","raceTime5K":1206,"raceTime10K":2581,"raceTimeHalf":6051,"raceTimeMarathon":13999},{"userProfilePK":87578117,"calendarDate":"2021-12-06","deviceId":3324959462,"timestamp":"2021-12-06T17:29:40.0","raceTime5K":1206,"raceTime10K":2581,"raceTimeHalf":6051,"raceTimeMarathon":13999},{"userProfilePK":87578117,"calendarDate":"2021-12-06","deviceId":3324959462,"timestamp":"2021-12-06T17:56:49.0","raceTime5K":1206,"raceTime10K":2581,"raceTimeHalf":6051,"raceTimeMarathon":13999},{"userProfilePK":87578117,"calendarDate":"2021-12-06","deviceId":3324959462,"timestamp":"2021-12-06T19:54:33.0","raceTime5K":1206,"raceTime10K":2581,"raceTimeHalf":6051,"raceTimeMarathon":13999},{"userProfilePK":87578117,"calendarDate":"2021-12-06","deviceId":3324959462,"timestamp":"2021-12-05T23:04:27.0","raceTime5K":1206,"raceTime10K":2581,"raceTimeHalf":6051,"raceTimeMarathon":13999},{"userProfilePK":87578117,"calendarDate":"2021-12-07","deviceId":3324959462,"timestamp":"2021-12-06T23:04:35.0","raceTime5K":1207,"raceTime10K":2587,"raceTimeHalf":6067,"raceTimeMarathon":14008},{"userProfilePK":87578117,"calendarDate":"2021-12-07","deviceId":3324959462,"timestamp":"2021-12-07T07:49:17.0","raceTime5K":1207,"raceTime10K":2587,"raceTimeHalf":6067,"raceTimeMarathon":14008},{"userProfilePK":87578117,"calendarDate":"2021-12-07","deviceId":3324959462,"timestamp":"2021-12-07T16:35:14.0","raceTime5K":1207,"raceTime10K":2587,"raceTimeHalf":6067,"raceTimeMarathon":14008},{"userProfilePK":87578117,"calendarDate":"2021-12-07","deviceId":3324959462,"timestamp":"2021-12-07T17:24:48.0","raceTime5K":1204,"raceTime10K":2585,"raceTimeHalf":6067,"raceTimeMarathon":14010},{"userProfilePK":87578117,"calendarDate":"2021-12-08","deviceId":3324959462,"timestamp":"2021-12-07T23:04:53.0","raceTime5K":1206,"raceTime10K":2592,"raceTimeHalf":6087,"raceTimeMarathon":14028},{"userProfilePK":87578117,"calendarDate":"2021-12-08","deviceId":3324959462,"timestamp":"2021-12-08T08:00:27.0","raceTime5K":1206,"raceTime10K":2592,"raceTimeHalf":6087,"raceTimeMarathon":14028},{"userProfilePK":87578117,"calendarDate":"2021-12-08","deviceId":3324959462,"timestamp":"2021-12-08T17:04:51.0","raceTime5K":1206,"raceTime10K":2592,"raceTimeHalf":6087,"raceTimeMarathon":14028},{"userProfilePK":87578117,"calendarDate":"2021-12-08","deviceId":3324959462,"timestamp":"2021-12-08T17:34:20.0","raceTime5K":1206,"raceTime10K":2592,"raceTimeHalf":6087,"raceTimeMarathon":14028},{"userProfilePK":87578117,"calendarDate":"2021-12-09","deviceId":3324959462,"timestamp":"2021-12-09T07:58:01.0","raceTime5K":1210,"raceTime10K":2604,"raceTimeHalf":6116,"raceTimeMarathon":14066},{"userProfilePK":87578117,"calendarDate":"2021-12-09","deviceId":3324959462,"timestamp":"2021-12-09T16:47:20.0","raceTime5K":1207,"raceTime10K":2590,"raceTimeHalf":6083,"raceTimeMarathon":14017},{"userProfilePK":87578117,"calendarDate":"2021-12-09","deviceId":3324959462,"timestamp":"2021-12-08T23:04:59.0","raceTime5K":1210,"raceTime10K":2604,"raceTimeHalf":6116,"raceTimeMarathon":14066},{"userProfilePK":87578117,"calendarDate":"2021-12-10","deviceId":3324959462,"timestamp":"2021-12-10T07:47:15.0","raceTime5K":1201,"raceTime10K":2586,"raceTimeHalf":6076,"raceTimeMarathon":13976},{"userProfilePK":87578117,"calendarDate":"2021-12-10","deviceId":3324959462,"timestamp":"2021-12-10T16:14:46.0","raceTime5K":1201,"raceTime10K":2586,"raceTimeHalf":6076,"raceTimeMarathon":13976},{"userProfilePK":87578117,"calendarDate":"2021-12-10","deviceId":3324959462,"timestamp":"2021-12-09T23:05:02.0","raceTime5K":1207,"raceTime10K":2594,"raceTimeHalf":6095,"raceTimeMarathon":14017},{"userProfilePK":87578117,"calendarDate":"2021-12-11","deviceId":3324959462,"timestamp":"2021-12-10T23:05:07.0","raceTime5K":1205,"raceTime10K":2596,"raceTimeHalf":6100,"raceTimeMarathon":14013},{"userProfilePK":87578117,"calendarDate":"2021-12-12","deviceId":3324959462,"timestamp":"2021-12-11T23:05:13.0","raceTime5K":1205,"raceTime10K":2596,"raceTimeHalf":6100,"raceTimeMarathon":14013},{"userProfilePK":87578117,"calendarDate":"2021-12-12","deviceId":3324959462,"timestamp":"2021-12-12T15:34:26.0","raceTime5K":1205,"raceTime10K":2596,"raceTimeHalf":6100,"raceTimeMarathon":14013},{"userProfilePK":87578117,"calendarDate":"2021-12-12","deviceId":3324959462,"timestamp":"2021-12-12T18:47:42.0","raceTime5K":1205,"raceTime10K":2596,"raceTimeHalf":6100,"raceTimeMarathon":14013},{"userProfilePK":87578117,"calendarDate":"2021-12-13","deviceId":3324959462,"timestamp":"2021-12-13T07:55:59.0","raceTime5K":1205,"raceTime10K":2596,"raceTimeHalf":6100,"raceTimeMarathon":14013},{"userProfilePK":87578117,"calendarDate":"2021-12-13","deviceId":3324959462,"timestamp":"2021-12-13T16:08:20.0","raceTime5K":1205,"raceTime10K":2596,"raceTimeHalf":6100,"raceTimeMarathon":14013},{"userProfilePK":87578117,"calendarDate":"2021-12-13","deviceId":3324959462,"timestamp":"2021-12-12T23:05:19.0","raceTime5K":1205,"raceTime10K":2596,"raceTimeHalf":6100,"raceTimeMarathon":14013},{"userProfilePK":87578117,"calendarDate":"2021-12-14","deviceId":3324959462,"timestamp":"2021-12-13T23:05:26.0","raceTime5K":1207,"raceTime10K":2599,"raceTimeHalf":6108,"raceTimeMarathon":14030},{"userProfilePK":87578117,"calendarDate":"2021-12-14","deviceId":3324959462,"timestamp":"2021-12-14T09:00:35.0","raceTime5K":1207,"raceTime10K":2599,"raceTimeHalf":6108,"raceTimeMarathon":14030},{"userProfilePK":87578117,"calendarDate":"2021-12-14","deviceId":3324959462,"timestamp":"2021-12-14T16:27:55.0","raceTime5K":1207,"raceTime10K":2599,"raceTimeHalf":6108,"raceTimeMarathon":14030},{"userProfilePK":87578117,"calendarDate":"2021-12-14","deviceId":3324959462,"timestamp":"2021-12-14T17:14:44.0","raceTime5K":1198,"raceTime10K":2576,"raceTimeHalf":6051,"raceTimeMarathon":13893},{"userProfilePK":87578117,"calendarDate":"2021-12-14","deviceId":3324959462,"timestamp":"2021-12-14T19:43:11.0","raceTime5K":1198,"raceTime10K":2576,"raceTimeHalf":6051,"raceTimeMarathon":13893},{"userProfilePK":87578117,"calendarDate":"2021-12-15","deviceId":3324959462,"timestamp":"2021-12-14T23:05:33.0","raceTime5K":1198,"raceTime10K":2580,"raceTimeHalf":6065,"raceTimeMarathon":13893},{"userProfilePK":87578117,"calendarDate":"2021-12-15","deviceId":3324959462,"timestamp":"2021-12-15T07:53:25.0","raceTime5K":1198,"raceTime10K":2580,"raceTimeHalf":6065,"raceTimeMarathon":13893},{"userProfilePK":87578117,"calendarDate":"2021-12-15","deviceId":3324959462,"timestamp":"2021-12-15T16:15:20.0","raceTime5K":1198,"raceTime10K":2580,"raceTimeHalf":6065,"raceTimeMarathon":13893},{"userProfilePK":87578117,"calendarDate":"2021-12-15","deviceId":3324959462,"timestamp":"2021-12-15T17:06:03.0","raceTime5K":1198,"raceTime10K":2580,"raceTimeHalf":6065,"raceTimeMarathon":13893},{"userProfilePK":87578117,"calendarDate":"2021-12-16","deviceId":3324959462,"timestamp":"2021-12-16T07:43:41.0","raceTime5K":1201,"raceTime10K":2592,"raceTimeHalf":6095,"raceTimeMarathon":13930},{"userProfilePK":87578117,"calendarDate":"2021-12-16","deviceId":3324959462,"timestamp":"2021-12-16T12:57:37.0","raceTime5K":1201,"raceTime10K":2592,"raceTimeHalf":6095,"raceTimeMarathon":13930},{"userProfilePK":87578117,"calendarDate":"2021-12-16","deviceId":3324959462,"timestamp":"2021-12-16T13:28:59.0","raceTime5K":1201,"raceTime10K":2592,"raceTimeHalf":6095,"raceTimeMarathon":13930},{"userProfilePK":87578117,"calendarDate":"2021-12-16","deviceId":3324959462,"timestamp":"2021-12-16T16:53:30.0","raceTime5K":1198,"raceTime10K":2585,"raceTimeHalf":6079,"raceTimeMarathon":13894},{"userProfilePK":87578117,"calendarDate":"2021-12-16","deviceId":3324959462,"timestamp":"2021-12-15T23:05:38.0","raceTime5K":1201,"raceTime10K":2592,"raceTimeHalf":6095,"raceTimeMarathon":13930},{"userProfilePK":87578117,"calendarDate":"2021-12-17","deviceId":3324959462,"timestamp":"2021-12-17T07:45:38.0","raceTime5K":1202,"raceTime10K":2597,"raceTimeHalf":6109,"raceTimeMarathon":13931},{"userProfilePK":87578117,"calendarDate":"2021-12-17","deviceId":3324959462,"timestamp":"2021-12-17T15:35:10.0","raceTime5K":1202,"raceTime10K":2597,"raceTimeHalf":6109,"raceTimeMarathon":13931},{"userProfilePK":87578117,"calendarDate":"2021-12-17","deviceId":3324959462,"timestamp":"2021-12-16T23:05:44.0","raceTime5K":1202,"raceTime10K":2597,"raceTimeHalf":6109,"raceTimeMarathon":13931},{"userProfilePK":87578117,"calendarDate":"2021-12-18","deviceId":3324959462,"timestamp":"2021-12-17T23:05:48.0","raceTime5K":1202,"raceTime10K":2601,"raceTimeHalf":6123,"raceTimeMarathon":13931},{"userProfilePK":87578117,"calendarDate":"2021-12-19","deviceId":3324959462,"timestamp":"2021-12-18T23:05:53.0","raceTime5K":1208,"raceTime10K":2618,"raceTimeHalf":6164,"raceTimeMarathon":13991},{"userProfilePK":87578117,"calendarDate":"2021-12-19","deviceId":3324959462,"timestamp":"2021-12-19T16:44:32.0","raceTime5K":1198,"raceTime10K":2553,"raceTimeHalf":5984,"raceTimeMarathon":13900},{"userProfilePK":87578117,"calendarDate":"2021-12-19","deviceId":3324959462,"timestamp":"2021-12-19T16:54:38.0","raceTime5K":1198,"raceTime10K":2553,"raceTimeHalf":5984,"raceTimeMarathon":13900},{"userProfilePK":87578117,"calendarDate":"2021-12-20","deviceId":3324959462,"timestamp":"2021-12-20T07:55:37.0","raceTime5K":1198,"raceTime10K":2558,"raceTimeHalf":5998,"raceTimeMarathon":13900},{"userProfilePK":87578117,"calendarDate":"2021-12-20","deviceId":3324959462,"timestamp":"2021-12-20T17:18:31.0","raceTime5K":1198,"raceTime10K":2558,"raceTimeHalf":5998,"raceTimeMarathon":13900},{"userProfilePK":87578117,"calendarDate":"2021-12-20","deviceId":3324959462,"timestamp":"2021-12-19T23:05:59.0","raceTime5K":1198,"raceTime10K":2558,"raceTimeHalf":5998,"raceTimeMarathon":13900},{"userProfilePK":87578117,"calendarDate":"2021-12-21","deviceId":3324959462,"timestamp":"2021-12-20T23:01:05.0","raceTime5K":1203,"raceTime10K":2570,"raceTimeHalf":6027,"raceTimeMarathon":13946},{"userProfilePK":87578117,"calendarDate":"2021-12-21","deviceId":3324959462,"timestamp":"2021-12-21T08:02:31.0","raceTime5K":1203,"raceTime10K":2570,"raceTimeHalf":6027,"raceTimeMarathon":13946},{"userProfilePK":87578117,"calendarDate":"2021-12-21","deviceId":3324959462,"timestamp":"2021-12-21T12:25:58.0","raceTime5K":1202,"raceTime10K":2569,"raceTimeHalf":6028,"raceTimeMarathon":13957},{"userProfilePK":87578117,"calendarDate":"2021-12-21","deviceId":3324959462,"timestamp":"2021-12-21T17:37:10.0","raceTime5K":1202,"raceTime10K":2569,"raceTimeHalf":6028,"raceTimeMarathon":13957},{"userProfilePK":87578117,"calendarDate":"2021-12-22","deviceId":3324959462,"timestamp":"2021-12-21T23:01:12.0","raceTime5K":1203,"raceTime10K":2572,"raceTimeHalf":6035,"raceTimeMarathon":13972},{"userProfilePK":87578117,"calendarDate":"2021-12-22","deviceId":3324959462,"timestamp":"2021-12-22T08:07:41.0","raceTime5K":1203,"raceTime10K":2572,"raceTimeHalf":6035,"raceTimeMarathon":13972},{"userProfilePK":87578117,"calendarDate":"2021-12-22","deviceId":3324959462,"timestamp":"2021-12-22T10:46:10.0","raceTime5K":1203,"raceTime10K":2572,"raceTimeHalf":6035,"raceTimeMarathon":13972},{"userProfilePK":87578117,"calendarDate":"2021-12-22","deviceId":3324959462,"timestamp":"2021-12-22T11:56:04.0","raceTime5K":1203,"raceTime10K":2572,"raceTimeHalf":6035,"raceTimeMarathon":13972},{"userProfilePK":87578117,"calendarDate":"2021-12-22","deviceId":3324959462,"timestamp":"2021-12-22T16:22:33.0","raceTime5K":1203,"raceTime10K":2572,"raceTimeHalf":6035,"raceTimeMarathon":13972},{"userProfilePK":87578117,"calendarDate":"2021-12-22","deviceId":3324959462,"timestamp":"2021-12-22T17:10:36.0","raceTime5K":1203,"raceTime10K":2572,"raceTimeHalf":6035,"raceTimeMarathon":13972},{"userProfilePK":87578117,"calendarDate":"2021-12-23","deviceId":3324959462,"timestamp":"2021-12-23T08:23:25.0","raceTime5K":1209,"raceTime10K":2585,"raceTimeHalf":6064,"raceTimeMarathon":14035},{"userProfilePK":87578117,"calendarDate":"2021-12-23","deviceId":3324959462,"timestamp":"2021-12-23T13:33:19.0","raceTime5K":1209,"raceTime10K":2585,"raceTimeHalf":6064,"raceTimeMarathon":14035},{"userProfilePK":87578117,"calendarDate":"2021-12-23","deviceId":3324959462,"timestamp":"2021-12-23T17:47:51.0","raceTime5K":1193,"raceTime10K":2550,"raceTimeHalf":5978,"raceTimeMarathon":13822},{"userProfilePK":87578117,"calendarDate":"2021-12-23","deviceId":3324959462,"timestamp":"2021-12-22T23:01:21.0","raceTime5K":1209,"raceTime10K":2585,"raceTimeHalf":6064,"raceTimeMarathon":14035},{"userProfilePK":87578117,"calendarDate":"2021-12-24","deviceId":3324959462,"timestamp":"2021-12-24T17:52:36.0","raceTime5K":1197,"raceTime10K":2557,"raceTimeHalf":5994,"raceTimeMarathon":13856},{"userProfilePK":87578117,"calendarDate":"2021-12-24","deviceId":3324959462,"timestamp":"2021-12-23T23:01:26.0","raceTime5K":1197,"raceTime10K":2557,"raceTimeHalf":5994,"raceTimeMarathon":13856},{"userProfilePK":87578117,"calendarDate":"2021-12-25","deviceId":3324959462,"timestamp":"2021-12-24T23:01:33.0","raceTime5K":1198,"raceTime10K":2560,"raceTimeHalf":6001,"raceTimeMarathon":13872},{"userProfilePK":87578117,"calendarDate":"2021-12-26","deviceId":3324959462,"timestamp":"2021-12-25T23:01:40.0","raceTime5K":1202,"raceTime10K":2567,"raceTimeHalf":6016,"raceTimeMarathon":13905},{"userProfilePK":87578117,"calendarDate":"2021-12-27","deviceId":3324959462,"timestamp":"2021-12-26T23:01:46.0","raceTime5K":1202,"raceTime10K":2567,"raceTimeHalf":6016,"raceTimeMarathon":13905},{"userProfilePK":87578117,"calendarDate":"2021-12-28","deviceId":3324959462,"timestamp":"2021-12-27T23:01:52.0","raceTime5K":1206,"raceTime10K":2577,"raceTimeHalf":6038,"raceTimeMarathon":13951},{"userProfilePK":87578117,"calendarDate":"2021-12-29","deviceId":3324959462,"timestamp":"2021-12-28T23:01:57.0","raceTime5K":1208,"raceTime10K":2580,"raceTimeHalf":6045,"raceTimeMarathon":13967},{"userProfilePK":87578117,"calendarDate":"2021-12-30","deviceId":3324959462,"timestamp":"2021-12-29T23:02:01.0","raceTime5K":1211,"raceTime10K":2587,"raceTimeHalf":6060,"raceTimeMarathon":13999},{"userProfilePK":87578117,"calendarDate":"2021-12-31","deviceId":3324959462,"timestamp":"2021-12-30T23:02:07.0","raceTime5K":1211,"raceTime10K":2588,"raceTimeHalf":6063,"raceTimeMarathon":13999},{"userProfilePK":87578117,"calendarDate":"2022-01-01","deviceId":3324959462,"timestamp":"2021-12-31T23:02:13.0","raceTime5K":1213,"raceTime10K":2591,"raceTimeHalf":6070,"raceTimeMarathon":14013},{"userProfilePK":87578117,"calendarDate":"2022-01-02","deviceId":3324959462,"timestamp":"2022-01-01T23:02:20.0","raceTime5K":1242,"raceTime10K":2653,"raceTimeHalf":6209,"raceTimeMarathon":14316},{"userProfilePK":87578117,"calendarDate":"2022-01-03","deviceId":3324959462,"timestamp":"2022-01-03T08:43:21.0","raceTime5K":1246,"raceTime10K":2662,"raceTimeHalf":6229,"raceTimeMarathon":14359},{"userProfilePK":87578117,"calendarDate":"2022-01-03","deviceId":3324959462,"timestamp":"2022-01-03T12:08:40.0","raceTime5K":1234,"raceTime10K":2637,"raceTimeHalf":6174,"raceTimeMarathon":14250},{"userProfilePK":87578117,"calendarDate":"2022-01-03","deviceId":3324959462,"timestamp":"2022-01-03T17:32:39.0","raceTime5K":1233,"raceTime10K":2634,"raceTimeHalf":6167,"raceTimeMarathon":14235},{"userProfilePK":87578117,"calendarDate":"2022-01-03","deviceId":3324959462,"timestamp":"2022-01-02T23:02:25.0","raceTime5K":1248,"raceTime10K":2666,"raceTimeHalf":6238,"raceTimeMarathon":14379},{"userProfilePK":87578117,"calendarDate":"2022-01-04","deviceId":3324959462,"timestamp":"2022-01-03T23:02:33.0","raceTime5K":1248,"raceTime10K":2667,"raceTimeHalf":6241,"raceTimeMarathon":14395},{"userProfilePK":87578117,"calendarDate":"2022-01-05","deviceId":3324959462,"timestamp":"2022-01-04T23:02:40.0","raceTime5K":1255,"raceTime10K":2681,"raceTimeHalf":6273,"raceTimeMarathon":14464},{"userProfilePK":87578117,"calendarDate":"2022-01-06","deviceId":3324959462,"timestamp":"2022-01-05T23:02:46.0","raceTime5K":1259,"raceTime10K":2689,"raceTimeHalf":6291,"raceTimeMarathon":14503},{"userProfilePK":87578117,"calendarDate":"2022-01-07","deviceId":3324959462,"timestamp":"2022-01-06T23:02:52.0","raceTime5K":1259,"raceTime10K":2689,"raceTimeHalf":6291,"raceTimeMarathon":14503},{"userProfilePK":87578117,"calendarDate":"2022-01-08","deviceId":3324959462,"timestamp":"2022-01-07T23:02:58.0","raceTime5K":1261,"raceTime10K":2693,"raceTimeHalf":6300,"raceTimeMarathon":14523},{"userProfilePK":87578117,"calendarDate":"2022-01-09","deviceId":3324959462,"timestamp":"2022-01-08T23:03:05.0","raceTime5K":1262,"raceTime10K":2696,"raceTimeHalf":6305,"raceTimeMarathon":14535},{"userProfilePK":87578117,"calendarDate":"2022-01-10","deviceId":3324959462,"timestamp":"2022-01-09T23:03:10.0","raceTime5K":1262,"raceTime10K":2696,"raceTimeHalf":6305,"raceTimeMarathon":14535},{"userProfilePK":87578117,"calendarDate":"2022-01-11","deviceId":3324959462,"timestamp":"2022-01-10T23:03:15.0","raceTime5K":1267,"raceTime10K":2704,"raceTimeHalf":6325,"raceTimeMarathon":14578},{"userProfilePK":87578117,"calendarDate":"2022-01-11","deviceId":3324959462,"timestamp":"2022-01-11T07:39:01.0","raceTime5K":1267,"raceTime10K":2704,"raceTimeHalf":6325,"raceTimeMarathon":14578},{"userProfilePK":87578117,"calendarDate":"2022-01-11","deviceId":3324959462,"timestamp":"2022-01-11T16:01:21.0","raceTime5K":1265,"raceTime10K":2701,"raceTimeHalf":6323,"raceTimeMarathon":14581},{"userProfilePK":87578117,"calendarDate":"2022-01-11","deviceId":3324959462,"timestamp":"2022-01-11T16:44:49.0","raceTime5K":1265,"raceTime10K":2701,"raceTimeHalf":6323,"raceTimeMarathon":14581},{"userProfilePK":87578117,"calendarDate":"2022-01-12","deviceId":3324959462,"timestamp":"2022-01-11T23:03:21.0","raceTime5K":1265,"raceTime10K":2701,"raceTimeHalf":6323,"raceTimeMarathon":14581},{"userProfilePK":87578117,"calendarDate":"2022-01-12","deviceId":3324959462,"timestamp":"2022-01-12T07:59:56.0","raceTime5K":1265,"raceTime10K":2701,"raceTimeHalf":6323,"raceTimeMarathon":14581},{"userProfilePK":87578117,"calendarDate":"2022-01-12","deviceId":3324959462,"timestamp":"2022-01-12T12:27:17.0","raceTime5K":1269,"raceTime10K":2711,"raceTimeHalf":6348,"raceTimeMarathon":14648},{"userProfilePK":87578117,"calendarDate":"2022-01-12","deviceId":3324959462,"timestamp":"2022-01-12T15:49:00.0","raceTime5K":1269,"raceTime10K":2711,"raceTimeHalf":6348,"raceTimeMarathon":14648},{"userProfilePK":87578117,"calendarDate":"2022-01-13","deviceId":3324959462,"timestamp":"2022-01-13T08:32:47.0","raceTime5K":1271,"raceTime10K":2714,"raceTimeHalf":6354,"raceTimeMarathon":14661},{"userProfilePK":87578117,"calendarDate":"2022-01-13","deviceId":3324959462,"timestamp":"2022-01-13T11:50:38.0","raceTime5K":1271,"raceTime10K":2714,"raceTimeHalf":6354,"raceTimeMarathon":14661},{"userProfilePK":87578117,"calendarDate":"2022-01-13","deviceId":3324959462,"timestamp":"2022-01-12T23:03:27.0","raceTime5K":1271,"raceTime10K":2714,"raceTimeHalf":6354,"raceTimeMarathon":14661},{"userProfilePK":87578117,"calendarDate":"2022-01-14","deviceId":3324959462,"timestamp":"2022-01-13T23:03:34.0","raceTime5K":1271,"raceTime10K":2714,"raceTimeHalf":6354,"raceTimeMarathon":14661},{"userProfilePK":87578117,"calendarDate":"2022-01-15","deviceId":3324959462,"timestamp":"2022-01-14T23:03:38.0","raceTime5K":1271,"raceTime10K":2714,"raceTimeHalf":6354,"raceTimeMarathon":14661},{"userProfilePK":87578117,"calendarDate":"2022-01-16","deviceId":3324959462,"timestamp":"2022-01-15T23:03:42.0","raceTime5K":1271,"raceTime10K":2714,"raceTimeHalf":6354,"raceTimeMarathon":14661},{"userProfilePK":87578117,"calendarDate":"2022-01-16","deviceId":3324959462,"timestamp":"2022-01-16T15:58:39.0","raceTime5K":1244,"raceTime10K":2641,"raceTimeHalf":6177,"raceTimeMarathon":14374},{"userProfilePK":87578117,"calendarDate":"2022-01-16","deviceId":3324959462,"timestamp":"2022-01-16T22:45:49.0","raceTime5K":1244,"raceTime10K":2641,"raceTimeHalf":6177,"raceTimeMarathon":14374},{"userProfilePK":87578117,"calendarDate":"2022-01-17","deviceId":3324959462,"timestamp":"2022-01-17T07:56:53.0","raceTime5K":1261,"raceTime10K":2676,"raceTimeHalf":6257,"raceTimeMarathon":14548},{"userProfilePK":87578117,"calendarDate":"2022-01-17","deviceId":3324959462,"timestamp":"2022-01-17T17:40:19.0","raceTime5K":1259,"raceTime10K":2672,"raceTimeHalf":6248,"raceTimeMarathon":14529},{"userProfilePK":87578117,"calendarDate":"2022-01-17","deviceId":3324959462,"timestamp":"2022-01-16T23:03:49.0","raceTime5K":1262,"raceTime10K":2679,"raceTimeHalf":6264,"raceTimeMarathon":14563},{"userProfilePK":87578117,"calendarDate":"2022-01-18","deviceId":3324959462,"timestamp":"2022-01-17T23:03:55.0","raceTime5K":1261,"raceTime10K":2677,"raceTimeHalf":6258,"raceTimeMarathon":14550},{"userProfilePK":87578117,"calendarDate":"2022-01-18","deviceId":3324959462,"timestamp":"2022-01-18T12:25:14.0","raceTime5K":1231,"raceTime10K":2614,"raceTimeHalf":6117,"raceTimeMarathon":14244},{"userProfilePK":87578117,"calendarDate":"2022-01-19","deviceId":3324959462,"timestamp":"2022-01-18T23:04:00.0","raceTime5K":1231,"raceTime10K":2614,"raceTimeHalf":6117,"raceTimeMarathon":14244},{"userProfilePK":87578117,"calendarDate":"2022-01-19","deviceId":3324959462,"timestamp":"2022-01-19T17:11:12.0","raceTime5K":1231,"raceTime10K":2614,"raceTimeHalf":6117,"raceTimeMarathon":14244},{"userProfilePK":87578117,"calendarDate":"2022-01-19","deviceId":3324959462,"timestamp":"2022-01-19T18:29:49.0","raceTime5K":1231,"raceTime10K":2614,"raceTimeHalf":6117,"raceTimeMarathon":14244},{"userProfilePK":87578117,"calendarDate":"2022-01-20","deviceId":3324959462,"timestamp":"2022-01-20T20:08:19.0","raceTime5K":1232,"raceTime10K":2616,"raceTimeHalf":6123,"raceTimeMarathon":14256},{"userProfilePK":87578117,"calendarDate":"2022-01-20","deviceId":3324959462,"timestamp":"2022-01-19T23:04:05.0","raceTime5K":1232,"raceTime10K":2616,"raceTimeHalf":6123,"raceTimeMarathon":14256},{"userProfilePK":87578117,"calendarDate":"2022-01-21","deviceId":3324959462,"timestamp":"2022-01-21T12:23:14.0","raceTime5K":1230,"raceTime10K":2611,"raceTimeHalf":6117,"raceTimeMarathon":14242},{"userProfilePK":87578117,"calendarDate":"2022-01-21","deviceId":3324959462,"timestamp":"2022-01-20T23:04:12.0","raceTime5K":1232,"raceTime10K":2617,"raceTimeHalf":6128,"raceTimeMarathon":14262},{"userProfilePK":87578117,"calendarDate":"2022-01-22","deviceId":3324959462,"timestamp":"2022-01-21T23:04:18.0","raceTime5K":1230,"raceTime10K":2611,"raceTimeHalf":6117,"raceTimeMarathon":14242},{"userProfilePK":87578117,"calendarDate":"2022-01-22","deviceId":3324959462,"timestamp":"2022-01-22T09:25:44.0","raceTime5K":1219,"raceTime10K":2587,"raceTimeHalf":6010,"raceTimeMarathon":13983},{"userProfilePK":87578117,"calendarDate":"2022-01-22","deviceId":3324959462,"timestamp":"2022-01-22T16:43:37.0","raceTime5K":1217,"raceTime10K":2581,"raceTimeHalf":5944,"raceTimeMarathon":13782},{"userProfilePK":87578117,"calendarDate":"2022-01-23","deviceId":3324959462,"timestamp":"2022-01-22T23:04:23.0","raceTime5K":1217,"raceTime10K":2581,"raceTimeHalf":5944,"raceTimeMarathon":13782},{"userProfilePK":87578117,"calendarDate":"2022-01-23","deviceId":3324959462,"timestamp":"2022-01-23T10:07:25.0","raceTime5K":1217,"raceTime10K":2581,"raceTimeHalf":5942,"raceTimeMarathon":13778},{"userProfilePK":87578117,"calendarDate":"2022-01-24","deviceId":3324959462,"timestamp":"2022-01-24T12:14:22.0","raceTime5K":1217,"raceTime10K":2581,"raceTimeHalf":5942,"raceTimeMarathon":13778},{"userProfilePK":87578117,"calendarDate":"2022-01-24","deviceId":3324959462,"timestamp":"2022-01-24T17:30:08.0","raceTime5K":1215,"raceTime10K":2576,"raceTimeHalf":5929,"raceTimeMarathon":13752},{"userProfilePK":87578117,"calendarDate":"2022-01-24","deviceId":3324959462,"timestamp":"2022-01-23T23:04:32.0","raceTime5K":1217,"raceTime10K":2581,"raceTimeHalf":5942,"raceTimeMarathon":13778},{"userProfilePK":87578117,"calendarDate":"2022-01-25","deviceId":3324959462,"timestamp":"2022-01-24T23:04:37.0","raceTime5K":1217,"raceTime10K":2579,"raceTimeHalf":5936,"raceTimeMarathon":13767},{"userProfilePK":87578117,"calendarDate":"2022-01-25","deviceId":3324959462,"timestamp":"2022-01-25T07:53:20.0","raceTime5K":1216,"raceTime10K":2580,"raceTimeHalf":5937,"raceTimeMarathon":13766},{"userProfilePK":87578117,"calendarDate":"2022-01-25","deviceId":3324959462,"timestamp":"2022-01-25T12:03:29.0","raceTime5K":1216,"raceTime10K":2580,"raceTimeHalf":5937,"raceTimeMarathon":13766},{"userProfilePK":87578117,"calendarDate":"2022-01-25","deviceId":3324959462,"timestamp":"2022-01-25T17:38:25.0","raceTime5K":1214,"raceTime10K":2576,"raceTimeHalf":5918,"raceTimeMarathon":13714},{"userProfilePK":87578117,"calendarDate":"2022-01-26","deviceId":3324959462,"timestamp":"2022-01-25T23:04:41.0","raceTime5K":1214,"raceTime10K":2576,"raceTimeHalf":5918,"raceTimeMarathon":13715},{"userProfilePK":87578117,"calendarDate":"2022-01-26","deviceId":3324959462,"timestamp":"2022-01-26T07:50:39.0","raceTime5K":1214,"raceTime10K":2575,"raceTimeHalf":5917,"raceTimeMarathon":13713},{"userProfilePK":87578117,"calendarDate":"2022-01-26","deviceId":3324959462,"timestamp":"2022-01-26T19:02:02.0","raceTime5K":1211,"raceTime10K":2570,"raceTimeHalf":5909,"raceTimeMarathon":13696},{"userProfilePK":87578117,"calendarDate":"2022-01-27","deviceId":3324959462,"timestamp":"2022-01-27T07:58:35.0","raceTime5K":1213,"raceTime10K":2574,"raceTimeHalf":5917,"raceTimeMarathon":13714},{"userProfilePK":87578117,"calendarDate":"2022-01-27","deviceId":3324959462,"timestamp":"2022-01-27T17:20:05.0","raceTime5K":1213,"raceTime10K":2574,"raceTimeHalf":5917,"raceTimeMarathon":13714},{"userProfilePK":87578117,"calendarDate":"2022-01-27","deviceId":3324959462,"timestamp":"2022-01-26T23:04:44.0","raceTime5K":1213,"raceTime10K":2574,"raceTimeHalf":5917,"raceTimeMarathon":13714},{"userProfilePK":87578117,"calendarDate":"2022-01-28","deviceId":3324959462,"timestamp":"2022-01-27T23:04:49.0","raceTime5K":1214,"raceTime10K":2577,"raceTimeHalf":5932,"raceTimeMarathon":13748},{"userProfilePK":87578117,"calendarDate":"2022-01-29","deviceId":3324959462,"timestamp":"2022-01-28T23:04:54.0","raceTime5K":1214,"raceTime10K":2577,"raceTimeHalf":5945,"raceTimeMarathon":13777},{"userProfilePK":87578117,"calendarDate":"2022-01-29","deviceId":3324959462,"timestamp":"2022-01-29T05:59:18.0","raceTime5K":1215,"raceTime10K":2580,"raceTimeHalf":5937,"raceTimeMarathon":13765},{"userProfilePK":87578117,"calendarDate":"2022-01-29","deviceId":3324959462,"timestamp":"2022-01-29T09:16:45.0","raceTime5K":1215,"raceTime10K":2580,"raceTimeHalf":5930,"raceTimeMarathon":13747},{"userProfilePK":87578117,"calendarDate":"2022-01-30","deviceId":3324959462,"timestamp":"2022-01-29T23:04:58.0","raceTime5K":1217,"raceTime10K":2584,"raceTimeHalf":5961,"raceTimeMarathon":13818},{"userProfilePK":87578117,"calendarDate":"2022-01-30","deviceId":3324959462,"timestamp":"2022-01-30T06:16:36.0","raceTime5K":1218,"raceTime10K":2583,"raceTimeHalf":5958,"raceTimeMarathon":13815},{"userProfilePK":87578117,"calendarDate":"2022-01-31","deviceId":3324959462,"timestamp":"2022-01-31T05:45:55.0","raceTime5K":1217,"raceTime10K":2582,"raceTimeHalf":5988,"raceTimeMarathon":13901},{"userProfilePK":87578117,"calendarDate":"2022-01-31","deviceId":3324959462,"timestamp":"2022-01-30T23:05:01.0","raceTime5K":1218,"raceTime10K":2583,"raceTimeHalf":5993,"raceTimeMarathon":13912},{"userProfilePK":87578117,"calendarDate":"2022-02-01","deviceId":3324959462,"timestamp":"2022-01-31T23:05:07.0","raceTime5K":1218,"raceTime10K":2583,"raceTimeHalf":6013,"raceTimeMarathon":13975},{"userProfilePK":87578117,"calendarDate":"2022-02-01","deviceId":3324959462,"timestamp":"2022-02-01T05:03:08.0","raceTime5K":1215,"raceTime10K":2582,"raceTimeHalf":5990,"raceTimeMarathon":13927},{"userProfilePK":87578117,"calendarDate":"2022-02-01","deviceId":3324959462,"timestamp":"2022-02-01T07:21:16.0","raceTime5K":1215,"raceTime10K":2582,"raceTimeHalf":5990,"raceTimeMarathon":13927},{"userProfilePK":87578117,"calendarDate":"2022-02-01","deviceId":3324959462,"timestamp":"2022-02-01T08:01:09.0","raceTime5K":1215,"raceTime10K":2582,"raceTimeHalf":5989,"raceTimeMarathon":13924},{"userProfilePK":87578117,"calendarDate":"2022-02-01","deviceId":3324959462,"timestamp":"2022-02-01T12:20:14.0","raceTime5K":1215,"raceTime10K":2582,"raceTimeHalf":5972,"raceTimeMarathon":13886},{"userProfilePK":87578117,"calendarDate":"2022-02-01","deviceId":3324959462,"timestamp":"2022-02-01T18:12:24.0","raceTime5K":1215,"raceTime10K":2582,"raceTimeHalf":5970,"raceTimeMarathon":13881},{"userProfilePK":87578117,"calendarDate":"2022-02-01","deviceId":3324959462,"timestamp":"2022-02-01T19:39:24.0","raceTime5K":1215,"raceTime10K":2582,"raceTimeHalf":5970,"raceTimeMarathon":13881},{"userProfilePK":87578117,"calendarDate":"2022-02-02","deviceId":3324959462,"timestamp":"2022-02-01T23:05:12.0","raceTime5K":1215,"raceTime10K":2582,"raceTimeHalf":6005,"raceTimeMarathon":13978},{"userProfilePK":87578117,"calendarDate":"2022-02-02","deviceId":3324959462,"timestamp":"2022-02-02T05:57:55.0","raceTime5K":1215,"raceTime10K":2582,"raceTimeHalf":5992,"raceTimeMarathon":13948},{"userProfilePK":87578117,"calendarDate":"2022-02-02","deviceId":3324959462,"timestamp":"2022-02-02T08:06:18.0","raceTime5K":1215,"raceTime10K":2582,"raceTimeHalf":5990,"raceTimeMarathon":13944},{"userProfilePK":87578117,"calendarDate":"2022-02-02","deviceId":3324959462,"timestamp":"2022-02-02T12:27:44.0","raceTime5K":1213,"raceTime10K":2577,"raceTimeHalf":5977,"raceTimeMarathon":13910},{"userProfilePK":87578117,"calendarDate":"2022-02-02","deviceId":3324959462,"timestamp":"2022-02-02T17:26:27.0","raceTime5K":1213,"raceTime10K":2577,"raceTimeHalf":5977,"raceTimeMarathon":13910},{"userProfilePK":87578117,"calendarDate":"2022-02-02","deviceId":3324959462,"timestamp":"2022-02-02T20:54:02.0","raceTime5K":1213,"raceTime10K":2577,"raceTimeHalf":5977,"raceTimeMarathon":13910},{"userProfilePK":87578117,"calendarDate":"2022-02-03","deviceId":3324959462,"timestamp":"2022-02-03T06:02:48.0","raceTime5K":1215,"raceTime10K":2580,"raceTimeHalf":6000,"raceTimeMarathon":13980},{"userProfilePK":87578117,"calendarDate":"2022-02-03","deviceId":3324959462,"timestamp":"2022-02-03T07:54:58.0","raceTime5K":1215,"raceTime10K":2580,"raceTimeHalf":6000,"raceTimeMarathon":13980},{"userProfilePK":87578117,"calendarDate":"2022-02-03","deviceId":3324959462,"timestamp":"2022-02-03T12:13:24.0","raceTime5K":1213,"raceTime10K":2573,"raceTimeHalf":5982,"raceTimeMarathon":13940},{"userProfilePK":87578117,"calendarDate":"2022-02-03","deviceId":3324959462,"timestamp":"2022-02-03T17:34:01.0","raceTime5K":1213,"raceTime10K":2573,"raceTimeHalf":5982,"raceTimeMarathon":13940},{"userProfilePK":87578117,"calendarDate":"2022-02-03","deviceId":3324959462,"timestamp":"2022-02-02T23:05:18.0","raceTime5K":1215,"raceTime10K":2580,"raceTimeHalf":6000,"raceTimeMarathon":13980},{"userProfilePK":87578117,"calendarDate":"2022-02-04","deviceId":3324959462,"timestamp":"2022-02-04T07:15:33.0","raceTime5K":1212,"raceTime10K":2574,"raceTimeHalf":6001,"raceTimeMarathon":14004},{"userProfilePK":87578117,"calendarDate":"2022-02-04","deviceId":3324959462,"timestamp":"2022-02-04T21:53:07.0","raceTime5K":1211,"raceTime10K":2571,"raceTimeHalf":5941,"raceTimeMarathon":13816},{"userProfilePK":87578117,"calendarDate":"2022-02-04","deviceId":3324959462,"timestamp":"2022-02-03T23:05:23.0","raceTime5K":1213,"raceTime10K":2573,"raceTimeHalf":5999,"raceTimeMarathon":13996},{"userProfilePK":87578117,"calendarDate":"2022-02-05","deviceId":3324959462,"timestamp":"2022-02-04T23:05:30.0","raceTime5K":1211,"raceTime10K":2571,"raceTimeHalf":5941,"raceTimeMarathon":13816},{"userProfilePK":87578117,"calendarDate":"2022-02-05","deviceId":3324959462,"timestamp":"2022-02-05T07:34:03.0","raceTime5K":1210,"raceTime10K":2569,"raceTimeHalf":5938,"raceTimeMarathon":13809},{"userProfilePK":87578117,"calendarDate":"2022-02-06","deviceId":3324959462,"timestamp":"2022-02-05T23:05:36.0","raceTime5K":1210,"raceTime10K":2569,"raceTimeHalf":5938,"raceTimeMarathon":13809},{"userProfilePK":87578117,"calendarDate":"2022-02-06","deviceId":3324959462,"timestamp":"2022-02-06T13:57:51.0","raceTime5K":1209,"raceTime10K":2567,"raceTimeHalf":5934,"raceTimeMarathon":13800},{"userProfilePK":87578117,"calendarDate":"2022-02-07","deviceId":3324959462,"timestamp":"2022-02-07T05:56:25.0","raceTime5K":1209,"raceTime10K":2567,"raceTimeHalf":5934,"raceTimeMarathon":13800},{"userProfilePK":87578117,"calendarDate":"2022-02-07","deviceId":3324959462,"timestamp":"2022-02-07T07:36:00.0","raceTime5K":1209,"raceTime10K":2567,"raceTimeHalf":5934,"raceTimeMarathon":13800},{"userProfilePK":87578117,"calendarDate":"2022-02-07","deviceId":3324959462,"timestamp":"2022-02-07T07:56:59.0","raceTime5K":1209,"raceTime10K":2567,"raceTimeHalf":5934,"raceTimeMarathon":13800},{"userProfilePK":87578117,"calendarDate":"2022-02-07","deviceId":3324959462,"timestamp":"2022-02-07T12:29:33.0","raceTime5K":1207,"raceTime10K":2564,"raceTimeHalf":5926,"raceTimeMarathon":13783},{"userProfilePK":87578117,"calendarDate":"2022-02-07","deviceId":3324959462,"timestamp":"2022-02-07T17:16:57.0","raceTime5K":1207,"raceTime10K":2564,"raceTimeHalf":5926,"raceTimeMarathon":13783},{"userProfilePK":87578117,"calendarDate":"2022-02-07","deviceId":3324959462,"timestamp":"2022-02-06T23:05:41.0","raceTime5K":1209,"raceTime10K":2567,"raceTimeHalf":5934,"raceTimeMarathon":13800},{"userProfilePK":87578117,"calendarDate":"2022-02-08","deviceId":3324959462,"timestamp":"2022-02-07T23:05:46.0","raceTime5K":1207,"raceTime10K":2564,"raceTimeHalf":5926,"raceTimeMarathon":13783},{"userProfilePK":87578117,"calendarDate":"2022-02-08","deviceId":3324959462,"timestamp":"2022-02-08T05:55:35.0","raceTime5K":1207,"raceTime10K":2564,"raceTimeHalf":5926,"raceTimeMarathon":13783},{"userProfilePK":87578117,"calendarDate":"2022-02-08","deviceId":3324959462,"timestamp":"2022-02-08T07:58:39.0","raceTime5K":1207,"raceTime10K":2564,"raceTimeHalf":5926,"raceTimeMarathon":13783},{"userProfilePK":87578117,"calendarDate":"2022-02-08","deviceId":3324959462,"timestamp":"2022-02-08T12:42:18.0","raceTime5K":1203,"raceTime10K":2556,"raceTimeHalf":5910,"raceTimeMarathon":13744},{"userProfilePK":87578117,"calendarDate":"2022-02-08","deviceId":3324959462,"timestamp":"2022-02-08T17:23:07.0","raceTime5K":1203,"raceTime10K":2556,"raceTimeHalf":5910,"raceTimeMarathon":13744},{"userProfilePK":87578117,"calendarDate":"2022-02-09","deviceId":3324959462,"timestamp":"2022-02-08T23:05:51.0","raceTime5K":1203,"raceTime10K":2556,"raceTimeHalf":5910,"raceTimeMarathon":13744},{"userProfilePK":87578117,"calendarDate":"2022-02-09","deviceId":3324959462,"timestamp":"2022-02-09T07:58:36.0","raceTime5K":1203,"raceTime10K":2556,"raceTimeHalf":5910,"raceTimeMarathon":13744},{"userProfilePK":87578117,"calendarDate":"2022-02-09","deviceId":3324959462,"timestamp":"2022-02-09T12:16:41.0","raceTime5K":1201,"raceTime10K":2550,"raceTimeHalf":5894,"raceTimeMarathon":13707},{"userProfilePK":87578117,"calendarDate":"2022-02-09","deviceId":3324959462,"timestamp":"2022-02-09T18:08:09.0","raceTime5K":1201,"raceTime10K":2550,"raceTimeHalf":5894,"raceTimeMarathon":13707},{"userProfilePK":87578117,"calendarDate":"2022-02-10","deviceId":3324959462,"timestamp":"2022-02-10T05:29:24.0","raceTime5K":1202,"raceTime10K":2553,"raceTimeHalf":5900,"raceTimeMarathon":13722},{"userProfilePK":87578117,"calendarDate":"2022-02-10","deviceId":3324959462,"timestamp":"2022-02-10T05:55:15.0","raceTime5K":1201,"raceTime10K":2551,"raceTimeHalf":5897,"raceTimeMarathon":13713},{"userProfilePK":87578117,"calendarDate":"2022-02-10","deviceId":3324959462,"timestamp":"2022-02-10T07:55:33.0","raceTime5K":1201,"raceTime10K":2551,"raceTimeHalf":5897,"raceTimeMarathon":13713},{"userProfilePK":87578117,"calendarDate":"2022-02-10","deviceId":3324959462,"timestamp":"2022-02-10T16:33:09.0","raceTime5K":1201,"raceTime10K":2551,"raceTimeHalf":5897,"raceTimeMarathon":13713},{"userProfilePK":87578117,"calendarDate":"2022-02-10","deviceId":3324959462,"timestamp":"2022-02-10T16:39:54.0","raceTime5K":1201,"raceTime10K":2551,"raceTimeHalf":5897,"raceTimeMarathon":13713},{"userProfilePK":87578117,"calendarDate":"2022-02-10","deviceId":3324959462,"timestamp":"2022-02-10T17:12:46.0","raceTime5K":1195,"raceTime10K":2542,"raceTimeHalf":5875,"raceTimeMarathon":13659},{"userProfilePK":87578117,"calendarDate":"2022-02-10","deviceId":3324959462,"timestamp":"2022-02-09T23:04:34.0","raceTime5K":1202,"raceTime10K":2553,"raceTimeHalf":5900,"raceTimeMarathon":13722},{"userProfilePK":87578117,"calendarDate":"2022-02-11","deviceId":3324959462,"timestamp":"2022-02-11T07:47:03.0","raceTime5K":1193,"raceTime10K":2536,"raceTimeHalf":5859,"raceTimeMarathon":13618},{"userProfilePK":87578117,"calendarDate":"2022-02-11","deviceId":3324959462,"timestamp":"2022-02-11T17:58:13.0","raceTime5K":1188,"raceTime10K":2525,"raceTimeHalf":5774,"raceTimeMarathon":13356},{"userProfilePK":87578117,"calendarDate":"2022-02-11","deviceId":3324959462,"timestamp":"2022-02-10T23:04:39.0","raceTime5K":1197,"raceTime10K":2545,"raceTimeHalf":5882,"raceTimeMarathon":13674},{"userProfilePK":87578117,"calendarDate":"2022-02-12","deviceId":3324959462,"timestamp":"2022-02-11T23:04:44.0","raceTime5K":1188,"raceTime10K":2525,"raceTimeHalf":5774,"raceTimeMarathon":13356},{"userProfilePK":87578117,"calendarDate":"2022-02-12","deviceId":3324959462,"timestamp":"2022-02-12T07:53:08.0","raceTime5K":1188,"raceTime10K":2525,"raceTimeHalf":5774,"raceTimeMarathon":13356},{"userProfilePK":87578117,"calendarDate":"2022-02-12","deviceId":3324959462,"timestamp":"2022-02-12T11:33:47.0","raceTime5K":1188,"raceTime10K":2525,"raceTimeHalf":5774,"raceTimeMarathon":13356},{"userProfilePK":87578117,"calendarDate":"2022-02-13","deviceId":3324959462,"timestamp":"2022-02-12T23:04:49.0","raceTime5K":1189,"raceTime10K":2527,"raceTimeHalf":5778,"raceTimeMarathon":13365},{"userProfilePK":87578117,"calendarDate":"2022-02-13","deviceId":3324959462,"timestamp":"2022-02-13T16:13:10.0","raceTime5K":1185,"raceTime10K":2521,"raceTimeHalf":5761,"raceTimeMarathon":13325},{"userProfilePK":87578117,"calendarDate":"2022-02-14","deviceId":3324959462,"timestamp":"2022-02-14T07:58:23.0","raceTime5K":1185,"raceTime10K":2521,"raceTimeHalf":5761,"raceTimeMarathon":13325},{"userProfilePK":87578117,"calendarDate":"2022-02-14","deviceId":3324959462,"timestamp":"2022-02-14T12:21:11.0","raceTime5K":1180,"raceTime10K":2509,"raceTimeHalf":5731,"raceTimeMarathon":13253},{"userProfilePK":87578117,"calendarDate":"2022-02-14","deviceId":3324959462,"timestamp":"2022-02-14T16:50:11.0","raceTime5K":1180,"raceTime10K":2509,"raceTimeHalf":5731,"raceTimeMarathon":13253},{"userProfilePK":87578117,"calendarDate":"2022-02-14","deviceId":3324959462,"timestamp":"2022-02-13T23:04:54.0","raceTime5K":1185,"raceTime10K":2521,"raceTimeHalf":5761,"raceTimeMarathon":13325},{"userProfilePK":87578117,"calendarDate":"2022-02-15","deviceId":3324959462,"timestamp":"2022-02-14T23:05:01.0","raceTime5K":1181,"raceTime10K":2512,"raceTimeHalf":5737,"raceTimeMarathon":13266},{"userProfilePK":87578117,"calendarDate":"2022-02-15","deviceId":3324959462,"timestamp":"2022-02-15T16:46:53.0","raceTime5K":1181,"raceTime10K":2512,"raceTimeHalf":5737,"raceTimeMarathon":13266},{"userProfilePK":87578117,"calendarDate":"2022-02-15","deviceId":3324959462,"timestamp":"2022-02-15T17:23:06.0","raceTime5K":1180,"raceTime10K":2510,"raceTimeHalf":5733,"raceTimeMarathon":13256},{"userProfilePK":87578117,"calendarDate":"2022-02-16","deviceId":3324959462,"timestamp":"2022-02-15T23:05:05.0","raceTime5K":1180,"raceTime10K":2510,"raceTimeHalf":5733,"raceTimeMarathon":13256},{"userProfilePK":87578117,"calendarDate":"2022-02-16","deviceId":3324959462,"timestamp":"2022-02-16T06:02:42.0","raceTime5K":1180,"raceTime10K":2510,"raceTimeHalf":5733,"raceTimeMarathon":13256},{"userProfilePK":87578117,"calendarDate":"2022-02-16","deviceId":3324959462,"timestamp":"2022-02-16T08:00:14.0","raceTime5K":1180,"raceTime10K":2510,"raceTimeHalf":5733,"raceTimeMarathon":13256},{"userProfilePK":87578117,"calendarDate":"2022-02-16","deviceId":3324959462,"timestamp":"2022-02-16T12:50:17.0","raceTime5K":1178,"raceTime10K":2504,"raceTimeHalf":5719,"raceTimeMarathon":13227},{"userProfilePK":87578117,"calendarDate":"2022-02-16","deviceId":3324959462,"timestamp":"2022-02-16T17:45:25.0","raceTime5K":1178,"raceTime10K":2504,"raceTimeHalf":5719,"raceTimeMarathon":13227},{"userProfilePK":87578117,"calendarDate":"2022-02-17","deviceId":3324959462,"timestamp":"2022-02-17T07:14:42.0","raceTime5K":1179,"raceTime10K":2506,"raceTimeHalf":5725,"raceTimeMarathon":13238},{"userProfilePK":87578117,"calendarDate":"2022-02-17","deviceId":3324959462,"timestamp":"2022-02-17T07:43:36.0","raceTime5K":1179,"raceTime10K":2506,"raceTimeHalf":5725,"raceTimeMarathon":13238},{"userProfilePK":87578117,"calendarDate":"2022-02-17","deviceId":3324959462,"timestamp":"2022-02-17T17:59:33.0","raceTime5K":1179,"raceTime10K":2506,"raceTimeHalf":5725,"raceTimeMarathon":13238},{"userProfilePK":87578117,"calendarDate":"2022-02-17","deviceId":3324959462,"timestamp":"2022-02-16T23:05:12.0","raceTime5K":1180,"raceTime10K":2508,"raceTimeHalf":5728,"raceTimeMarathon":13247},{"userProfilePK":87578117,"calendarDate":"2022-02-18","deviceId":3324959462,"timestamp":"2022-02-18T07:50:13.0","raceTime5K":1181,"raceTime10K":2509,"raceTimeHalf":5732,"raceTimeMarathon":13254},{"userProfilePK":87578117,"calendarDate":"2022-02-18","deviceId":3324959462,"timestamp":"2022-02-18T12:23:36.0","raceTime5K":1177,"raceTime10K":2503,"raceTimeHalf":5717,"raceTimeMarathon":13218},{"userProfilePK":87578117,"calendarDate":"2022-02-18","deviceId":3324959462,"timestamp":"2022-02-18T17:39:19.0","raceTime5K":1177,"raceTime10K":2503,"raceTimeHalf":5717,"raceTimeMarathon":13218},{"userProfilePK":87578117,"calendarDate":"2022-02-18","deviceId":3324959462,"timestamp":"2022-02-17T23:02:40.0","raceTime5K":1181,"raceTime10K":2509,"raceTimeHalf":5732,"raceTimeMarathon":13254},{"userProfilePK":87578117,"calendarDate":"2022-02-19","deviceId":3324959462,"timestamp":"2022-02-18T23:02:44.0","raceTime5K":1177,"raceTime10K":2503,"raceTimeHalf":5717,"raceTimeMarathon":13218},{"userProfilePK":87578117,"calendarDate":"2022-02-19","deviceId":3324959462,"timestamp":"2022-02-19T07:42:54.0","raceTime5K":1176,"raceTime10K":2501,"raceTimeHalf":5712,"raceTimeMarathon":13209},{"userProfilePK":87578117,"calendarDate":"2022-02-19","deviceId":3324959462,"timestamp":"2022-02-19T15:47:11.0","raceTime5K":1176,"raceTime10K":2501,"raceTimeHalf":5712,"raceTimeMarathon":13209},{"userProfilePK":87578117,"calendarDate":"2022-02-20","deviceId":3324959462,"timestamp":"2022-02-19T23:02:47.0","raceTime5K":1176,"raceTime10K":2501,"raceTimeHalf":5712,"raceTimeMarathon":13209},{"userProfilePK":87578117,"calendarDate":"2022-02-20","deviceId":3324959462,"timestamp":"2022-02-20T07:15:29.0","raceTime5K":1176,"raceTime10K":2500,"raceTimeHalf":5710,"raceTimeMarathon":13203},{"userProfilePK":87578117,"calendarDate":"2022-02-20","deviceId":3324959462,"timestamp":"2022-02-20T11:20:54.0","raceTime5K":1176,"raceTime10K":2500,"raceTimeHalf":5710,"raceTimeMarathon":13203},{"userProfilePK":87578117,"calendarDate":"2022-02-20","deviceId":3324959462,"timestamp":"2022-02-20T14:14:41.0","raceTime5K":1176,"raceTime10K":2500,"raceTimeHalf":5710,"raceTimeMarathon":13203},{"userProfilePK":87578117,"calendarDate":"2022-02-21","deviceId":3324959462,"timestamp":"2022-02-21T07:58:56.0","raceTime5K":1176,"raceTime10K":2500,"raceTimeHalf":5710,"raceTimeMarathon":13203},{"userProfilePK":87578117,"calendarDate":"2022-02-21","deviceId":3324959462,"timestamp":"2022-02-21T12:32:56.0","raceTime5K":1170,"raceTime10K":2488,"raceTimeHalf":5683,"raceTimeMarathon":13134},{"userProfilePK":87578117,"calendarDate":"2022-02-21","deviceId":3324959462,"timestamp":"2022-02-21T17:19:07.0","raceTime5K":1170,"raceTime10K":2488,"raceTimeHalf":5683,"raceTimeMarathon":13134},{"userProfilePK":87578117,"calendarDate":"2022-02-21","deviceId":3324959462,"timestamp":"2022-02-20T23:02:54.0","raceTime5K":1176,"raceTime10K":2500,"raceTimeHalf":5710,"raceTimeMarathon":13203},{"userProfilePK":87578117,"calendarDate":"2022-02-22","deviceId":3324959462,"timestamp":"2022-02-21T23:02:58.0","raceTime5K":1171,"raceTime10K":2491,"raceTimeHalf":5690,"raceTimeMarathon":13151},{"userProfilePK":87578117,"calendarDate":"2022-02-22","deviceId":3324959462,"timestamp":"2022-02-22T12:45:00.0","raceTime5K":1170,"raceTime10K":2491,"raceTimeHalf":5688,"raceTimeMarathon":13146},{"userProfilePK":87578117,"calendarDate":"2022-02-22","deviceId":3324959462,"timestamp":"2022-02-22T17:23:58.0","raceTime5K":1170,"raceTime10K":2490,"raceTimeHalf":5687,"raceTimeMarathon":13143},{"userProfilePK":87578117,"calendarDate":"2022-02-23","deviceId":3324959462,"timestamp":"2022-02-22T23:03:02.0","raceTime5K":1170,"raceTime10K":2490,"raceTimeHalf":5687,"raceTimeMarathon":13143},{"userProfilePK":87578117,"calendarDate":"2022-02-23","deviceId":3324959462,"timestamp":"2022-02-23T07:56:41.0","raceTime5K":1170,"raceTime10K":2490,"raceTimeHalf":5687,"raceTimeMarathon":13143},{"userProfilePK":87578117,"calendarDate":"2022-02-23","deviceId":3324959462,"timestamp":"2022-02-23T12:13:58.0","raceTime5K":1169,"raceTime10K":2480,"raceTimeHalf":5665,"raceTimeMarathon":13093},{"userProfilePK":87578117,"calendarDate":"2022-02-23","deviceId":3324959462,"timestamp":"2022-02-23T17:26:41.0","raceTime5K":1169,"raceTime10K":2480,"raceTimeHalf":5665,"raceTimeMarathon":13093},{"userProfilePK":87578117,"calendarDate":"2022-02-24","deviceId":3324959462,"timestamp":"2022-02-24T07:15:02.0","raceTime5K":1169,"raceTime10K":2482,"raceTimeHalf":5670,"raceTimeMarathon":13103},{"userProfilePK":87578117,"calendarDate":"2022-02-24","deviceId":3324959462,"timestamp":"2022-02-24T07:39:52.0","raceTime5K":1169,"raceTime10K":2482,"raceTimeHalf":5670,"raceTimeMarathon":13103},{"userProfilePK":87578117,"calendarDate":"2022-02-24","deviceId":3324959462,"timestamp":"2022-02-24T17:25:17.0","raceTime5K":1169,"raceTime10K":2482,"raceTimeHalf":5670,"raceTimeMarathon":13103},{"userProfilePK":87578117,"calendarDate":"2022-02-24","deviceId":3324959462,"timestamp":"2022-02-23T23:04:31.0","raceTime5K":1169,"raceTime10K":2483,"raceTimeHalf":5672,"raceTimeMarathon":13107},{"userProfilePK":87578117,"calendarDate":"2022-02-25","deviceId":3324959462,"timestamp":"2022-02-25T07:09:00.0","raceTime5K":1169,"raceTime10K":2482,"raceTimeHalf":5670,"raceTimeMarathon":13103},{"userProfilePK":87578117,"calendarDate":"2022-02-25","deviceId":3324959462,"timestamp":"2022-02-25T12:14:04.0","raceTime5K":1169,"raceTime10K":2479,"raceTimeHalf":5662,"raceTimeMarathon":13086},{"userProfilePK":87578117,"calendarDate":"2022-02-25","deviceId":3324959462,"timestamp":"2022-02-25T16:52:45.0","raceTime5K":1169,"raceTime10K":2479,"raceTimeHalf":5662,"raceTimeMarathon":13086},{"userProfilePK":87578117,"calendarDate":"2022-02-25","deviceId":3324959462,"timestamp":"2022-02-24T23:04:35.0","raceTime5K":1169,"raceTime10K":2482,"raceTimeHalf":5670,"raceTimeMarathon":13103},{"userProfilePK":87578117,"calendarDate":"2022-02-26","deviceId":3324959462,"timestamp":"2022-02-25T23:04:41.0","raceTime5K":1169,"raceTime10K":2479,"raceTimeHalf":5662,"raceTimeMarathon":13086},{"userProfilePK":87578117,"calendarDate":"2022-02-26","deviceId":3324959462,"timestamp":"2022-02-26T17:50:12.0","raceTime5K":1167,"raceTime10K":2475,"raceTimeHalf":5650,"raceTimeMarathon":13062},{"userProfilePK":87578117,"calendarDate":"2022-02-27","deviceId":3324959462,"timestamp":"2022-02-26T23:04:47.0","raceTime5K":1167,"raceTime10K":2484,"raceTimeHalf":5670,"raceTimeMarathon":13104},{"userProfilePK":87578117,"calendarDate":"2022-02-27","deviceId":3324959462,"timestamp":"2022-02-27T07:25:23.0","raceTime5K":1167,"raceTime10K":2477,"raceTimeHalf":5657,"raceTimeMarathon":13069},{"userProfilePK":87578117,"calendarDate":"2022-02-28","deviceId":3324959462,"timestamp":"2022-02-28T08:05:39.0","raceTime5K":1167,"raceTime10K":2477,"raceTimeHalf":5657,"raceTimeMarathon":13069},{"userProfilePK":87578117,"calendarDate":"2022-02-28","deviceId":3324959462,"timestamp":"2022-02-28T11:45:58.0","raceTime5K":1164,"raceTime10K":2471,"raceTimeHalf":5642,"raceTimeMarathon":13031},{"userProfilePK":87578117,"calendarDate":"2022-02-28","deviceId":3324959462,"timestamp":"2022-02-28T12:12:36.0","raceTime5K":1164,"raceTime10K":2471,"raceTimeHalf":5642,"raceTimeMarathon":13031},{"userProfilePK":87578117,"calendarDate":"2022-02-28","deviceId":3324959462,"timestamp":"2022-02-28T12:40:47.0","raceTime5K":1164,"raceTime10K":2470,"raceTimeHalf":5640,"raceTimeMarathon":13027},{"userProfilePK":87578117,"calendarDate":"2022-02-28","deviceId":3324959462,"timestamp":"2022-02-28T17:48:28.0","raceTime5K":1164,"raceTime10K":2470,"raceTimeHalf":5640,"raceTimeMarathon":13027},{"userProfilePK":87578117,"calendarDate":"2022-02-28","deviceId":3324959462,"timestamp":"2022-02-27T23:04:52.0","raceTime5K":1167,"raceTime10K":2477,"raceTimeHalf":5657,"raceTimeMarathon":13069},{"userProfilePK":87578117,"calendarDate":"2022-03-01","deviceId":3324959462,"timestamp":"2022-02-28T23:04:58.0","raceTime5K":1164,"raceTime10K":2473,"raceTimeHalf":5645,"raceTimeMarathon":13038},{"userProfilePK":87578117,"calendarDate":"2022-03-01","deviceId":3324959462,"timestamp":"2022-03-01T04:50:56.0","raceTime5K":1164,"raceTime10K":2473,"raceTimeHalf":5645,"raceTimeMarathon":13038},{"userProfilePK":87578117,"calendarDate":"2022-03-01","deviceId":3324959462,"timestamp":"2022-03-01T07:22:41.0","raceTime5K":1164,"raceTime10K":2473,"raceTimeHalf":5645,"raceTimeMarathon":13038},{"userProfilePK":87578117,"calendarDate":"2022-03-01","deviceId":3324959462,"timestamp":"2022-03-01T11:32:25.0","raceTime5K":1160,"raceTime10K":2462,"raceTimeHalf":5618,"raceTimeMarathon":12972},{"userProfilePK":87578117,"calendarDate":"2022-03-01","deviceId":3324959462,"timestamp":"2022-03-01T12:00:00.0","raceTime5K":1160,"raceTime10K":2462,"raceTimeHalf":5618,"raceTimeMarathon":12972},{"userProfilePK":87578117,"calendarDate":"2022-03-01","deviceId":3324959462,"timestamp":"2022-03-01T12:24:32.0","raceTime5K":1160,"raceTime10K":2460,"raceTimeHalf":5616,"raceTimeMarathon":12966},{"userProfilePK":87578117,"calendarDate":"2022-03-01","deviceId":3324959462,"timestamp":"2022-03-01T17:35:42.0","raceTime5K":1160,"raceTime10K":2460,"raceTimeHalf":5616,"raceTimeMarathon":12966},{"userProfilePK":87578117,"calendarDate":"2022-03-02","deviceId":3324959462,"timestamp":"2022-03-01T23:05:02.0","raceTime5K":1160,"raceTime10K":2460,"raceTimeHalf":5616,"raceTimeMarathon":12966},{"userProfilePK":87578117,"calendarDate":"2022-03-02","deviceId":3324959462,"timestamp":"2022-03-02T07:01:32.0","raceTime5K":1160,"raceTime10K":2460,"raceTimeHalf":5616,"raceTimeMarathon":12966},{"userProfilePK":87578117,"calendarDate":"2022-03-02","deviceId":3324959462,"timestamp":"2022-03-02T11:36:53.0","raceTime5K":1160,"raceTime10K":2460,"raceTimeHalf":5613,"raceTimeMarathon":12961},{"userProfilePK":87578117,"calendarDate":"2022-03-02","deviceId":3324959462,"timestamp":"2022-03-02T12:23:11.0","raceTime5K":1160,"raceTime10K":2460,"raceTimeHalf":5613,"raceTimeMarathon":12961},{"userProfilePK":87578117,"calendarDate":"2022-03-02","deviceId":3324959462,"timestamp":"2022-03-02T12:44:58.0","raceTime5K":1160,"raceTime10K":2460,"raceTimeHalf":5614,"raceTimeMarathon":12967},{"userProfilePK":87578117,"calendarDate":"2022-03-02","deviceId":3324959462,"timestamp":"2022-03-02T17:12:49.0","raceTime5K":1160,"raceTime10K":2460,"raceTimeHalf":5614,"raceTimeMarathon":12967},{"userProfilePK":87578117,"calendarDate":"2022-03-03","deviceId":3324959462,"timestamp":"2022-03-03T07:55:21.0","raceTime5K":1160,"raceTime10K":2464,"raceTimeHalf":5622,"raceTimeMarathon":12984},{"userProfilePK":87578117,"calendarDate":"2022-03-03","deviceId":3324959462,"timestamp":"2022-03-03T17:09:40.0","raceTime5K":1160,"raceTime10K":2464,"raceTimeHalf":5622,"raceTimeMarathon":12984},{"userProfilePK":87578117,"calendarDate":"2022-03-03","deviceId":3324959462,"timestamp":"2022-03-03T17:29:48.0","raceTime5K":1160,"raceTime10K":2463,"raceTimeHalf":5619,"raceTimeMarathon":12978},{"userProfilePK":87578117,"calendarDate":"2022-03-03","deviceId":3324959462,"timestamp":"2022-03-02T23:05:06.0","raceTime5K":1160,"raceTime10K":2464,"raceTimeHalf":5622,"raceTimeMarathon":12984},{"userProfilePK":87578117,"calendarDate":"2022-03-04","deviceId":3324959462,"timestamp":"2022-03-04T07:20:00.0","raceTime5K":1160,"raceTime10K":2463,"raceTimeHalf":5619,"raceTimeMarathon":12978},{"userProfilePK":87578117,"calendarDate":"2022-03-04","deviceId":3324959462,"timestamp":"2022-03-04T11:37:58.0","raceTime5K":1160,"raceTime10K":2462,"raceTimeHalf":5617,"raceTimeMarathon":12974},{"userProfilePK":87578117,"calendarDate":"2022-03-04","deviceId":3324959462,"timestamp":"2022-03-04T12:24:53.0","raceTime5K":1160,"raceTime10K":2462,"raceTimeHalf":5617,"raceTimeMarathon":12974},{"userProfilePK":87578117,"calendarDate":"2022-03-04","deviceId":3324959462,"timestamp":"2022-03-04T12:47:18.0","raceTime5K":1160,"raceTime10K":2461,"raceTimeHalf":5615,"raceTimeMarathon":12965},{"userProfilePK":87578117,"calendarDate":"2022-03-04","deviceId":3324959462,"timestamp":"2022-03-04T17:08:12.0","raceTime5K":1160,"raceTime10K":2461,"raceTimeHalf":5615,"raceTimeMarathon":12965},{"userProfilePK":87578117,"calendarDate":"2022-03-04","deviceId":3324959462,"timestamp":"2022-03-03T23:05:11.0","raceTime5K":1160,"raceTime10K":2463,"raceTimeHalf":5619,"raceTimeMarathon":12978},{"userProfilePK":87578117,"calendarDate":"2022-03-05","deviceId":3324959462,"timestamp":"2022-03-04T23:05:18.0","raceTime5K":1160,"raceTime10K":2461,"raceTimeHalf":5615,"raceTimeMarathon":12965},{"userProfilePK":87578117,"calendarDate":"2022-03-05","deviceId":3324959462,"timestamp":"2022-03-05T17:42:17.0","raceTime5K":1160,"raceTime10K":2460,"raceTimeHalf":5613,"raceTimeMarathon":12961},{"userProfilePK":87578117,"calendarDate":"2022-03-06","deviceId":3324959462,"timestamp":"2022-03-05T23:05:23.0","raceTime5K":1160,"raceTime10K":2460,"raceTimeHalf":5629,"raceTimeMarathon":13012},{"userProfilePK":87578117,"calendarDate":"2022-03-06","deviceId":3324959462,"timestamp":"2022-03-06T08:19:49.0","raceTime5K":1160,"raceTime10K":2460,"raceTimeHalf":5628,"raceTimeMarathon":13012},{"userProfilePK":87578117,"calendarDate":"2022-03-06","deviceId":3324959462,"timestamp":"2022-03-06T08:53:49.0","raceTime5K":1160,"raceTime10K":2460,"raceTimeHalf":5628,"raceTimeMarathon":13011},{"userProfilePK":87578117,"calendarDate":"2022-03-06","deviceId":3324959462,"timestamp":"2022-03-06T10:54:40.0","raceTime5K":1157,"raceTime10K":2446,"raceTimeHalf":5558,"raceTimeMarathon":12813},{"userProfilePK":87578117,"calendarDate":"2022-03-07","deviceId":3324959462,"timestamp":"2022-03-07T07:47:32.0","raceTime5K":1157,"raceTime10K":2446,"raceTimeHalf":5563,"raceTimeMarathon":12828},{"userProfilePK":87578117,"calendarDate":"2022-03-07","deviceId":3324959462,"timestamp":"2022-03-07T11:43:42.0","raceTime5K":1157,"raceTime10K":2445,"raceTimeHalf":5561,"raceTimeMarathon":12824},{"userProfilePK":87578117,"calendarDate":"2022-03-07","deviceId":3324959462,"timestamp":"2022-03-07T12:10:03.0","raceTime5K":1157,"raceTime10K":2445,"raceTimeHalf":5561,"raceTimeMarathon":12824},{"userProfilePK":87578117,"calendarDate":"2022-03-07","deviceId":3324959462,"timestamp":"2022-03-07T12:40:05.0","raceTime5K":1157,"raceTime10K":2444,"raceTimeHalf":5559,"raceTimeMarathon":12820},{"userProfilePK":87578117,"calendarDate":"2022-03-07","deviceId":3324959462,"timestamp":"2022-03-07T18:26:13.0","raceTime5K":1157,"raceTime10K":2444,"raceTimeHalf":5559,"raceTimeMarathon":12820},{"userProfilePK":87578117,"calendarDate":"2022-03-07","deviceId":3324959462,"timestamp":"2022-03-06T23:05:29.0","raceTime5K":1157,"raceTime10K":2446,"raceTimeHalf":5563,"raceTimeMarathon":12828},{"userProfilePK":87578117,"calendarDate":"2022-03-08","deviceId":3324959462,"timestamp":"2022-03-07T23:05:36.0","raceTime5K":1157,"raceTime10K":2444,"raceTimeHalf":5559,"raceTimeMarathon":12820},{"userProfilePK":87578117,"calendarDate":"2022-03-08","deviceId":3324959462,"timestamp":"2022-03-08T08:29:19.0","raceTime5K":1157,"raceTime10K":2444,"raceTimeHalf":5559,"raceTimeMarathon":12820},{"userProfilePK":87578117,"calendarDate":"2022-03-08","deviceId":3324959462,"timestamp":"2022-03-08T11:39:23.0","raceTime5K":1157,"raceTime10K":2443,"raceTimeHalf":5557,"raceTimeMarathon":12815},{"userProfilePK":87578117,"calendarDate":"2022-03-08","deviceId":3324959462,"timestamp":"2022-03-08T12:24:42.0","raceTime5K":1157,"raceTime10K":2443,"raceTimeHalf":5557,"raceTimeMarathon":12815},{"userProfilePK":87578117,"calendarDate":"2022-03-08","deviceId":3324959462,"timestamp":"2022-03-08T12:54:41.0","raceTime5K":1157,"raceTime10K":2443,"raceTimeHalf":5555,"raceTimeMarathon":12811},{"userProfilePK":87578117,"calendarDate":"2022-03-08","deviceId":3324959462,"timestamp":"2022-03-08T17:12:27.0","raceTime5K":1157,"raceTime10K":2443,"raceTimeHalf":5555,"raceTimeMarathon":12811},{"userProfilePK":87578117,"calendarDate":"2022-03-09","deviceId":3324959462,"timestamp":"2022-03-08T23:04:38.0","raceTime5K":1157,"raceTime10K":2442,"raceTimeHalf":5554,"raceTimeMarathon":12810},{"userProfilePK":87578117,"calendarDate":"2022-03-09","deviceId":3324959462,"timestamp":"2022-03-09T07:54:07.0","raceTime5K":1157,"raceTime10K":2442,"raceTimeHalf":5554,"raceTimeMarathon":12810},{"userProfilePK":87578117,"calendarDate":"2022-03-09","deviceId":3324959462,"timestamp":"2022-03-09T16:49:51.0","raceTime5K":1157,"raceTime10K":2442,"raceTimeHalf":5554,"raceTimeMarathon":12810},{"userProfilePK":87578117,"calendarDate":"2022-03-09","deviceId":3324959462,"timestamp":"2022-03-09T17:48:25.0","raceTime5K":1157,"raceTime10K":2442,"raceTimeHalf":5554,"raceTimeMarathon":12810},{"userProfilePK":87578117,"calendarDate":"2022-03-09","deviceId":3324959462,"timestamp":"2022-03-09T18:16:47.0","raceTime5K":1157,"raceTime10K":2441,"raceTimeHalf":5552,"raceTimeMarathon":12805},{"userProfilePK":87578117,"calendarDate":"2022-03-10","deviceId":3324959462,"timestamp":"2022-03-10T07:45:21.0","raceTime5K":1157,"raceTime10K":2441,"raceTimeHalf":5552,"raceTimeMarathon":12805},{"userProfilePK":87578117,"calendarDate":"2022-03-10","deviceId":3324959462,"timestamp":"2022-03-10T16:41:32.0","raceTime5K":1157,"raceTime10K":2441,"raceTimeHalf":5552,"raceTimeMarathon":12805},{"userProfilePK":87578117,"calendarDate":"2022-03-10","deviceId":3324959462,"timestamp":"2022-03-10T17:14:14.0","raceTime5K":1157,"raceTime10K":2441,"raceTimeHalf":5550,"raceTimeMarathon":12801},{"userProfilePK":87578117,"calendarDate":"2022-03-10","deviceId":3324959462,"timestamp":"2022-03-09T23:04:41.0","raceTime5K":1157,"raceTime10K":2441,"raceTimeHalf":5552,"raceTimeMarathon":12805},{"userProfilePK":87578117,"calendarDate":"2022-03-11","deviceId":3324959462,"timestamp":"2022-03-11T07:05:36.0","raceTime5K":1157,"raceTime10K":2441,"raceTimeHalf":5542,"raceTimeMarathon":12784},{"userProfilePK":87578117,"calendarDate":"2022-03-11","deviceId":3324959462,"timestamp":"2022-03-11T11:33:10.0","raceTime5K":1157,"raceTime10K":2441,"raceTimeHalf":5542,"raceTimeMarathon":12784},{"userProfilePK":87578117,"calendarDate":"2022-03-11","deviceId":3324959462,"timestamp":"2022-03-11T12:21:37.0","raceTime5K":1157,"raceTime10K":2441,"raceTimeHalf":5542,"raceTimeMarathon":12784},{"userProfilePK":87578117,"calendarDate":"2022-03-11","deviceId":3324959462,"timestamp":"2022-03-11T12:43:27.0","raceTime5K":1157,"raceTime10K":2441,"raceTimeHalf":5542,"raceTimeMarathon":12784},{"userProfilePK":87578117,"calendarDate":"2022-03-11","deviceId":3324959462,"timestamp":"2022-03-11T17:11:26.0","raceTime5K":1157,"raceTime10K":2441,"raceTimeHalf":5542,"raceTimeMarathon":12784},{"userProfilePK":87578117,"calendarDate":"2022-03-11","deviceId":3324959462,"timestamp":"2022-03-10T23:04:45.0","raceTime5K":1157,"raceTime10K":2441,"raceTimeHalf":5542,"raceTimeMarathon":12784},{"userProfilePK":87578117,"calendarDate":"2022-03-12","deviceId":3324959462,"timestamp":"2022-03-11T23:04:49.0","raceTime5K":1157,"raceTime10K":2441,"raceTimeHalf":5534,"raceTimeMarathon":12767},{"userProfilePK":87578117,"calendarDate":"2022-03-12","deviceId":3324959462,"timestamp":"2022-03-12T19:51:21.0","raceTime5K":1157,"raceTime10K":2441,"raceTimeHalf":5534,"raceTimeMarathon":12767},{"userProfilePK":87578117,"calendarDate":"2022-03-13","deviceId":3324959462,"timestamp":"2022-03-12T23:04:53.0","raceTime5K":1157,"raceTime10K":2441,"raceTimeHalf":5529,"raceTimeMarathon":12754},{"userProfilePK":87578117,"calendarDate":"2022-03-13","deviceId":3324959462,"timestamp":"2022-03-13T08:28:29.0","raceTime5K":1157,"raceTime10K":2441,"raceTimeHalf":5529,"raceTimeMarathon":12754},{"userProfilePK":87578117,"calendarDate":"2022-03-13","deviceId":3324959462,"timestamp":"2022-03-13T14:34:41.0","raceTime5K":1157,"raceTime10K":2441,"raceTimeHalf":5529,"raceTimeMarathon":12754},{"userProfilePK":87578117,"calendarDate":"2022-03-13","deviceId":3324959462,"timestamp":"2022-03-13T20:29:07.0","raceTime5K":1155,"raceTime10K":2436,"raceTimeHalf":5515,"raceTimeMarathon":12720}]