[{"userProfilePK":87578117,"calendarDate":"2021-05-17","deviceId":3324959462,"timestamp":"2021-05-16T22:19:34.0","raceTime5K":1267,"raceTime10K":2692,"raceTimeHalf":6260,"raceTimeMarathon":14626},{"userProfilePK":87578117,"calendarDate":"2021-05-18","deviceId":3324959462,"timestamp":"2021-05-17T22:19:36.0","raceTime5K":1269,"raceTime10K":2696,"raceTimeHalf":6269,"raceTimeMarathon":14646},{"userProfilePK":87578117,"calendarDate":"2021-05-19","deviceId":3324959462,"timestamp":"2021-05-18T22:19:37.0","raceTime5K":1271,"raceTime10K":2700,"raceTimeHalf":6277,"raceTimeMarathon":14663},{"userProfilePK":87578117,"calendarDate":"2021-05-20","deviceId":3324959462,"timestamp":"2021-05-20T06:03:58.0","raceTime5K":1276,"raceTime10K":2710,"raceTimeHalf":6299,"raceTimeMarathon":14711},{"userProfilePK":87578117,"calendarDate":"2021-05-20","deviceId":3324959462,"timestamp":"2021-05-19T22:19:39.0","raceTime5K":1276,"raceTime10K":2710,"raceTimeHalf":6299,"raceTimeMarathon":14711},{"userProfilePK":87578117,"calendarDate":"2021-05-21","deviceId":3324959462,"timestamp":"2021-05-21T06:41:24.0","raceTime5K":1278,"raceTime10K":2714,"raceTimeHalf":6310,"raceTimeMarathon":14735},{"userProfilePK":87578117,"calendarDate":"2021-05-21","deviceId":3324959462,"timestamp":"2021-05-20T22:19:40.0","raceTime5K":1278,"raceTime10K":2714,"raceTimeHalf":6310,"raceTimeMarathon":14735},{"userProfilePK":87578117,"calendarDate":"2021-05-22","deviceId":3324959462,"timestamp":"2021-05-21T22:19:42.0","raceTime5K":1278,"raceTime10K":2714,"raceTimeHalf":6310,"raceTimeMarathon":14735},{"userProfilePK":87578117,"calendarDate":"2021-05-23","deviceId":3324959462,"timestamp":"2021-05-22T22:19:43.0","raceTime5K":1280,"raceTime10K":2719,"raceTimeHalf":6319,"raceTimeMarathon":14757},{"userProfilePK":87578117,"calendarDate":"2021-05-23","deviceId":3324959462,"timestamp":"2021-05-23T07:10:36.0","raceTime5K":1280,"raceTime10K":2719,"raceTimeHalf":6319,"raceTimeMarathon":14757},{"userProfilePK":87578117,"calendarDate":"2021-05-23","deviceId":3324959462,"timestamp":"2021-05-23T10:31:03.0","raceTime5K":1280,"raceTime10K":2719,"raceTimeHalf":6319,"raceTimeMarathon":14757},{"userProfilePK":87578117,"calendarDate":"2021-05-24","deviceId":3324959462,"timestamp":"2021-05-23T22:19:47.0","raceTime5K":1280,"raceTime10K":2719,"raceTimeHalf":6343,"raceTimeMarathon":14834},{"userProfilePK":87578117,"calendarDate":"2021-05-25","deviceId":3324959462,"timestamp":"2021-05-24T22:19:48.0","raceTime5K":1283,"raceTime10K":2724,"raceTimeHalf":6377,"raceTimeMarathon":14935},{"userProfilePK":87578117,"calendarDate":"2021-05-26","deviceId":3324959462,"timestamp":"2021-05-25T22:19:49.0","raceTime5K":1283,"raceTime10K":2725,"raceTimeHalf":6400,"raceTimeMarathon":14999},{"userProfilePK":87578117,"calendarDate":"2021-05-26","deviceId":3324959462,"timestamp":"2021-05-26T05:58:30.0","raceTime5K":1283,"raceTime10K":2725,"raceTimeHalf":6400,"raceTimeMarathon":14999},{"userProfilePK":87578117,"calendarDate":"2021-05-27","deviceId":3324959462,"timestamp":"2021-05-26T22:19:51.0","raceTime5K":1285,"raceTime10K":2736,"raceTimeHalf":6432,"raceTimeMarathon":15018},{"userProfilePK":87578117,"calendarDate":"2021-05-28","deviceId":3324959462,"timestamp":"2021-05-28T17:15:19.0","raceTime5K":1290,"raceTime10K":2754,"raceTimeHalf":6479,"raceTimeMarathon":15068},{"userProfilePK":87578117,"calendarDate":"2021-05-28","deviceId":3324959462,"timestamp":"2021-05-28T17:28:03.0","raceTime5K":1290,"raceTime10K":2754,"raceTimeHalf":6479,"raceTimeMarathon":15068},{"userProfilePK":87578117,"calendarDate":"2021-05-29","deviceId":3324959462,"timestamp":"2021-05-28T22:19:53.0","raceTime5K":1291,"raceTime10K":2766,"raceTimeHalf":6511,"raceTimeMarathon":15087},{"userProfilePK":87578117,"calendarDate":"2021-05-29","deviceId":3324959462,"timestamp":"2021-05-29T07:26:32.0","raceTime5K":1291,"raceTime10K":2766,"raceTimeHalf":6510,"raceTimeMarathon":15086},{"userProfilePK":87578117,"calendarDate":"2021-05-30","deviceId":3324959462,"timestamp":"2021-05-29T22:19:54.0","raceTime5K":1297,"raceTime10K":2784,"raceTimeHalf":6557,"raceTimeMarathon":15138},{"userProfilePK":87578117,"calendarDate":"2021-05-30","deviceId":3324959462,"timestamp":"2021-05-30T16:16:30.0","raceTime5K":1295,"raceTime10K":2782,"raceTimeHalf":6558,"raceTimeMarathon":15151},{"userProfilePK":87578117,"calendarDate":"2021-05-31","deviceId":3324959462,"timestamp":"2021-05-30T22:19:57.0","raceTime5K":1295,"raceTime10K":2790,"raceTimeHalf":6581,"raceTimeMarathon":15151},{"userProfilePK":87578117,"calendarDate":"2021-06-01","deviceId":3324959462,"timestamp":"2021-05-31T22:19:59.0","raceTime5K":1295,"raceTime10K":2797,"raceTimeHalf":6603,"raceTimeMarathon":15151},{"userProfilePK":87578117,"calendarDate":"2021-06-02","deviceId":3324959462,"timestamp":"2021-06-01T22:20:00.0","raceTime5K":1297,"raceTime10K":2800,"raceTimeHalf":6610,"raceTimeMarathon":15166},{"userProfilePK":87578117,"calendarDate":"2021-06-02","deviceId":3324959462,"timestamp":"2021-06-02T12:31:36.0","raceTime5K":1292,"raceTime10K":2789,"raceTimeHalf":6585,"raceTimeMarathon":15112},{"userProfilePK":87578117,"calendarDate":"2021-06-03","deviceId":3324959462,"timestamp":"2021-06-02T22:20:03.0","raceTime5K":1294,"raceTime10K":2794,"raceTimeHalf":6596,"raceTimeMarathon":15137},{"userProfilePK":87578117,"calendarDate":"2021-06-04","deviceId":3324959462,"timestamp":"2021-06-03T22:20:04.0","raceTime5K":1294,"raceTime10K":2797,"raceTimeHalf":6606,"raceTimeMarathon":15137},{"userProfilePK":87578117,"calendarDate":"2021-06-05","deviceId":3324959462,"timestamp":"2021-06-04T22:20:06.0","raceTime5K":1298,"raceTime10K":2808,"raceTimeHalf":6632,"raceTimeMarathon":15171},{"userProfilePK":87578117,"calendarDate":"2021-06-06","deviceId":3324959462,"timestamp":"2021-06-05T22:20:07.0","raceTime5K":1298,"raceTime10K":2814,"raceTimeHalf":6645,"raceTimeMarathon":15171},{"userProfilePK":87578117,"calendarDate":"2021-06-06","deviceId":3324959462,"timestamp":"2021-06-06T07:46:26.0","raceTime5K":1298,"raceTime10K":2814,"raceTimeHalf":6645,"raceTimeMarathon":15171},{"userProfilePK":87578117,"calendarDate":"2021-06-07","deviceId":3324959462,"timestamp":"2021-06-06T22:20:10.0","raceTime5K":1298,"raceTime10K":2818,"raceTimeHalf":6645,"raceTimeMarathon":15171},{"userProfilePK":87578117,"calendarDate":"2021-06-08","deviceId":3324959462,"timestamp":"2021-06-07T22:20:11.0","raceTime5K":1300,"raceTime10K":2823,"raceTimeHalf":6653,"raceTimeMarathon":15189},{"userProfilePK":87578117,"calendarDate":"2021-06-09","deviceId":3324959462,"timestamp":"2021-06-08T22:20:13.0","raceTime5K":1300,"raceTime10K":2823,"raceTimeHalf":6653,"raceTimeMarathon":15189},{"userProfilePK":87578117,"calendarDate":"2021-06-09","deviceId":3324959462,"timestamp":"2021-06-09T12:07:24.0","raceTime5K":1296,"raceTime10K":2816,"raceTimeHalf":6637,"raceTimeMarathon":15154},{"userProfilePK":87578117,"calendarDate":"2021-06-10","deviceId":3324959462,"timestamp":"2021-06-10T11:56:03.0","raceTime5K":1293,"raceTime10K":2809,"raceTimeHalf":6619,"raceTimeMarathon":15115},{"userProfilePK":87578117,"calendarDate":"2021-06-10","deviceId":3324959462,"timestamp":"2021-06-09T22:20:15.0","raceTime5K":1296,"raceTime10K":2816,"raceTimeHalf":6637,"raceTimeMarathon":15154},{"userProfilePK":87578117,"calendarDate":"2021-06-11","deviceId":3324959462,"timestamp":"2021-06-10T22:20:16.0","raceTime5K":1293,"raceTime10K":2810,"raceTimeHalf":6622,"raceTimeMarathon":15121},{"userProfilePK":87578117,"calendarDate":"2021-06-12","deviceId":3324959462,"timestamp":"2021-06-11T22:20:17.0","raceTime5K":1293,"raceTime10K":2810,"raceTimeHalf":6622,"raceTimeMarathon":15121},{"userProfilePK":87578117,"calendarDate":"2021-06-12","deviceId":3324959462,"timestamp":"2021-06-12T09:45:43.0","raceTime5K":1289,"raceTime10K":2790,"raceTimeHalf":6595,"raceTimeMarathon":15102},{"userProfilePK":87578117,"calendarDate":"2021-06-13","deviceId":3324959462,"timestamp":"2021-06-12T22:20:20.0","raceTime5K":1294,"raceTime10K":2800,"raceTimeHalf":6617,"raceTimeMarathon":15151},{"userProfilePK":87578117,"calendarDate":"2021-06-13","deviceId":3324959462,"timestamp":"2021-06-13T08:02:43.0","raceTime5K":1294,"raceTime10K":2800,"raceTimeHalf":6617,"raceTimeMarathon":15151},{"userProfilePK":87578117,"calendarDate":"2021-06-14","deviceId":3324959462,"timestamp":"2021-06-13T22:20:22.0","raceTime5K":1294,"raceTime10K":2800,"raceTimeHalf":6617,"raceTimeMarathon":15151},{"userProfilePK":87578117,"calendarDate":"2021-06-15","deviceId":3324959462,"timestamp":"2021-06-14T22:20:23.0","raceTime5K":1294,"raceTime10K":2800,"raceTimeHalf":6617,"raceTimeMarathon":15151},{"userProfilePK":87578117,"calendarDate":"2021-06-15","deviceId":3324959462,"timestamp":"2021-06-15T11:46:51.0","raceTime5K":1294,"raceTime10K":2799,"raceTimeHalf":6617,"raceTimeMarathon":15150},{"userProfilePK":87578117,"calendarDate":"2021-06-15","deviceId":3324959462,"timestamp":"2021-06-15T12:28:56.0","raceTime5K":1289,"raceTime10K":2788,"raceTimeHalf":6592,"raceTimeMarathon":15096},{"userProfilePK":87578117,"calendarDate":"2021-06-16","deviceId":3324959462,"timestamp":"2021-06-15T22:20:25.0","raceTime5K":1293,"raceTime10K":2798,"raceTimeHalf":6613,"raceTimeMarathon":15142},{"userProfilePK":87578117,"calendarDate":"2021-06-16","deviceId":3324959462,"timestamp":"2021-06-16T06:00:17.0","raceTime5K":1293,"raceTime10K":2798,"raceTimeHalf":6613,"raceTimeMarathon":15142},{"userProfilePK":87578117,"calendarDate":"2021-06-17","deviceId":3324959462,"timestamp":"2021-06-17T11:46:28.0","raceTime5K":1291,"raceTime10K":2795,"raceTimeHalf":6604,"raceTimeMarathon":15121},{"userProfilePK":87578117,"calendarDate":"2021-06-17","deviceId":3324959462,"timestamp":"2021-06-16T22:20:26.0","raceTime5K":1293,"raceTime10K":2798,"raceTimeHalf":6613,"raceTimeMarathon":15142},{"userProfilePK":87578117,"calendarDate":"2021-06-18","deviceId":3324959462,"timestamp":"2021-06-17T22:25:36.0","raceTime5K":1291,"raceTime10K":2795,"raceTimeHalf":6604,"raceTimeMarathon":15121},{"userProfilePK":87578117,"calendarDate":"2021-06-19","deviceId":3324959462,"timestamp":"2021-06-18T22:25:37.0","raceTime5K":1291,"raceTime10K":2795,"raceTimeHalf":6604,"raceTimeMarathon":15121},{"userProfilePK":87578117,"calendarDate":"2021-06-20","deviceId":3324959462,"timestamp":"2021-06-19T22:25:38.0","raceTime5K":1297,"raceTime10K":2807,"raceTimeHalf":6631,"raceTimeMarathon":15181},{"userProfilePK":87578117,"calendarDate":"2021-06-21","deviceId":3324959462,"timestamp":"2021-06-20T22:25:40.0","raceTime5K":1297,"raceTime10K":2807,"raceTimeHalf":6631,"raceTimeMarathon":15181},{"userProfilePK":87578117,"calendarDate":"2021-06-22","deviceId":3324959462,"timestamp":"2021-06-21T22:25:42.0","raceTime5K":1297,"raceTime10K":2807,"raceTimeHalf":6631,"raceTimeMarathon":15181},{"userProfilePK":87578117,"calendarDate":"2021-06-22","deviceId":3324959462,"timestamp":"2021-06-22T12:10:09.0","raceTime5K":1297,"raceTime10K":2806,"raceTimeHalf":6632,"raceTimeMarathon":15194},{"userProfilePK":87578117,"calendarDate":"2021-06-23","deviceId":3324959462,"timestamp":"2021-06-22T22:25:44.0","raceTime5K":1301,"raceTime10K":2813,"raceTimeHalf":6648,"raceTimeMarathon":15229},{"userProfilePK":87578117,"calendarDate":"2021-06-23","deviceId":3324959462,"timestamp":"2021-06-23T11:37:20.0","raceTime5K":1301,"raceTime10K":2813,"raceTimeHalf":6648,"raceTimeMarathon":15229},{"userProfilePK":87578117,"calendarDate":"2021-06-23","deviceId":3324959462,"timestamp":"2021-06-23T12:16:29.0","raceTime5K":1295,"raceTime10K":2803,"raceTimeHalf":6623,"raceTimeMarathon":15175},{"userProfilePK":87578117,"calendarDate":"2021-06-24","deviceId":3324959462,"timestamp":"2021-06-24T05:07:32.0","raceTime5K":1297,"raceTime10K":2807,"raceTimeHalf":6632,"raceTimeMarathon":15195},{"userProfilePK":87578117,"calendarDate":"2021-06-24","deviceId":3324959462,"timestamp":"2021-06-24T05:44:37.0","raceTime5K":1297,"raceTime10K":2807,"raceTimeHalf":6632,"raceTimeMarathon":15195},{"userProfilePK":87578117,"calendarDate":"2021-06-25","deviceId":3324959462,"timestamp":"2021-06-24T22:25:46.0","raceTime5K":1297,"raceTime10K":2807,"raceTimeHalf":6632,"raceTimeMarathon":15195},{"userProfilePK":87578117,"calendarDate":"2021-06-26","deviceId":3324959462,"timestamp":"2021-06-25T22:25:48.0","raceTime5K":1302,"raceTime10K":2818,"raceTimeHalf":6658,"raceTimeMarathon":15250},{"userProfilePK":87578117,"calendarDate":"2021-06-27","deviceId":3324959462,"timestamp":"2021-06-26T22:25:50.0","raceTime5K":1302,"raceTime10K":2818,"raceTimeHalf":6658,"raceTimeMarathon":15250},{"userProfilePK":87578117,"calendarDate":"2021-06-28","deviceId":3324959462,"timestamp":"2021-06-28T18:55:39.0","raceTime5K":1302,"raceTime10K":2818,"raceTimeHalf":6658,"raceTimeMarathon":15250},{"userProfilePK":87578117,"calendarDate":"2021-06-28","deviceId":3324959462,"timestamp":"2021-06-27T22:25:51.0","raceTime5K":1302,"raceTime10K":2818,"raceTimeHalf":6658,"raceTimeMarathon":15250},{"userProfilePK":87578117,"calendarDate":"2021-06-29","deviceId":3324959462,"timestamp":"2021-06-28T22:25:53.0","raceTime5K":1304,"raceTime10K":2822,"raceTimeHalf":6667,"raceTimeMarathon":15270},{"userProfilePK":87578117,"calendarDate":"2021-06-29","deviceId":3324959462,"timestamp":"2021-06-29T05:59:43.0","raceTime5K":1304,"raceTime10K":2822,"raceTimeHalf":6667,"raceTimeMarathon":15270},{"userProfilePK":87578117,"calendarDate":"2021-06-29","deviceId":3324959462,"timestamp":"2021-06-29T11:58:41.0","raceTime5K":1301,"raceTime10K":2815,"raceTimeHalf":6651,"raceTimeMarathon":15235},{"userProfilePK":87578117,"calendarDate":"2021-06-29","deviceId":3324959462,"timestamp":"2021-06-29T12:05:54.0","raceTime5K":1301,"raceTime10K":2814,"raceTimeHalf":6649,"raceTimeMarathon":15232},{"userProfilePK":87578117,"calendarDate":"2021-06-30","deviceId":3324959462,"timestamp":"2021-06-29T22:25:57.0","raceTime5K":1301,"raceTime10K":2814,"raceTimeHalf":6650,"raceTimeMarathon":15233},{"userProfilePK":87578117,"calendarDate":"2021-07-01","deviceId":3324959462,"timestamp":"2021-07-01T05:57:21.0","raceTime5K":1305,"raceTime10K":2823,"raceTimeHalf":6669,"raceTimeMarathon":15276},{"userProfilePK":87578117,"calendarDate":"2021-07-01","deviceId":3324959462,"timestamp":"2021-07-01T12:15:05.0","raceTime5K":1305,"raceTime10K":2825,"raceTimeHalf":6680,"raceTimeMarathon":15308},{"userProfilePK":87578117,"calendarDate":"2021-07-01","deviceId":3324959462,"timestamp":"2021-06-30T22:25:58.0","raceTime5K":1305,"raceTime10K":2823,"raceTimeHalf":6670,"raceTimeMarathon":15277},{"userProfilePK":87578117,"calendarDate":"2021-07-02","deviceId":3324959462,"timestamp":"2021-07-02T06:56:37.0","raceTime5K":1308,"raceTime10K":2831,"raceTimeHalf":6693,"raceTimeMarathon":15336},{"userProfilePK":87578117,"calendarDate":"2021-07-02","deviceId":3324959462,"timestamp":"2021-07-02T11:57:10.0","raceTime5K":1307,"raceTime10K":2830,"raceTimeHalf":6695,"raceTimeMarathon":15352},{"userProfilePK":87578117,"calendarDate":"2021-07-02","deviceId":3324959462,"timestamp":"2021-07-01T22:26:00.0","raceTime5K":1308,"raceTime10K":2831,"raceTimeHalf":6693,"raceTimeMarathon":15336},{"userProfilePK":87578117,"calendarDate":"2021-07-03","deviceId":3324959462,"timestamp":"2021-07-02T22:26:01.0","raceTime5K":1310,"raceTime10K":2835,"raceTimeHalf":6706,"raceTimeMarathon":15375},{"userProfilePK":87578117,"calendarDate":"2021-07-03","deviceId":3324959462,"timestamp":"2021-07-03T09:59:07.0","raceTime5K":1309,"raceTime10K":2832,"raceTimeHalf":6700,"raceTimeMarathon":15369},{"userProfilePK":87578117,"calendarDate":"2021-07-04","deviceId":3324959462,"timestamp":"2021-07-03T22:26:04.0","raceTime5K":1310,"raceTime10K":2834,"raceTimeHalf":6707,"raceTimeMarathon":15383},{"userProfilePK":87578117,"calendarDate":"2021-07-04","deviceId":3324959462,"timestamp":"2021-07-04T07:03:52.0","raceTime5K":1304,"raceTime10K":2823,"raceTimeHalf":6680,"raceTimeMarathon":15323},{"userProfilePK":87578117,"calendarDate":"2021-07-05","deviceId":3324959462,"timestamp":"2021-07-05T06:22:42.0","raceTime5K":1305,"raceTime10K":2825,"raceTimeHalf":6684,"raceTimeMarathon":15332},{"userProfilePK":87578117,"calendarDate":"2021-07-05","deviceId":3324959462,"timestamp":"2021-07-04T22:26:05.0","raceTime5K":1305,"raceTime10K":2825,"raceTimeHalf":6684,"raceTimeMarathon":15333},{"userProfilePK":87578117,"calendarDate":"2021-07-06","deviceId":3324959462,"timestamp":"2021-07-05T22:26:07.0","raceTime5K":1310,"raceTime10K":2835,"raceTimeHalf":6707,"raceTimeMarathon":15383},{"userProfilePK":87578117,"calendarDate":"2021-07-06","deviceId":3324959462,"timestamp":"2021-07-06T05:57:31.0","raceTime5K":1310,"raceTime10K":2835,"raceTimeHalf":6707,"raceTimeMarathon":15383},{"userProfilePK":87578117,"calendarDate":"2021-07-07","deviceId":3324959462,"timestamp":"2021-07-06T22:26:09.0","raceTime5K":1314,"raceTime10K":2845,"raceTimeHalf":6728,"raceTimeMarathon":15430},{"userProfilePK":87578117,"calendarDate":"2021-07-07","deviceId":3324959462,"timestamp":"2021-07-07T11:54:11.0","raceTime5K":1314,"raceTime10K":2844,"raceTimeHalf":6730,"raceTimeMarathon":15441},{"userProfilePK":87578117,"calendarDate":"2021-07-07","deviceId":3324959462,"timestamp":"2021-07-07T17:44:20.0","raceTime5K":1314,"raceTime10K":2844,"raceTimeHalf":6730,"raceTimeMarathon":15440},{"userProfilePK":87578117,"calendarDate":"2021-07-08","deviceId":3324959462,"timestamp":"2021-07-08T12:12:47.0","raceTime5K":1316,"raceTime10K":2848,"raceTimeHalf":6746,"raceTimeMarathon":15487},{"userProfilePK":87578117,"calendarDate":"2021-07-08","deviceId":3324959462,"timestamp":"2021-07-08T20:33:56.0","raceTime5K":1316,"raceTime10K":2848,"raceTimeHalf":6746,"raceTimeMarathon":15487},{"userProfilePK":87578117,"calendarDate":"2021-07-08","deviceId":3324959462,"timestamp":"2021-07-07T22:26:11.0","raceTime5K":1318,"raceTime10K":2850,"raceTimeHalf":6744,"raceTimeMarathon":15473},{"userProfilePK":87578117,"calendarDate":"2021-07-09","deviceId":3324959462,"timestamp":"2021-07-08T22:26:13.0","raceTime5K":1316,"raceTime10K":2848,"raceTimeHalf":6746,"raceTimeMarathon":15487},{"userProfilePK":87578117,"calendarDate":"2021-07-10","deviceId":3324959462,"timestamp":"2021-07-09T22:26:15.0","raceTime5K":1316,"raceTime10K":2848,"raceTimeHalf":6746,"raceTimeMarathon":15487},{"userProfilePK":87578117,"calendarDate":"2021-07-11","deviceId":3324959462,"timestamp":"2021-07-10T22:26:17.0","raceTime5K":1318,"raceTime10K":2852,"raceTimeHalf":6755,"raceTimeMarathon":15506},{"userProfilePK":87578117,"calendarDate":"2021-07-12","deviceId":3324959462,"timestamp":"2021-07-12T18:52:12.0","raceTime5K":1318,"raceTime10K":2854,"raceTimeHalf":6763,"raceTimeMarathon":15506},{"userProfilePK":87578117,"calendarDate":"2021-07-12","deviceId":3324959462,"timestamp":"2021-07-11T22:26:19.0","raceTime5K":1318,"raceTime10K":2854,"raceTimeHalf":6763,"raceTimeMarathon":15506},{"userProfilePK":87578117,"calendarDate":"2021-07-13","deviceId":3324959462,"timestamp":"2021-07-12T22:26:20.0","raceTime5K":1322,"raceTime10K":2865,"raceTimeHalf":6786,"raceTimeMarathon":15544},{"userProfilePK":87578117,"calendarDate":"2021-07-13","deviceId":3324959462,"timestamp":"2021-07-13T14:25:58.0","raceTime5K":1314,"raceTime10K":2840,"raceTimeHalf":6726,"raceTimeMarathon":15468},{"userProfilePK":87578117,"calendarDate":"2021-07-14","deviceId":3324959462,"timestamp":"2021-07-13T22:26:22.0","raceTime5K":1316,"raceTime10K":2843,"raceTimeHalf":6732,"raceTimeMarathon":15481},{"userProfilePK":87578117,"calendarDate":"2021-07-14","deviceId":3324959462,"timestamp":"2021-07-14T14:14:01.0","raceTime5K":1316,"raceTime10K":2843,"raceTimeHalf":6732,"raceTimeMarathon":15481},{"userProfilePK":87578117,"calendarDate":"2021-07-14","deviceId":3324959462,"timestamp":"2021-07-14T14:14:35.0","raceTime5K":1316,"raceTime10K":2843,"raceTimeHalf":6732,"raceTimeMarathon":15481},{"userProfilePK":87578117,"calendarDate":"2021-07-14","deviceId":3324959462,"timestamp":"2021-07-14T16:40:10.0","raceTime5K":1307,"raceTime10K":2825,"raceTimeHalf":6687,"raceTimeMarathon":15378},{"userProfilePK":87578117,"calendarDate":"2021-07-14","deviceId":3324959462,"timestamp":"2021-07-14T18:23:11.0","raceTime5K":1307,"raceTime10K":2825,"raceTimeHalf":6687,"raceTimeMarathon":15378},{"userProfilePK":87578117,"calendarDate":"2021-07-15","deviceId":3324959462,"timestamp":"2021-07-15T02:05:51.0","raceTime5K":1311,"raceTime10K":2835,"raceTimeHalf":6711,"raceTimeMarathon":15411},{"userProfilePK":87578117,"calendarDate":"2021-07-15","deviceId":3324959462,"timestamp":"2021-07-15T08:27:23.0","raceTime5K":1311,"raceTime10K":2835,"raceTimeHalf":6711,"raceTimeMarathon":15411},{"userProfilePK":87578117,"calendarDate":"2021-07-15","deviceId":3324959462,"timestamp":"2021-07-15T14:05:02.0","raceTime5K":1311,"raceTime10K":2835,"raceTimeHalf":6711,"raceTimeMarathon":15411},{"userProfilePK":87578117,"calendarDate":"2021-07-15","deviceId":3324959462,"timestamp":"2021-07-15T15:11:54.0","raceTime5K":1311,"raceTime10K":2835,"raceTimeHalf":6711,"raceTimeMarathon":15411},{"userProfilePK":87578117,"calendarDate":"2021-07-15","deviceId":3324959462,"timestamp":"2021-07-15T16:06:11.0","raceTime5K":1309,"raceTime10K":2833,"raceTimeHalf":6712,"raceTimeMarathon":15417},{"userProfilePK":87578117,"calendarDate":"2021-07-15","deviceId":3324959462,"timestamp":"2021-07-14T22:26:25.0","raceTime5K":1311,"raceTime10K":2835,"raceTimeHalf":6711,"raceTimeMarathon":15411},{"userProfilePK":87578117,"calendarDate":"2021-07-16","deviceId":3324959462,"timestamp":"2021-07-16T16:40:11.0","raceTime5K":1312,"raceTime10K":2840,"raceTimeHalf":6728,"raceTimeMarathon":15451},{"userProfilePK":87578117,"calendarDate":"2021-07-16","deviceId":3324959462,"timestamp":"2021-07-15T22:26:27.0","raceTime5K":1312,"raceTime10K":2840,"raceTimeHalf":6728,"raceTimeMarathon":15451},{"userProfilePK":87578117,"calendarDate":"2021-07-17","deviceId":3324959462,"timestamp":"2021-07-16T22:03:27.0","raceTime5K":1316,"raceTime10K":2848,"raceTimeHalf":6745,"raceTimeMarathon":15489},{"userProfilePK":87578117,"calendarDate":"2021-07-17","deviceId":3324959462,"timestamp":"2021-07-17T06:53:04.0","raceTime5K":1316,"raceTime10K":2848,"raceTimeHalf":6745,"raceTimeMarathon":15489},{"userProfilePK":87578117,"calendarDate":"2021-07-17","deviceId":3324959462,"timestamp":"2021-07-17T08:27:46.0","raceTime5K":1314,"raceTime10K":2843,"raceTimeHalf":6735,"raceTimeMarathon":15473},{"userProfilePK":87578117,"calendarDate":"2021-07-17","deviceId":3324959462,"timestamp":"2021-07-17T18:34:30.0","raceTime5K":1314,"raceTime10K":2843,"raceTimeHalf":6735,"raceTimeMarathon":15473},{"userProfilePK":87578117,"calendarDate":"2021-07-18","deviceId":3324959462,"timestamp":"2021-07-17T22:03:29.0","raceTime5K":1317,"raceTime10K":2849,"raceTimeHalf":6749,"raceTimeMarathon":15505},{"userProfilePK":87578117,"calendarDate":"2021-07-19","deviceId":3324959462,"timestamp":"2021-07-19T06:23:04.0","raceTime5K":1317,"raceTime10K":2849,"raceTimeHalf":6749,"raceTimeMarathon":15505},{"userProfilePK":87578117,"calendarDate":"2021-07-19","deviceId":3324959462,"timestamp":"2021-07-19T14:57:38.0","raceTime5K":1317,"raceTime10K":2849,"raceTimeHalf":6749,"raceTimeMarathon":15505},{"userProfilePK":87578117,"calendarDate":"2021-07-19","deviceId":3324959462,"timestamp":"2021-07-19T17:18:16.0","raceTime5K":1316,"raceTime10K":2848,"raceTimeHalf":6748,"raceTimeMarathon":15502},{"userProfilePK":87578117,"calendarDate":"2021-07-19","deviceId":3324959462,"timestamp":"2021-07-19T17:28:48.0","raceTime5K":1316,"raceTime10K":2848,"raceTimeHalf":6748,"raceTimeMarathon":15501},{"userProfilePK":87578117,"calendarDate":"2021-07-19","deviceId":3324959462,"timestamp":"2021-07-18T22:03:31.0","raceTime5K":1317,"raceTime10K":2849,"raceTimeHalf":6750,"raceTimeMarathon":15506},{"userProfilePK":87578117,"calendarDate":"2021-07-20","deviceId":3324959462,"timestamp":"2021-07-19T22:03:32.0","raceTime5K":1316,"raceTime10K":2848,"raceTimeHalf":6748,"raceTimeMarathon":15502},{"userProfilePK":87578117,"calendarDate":"2021-07-20","deviceId":3324959462,"timestamp":"2021-07-20T06:04:38.0","raceTime5K":1316,"raceTime10K":2848,"raceTimeHalf":6748,"raceTimeMarathon":15501},{"userProfilePK":87578117,"calendarDate":"2021-07-20","deviceId":3324959462,"timestamp":"2021-07-20T16:06:27.0","raceTime5K":1309,"raceTime10K":2781,"raceTimeHalf":6563,"raceTimeMarathon":15438},{"userProfilePK":87578117,"calendarDate":"2021-07-20","deviceId":3324959462,"timestamp":"2021-07-20T16:11:26.0","raceTime5K":1309,"raceTime10K":2781,"raceTimeHalf":6563,"raceTimeMarathon":15438},{"userProfilePK":87578117,"calendarDate":"2021-07-21","deviceId":3324959462,"timestamp":"2021-07-20T22:03:34.0","raceTime5K":1309,"raceTime10K":2781,"raceTimeHalf":6563,"raceTimeMarathon":15438},{"userProfilePK":87578117,"calendarDate":"2021-07-21","deviceId":3324959462,"timestamp":"2021-07-21T15:04:44.0","raceTime5K":1309,"raceTime10K":2781,"raceTimeHalf":6563,"raceTimeMarathon":15438},{"userProfilePK":87578117,"calendarDate":"2021-07-22","deviceId":3324959462,"timestamp":"2021-07-22T06:13:35.0","raceTime5K":1312,"raceTime10K":2788,"raceTimeHalf":6578,"raceTimeMarathon":15472},{"userProfilePK":87578117,"calendarDate":"2021-07-22","deviceId":3324959462,"timestamp":"2021-07-22T10:33:30.0","raceTime5K":1312,"raceTime10K":2788,"raceTimeHalf":6578,"raceTimeMarathon":15472},{"userProfilePK":87578117,"calendarDate":"2021-07-22","deviceId":3324959462,"timestamp":"2021-07-22T10:39:26.0","raceTime5K":1312,"raceTime10K":2788,"raceTimeHalf":6578,"raceTimeMarathon":15472},{"userProfilePK":87578117,"calendarDate":"2021-07-22","deviceId":3324959462,"timestamp":"2021-07-21T22:03:35.0","raceTime5K":1312,"raceTime10K":2788,"raceTimeHalf":6578,"raceTimeMarathon":15472},{"userProfilePK":87578117,"calendarDate":"2021-07-23","deviceId":3324959462,"timestamp":"2021-07-22T22:03:37.0","raceTime5K":1314,"raceTime10K":2791,"raceTimeHalf":6585,"raceTimeMarathon":15487},{"userProfilePK":87578117,"calendarDate":"2021-07-24","deviceId":3324959462,"timestamp":"2021-07-23T22:03:39.0","raceTime5K":1315,"raceTime10K":2794,"raceTimeHalf":6592,"raceTimeMarathon":15502},{"userProfilePK":87578117,"calendarDate":"2021-07-25","deviceId":3324959462,"timestamp":"2021-07-24T22:03:40.0","raceTime5K":1315,"raceTime10K":2798,"raceTimeHalf":6602,"raceTimeMarathon":15502},{"userProfilePK":87578117,"calendarDate":"2021-07-26","deviceId":3324959462,"timestamp":"2021-07-26T06:19:21.0","raceTime5K":1315,"raceTime10K":2801,"raceTimeHalf":6612,"raceTimeMarathon":15502},{"userProfilePK":87578117,"calendarDate":"2021-07-26","deviceId":3324959462,"timestamp":"2021-07-25T22:03:42.0","raceTime5K":1315,"raceTime10K":2801,"raceTimeHalf":6613,"raceTimeMarathon":15503},{"userProfilePK":87578117,"calendarDate":"2021-07-27","deviceId":3324959462,"timestamp":"2021-07-26T22:03:43.0","raceTime5K":1320,"raceTime10K":2816,"raceTimeHalf":6648,"raceTimeMarathon":15557},{"userProfilePK":87578117,"calendarDate":"2021-07-27","deviceId":3324959462,"timestamp":"2021-07-27T12:01:11.0","raceTime5K":1320,"raceTime10K":2816,"raceTimeHalf":6648,"raceTimeMarathon":15557},{"userProfilePK":87578117,"calendarDate":"2021-07-27","deviceId":3324959462,"timestamp":"2021-07-27T12:08:40.0","raceTime5K":1320,"raceTime10K":2816,"raceTimeHalf":6648,"raceTimeMarathon":15557},{"userProfilePK":87578117,"calendarDate":"2021-07-28","deviceId":3324959462,"timestamp":"2021-07-27T22:03:45.0","raceTime5K":1325,"raceTime10K":2826,"raceTimeHalf":6672,"raceTimeMarathon":15609},{"userProfilePK":87578117,"calendarDate":"2021-07-29","deviceId":3324959462,"timestamp":"2021-07-29T06:14:21.0","raceTime5K":1326,"raceTime10K":2828,"raceTimeHalf":6676,"raceTimeMarathon":15618},{"userProfilePK":87578117,"calendarDate":"2021-07-29","deviceId":3324959462,"timestamp":"2021-07-28T22:03:47.0","raceTime5K":1326,"raceTime10K":2828,"raceTimeHalf":6676,"raceTimeMarathon":15618},{"userProfilePK":87578117,"calendarDate":"2021-07-30","deviceId":3324959462,"timestamp":"2021-07-30T07:33:34.0","raceTime5K":1319,"raceTime10K":2816,"raceTimeHalf":6650,"raceTimeMarathon":15555},{"userProfilePK":87578117,"calendarDate":"2021-07-30","deviceId":3324959462,"timestamp":"2021-07-30T07:36:45.0","raceTime5K":1319,"raceTime10K":2816,"raceTimeHalf":6650,"raceTimeMarathon":15555},{"userProfilePK":87578117,"calendarDate":"2021-07-30","deviceId":3324959462,"timestamp":"2021-07-30T09:55:01.0","raceTime5K":1319,"raceTime10K":2816,"raceTimeHalf":6650,"raceTimeMarathon":15555},{"userProfilePK":87578117,"calendarDate":"2021-07-30","deviceId":3324959462,"timestamp":"2021-07-30T12:53:15.0","raceTime5K":1319,"raceTime10K":2816,"raceTimeHalf":6650,"raceTimeMarathon":15555},{"userProfilePK":87578117,"calendarDate":"2021-07-30","deviceId":3324959462,"timestamp":"2021-07-30T13:27:17.0","raceTime5K":1314,"raceTime10K":2790,"raceTimeHalf":6560,"raceTimeMarathon":15437},{"userProfilePK":87578117,"calendarDate":"2021-07-30","deviceId":3324959462,"timestamp":"2021-07-29T22:03:48.0","raceTime5K":1326,"raceTime10K":2828,"raceTimeHalf":6676,"raceTimeMarathon":15618},{"userProfilePK":87578117,"calendarDate":"2021-07-31","deviceId":3324959462,"timestamp":"2021-07-30T22:03:53.0","raceTime5K":1318,"raceTime10K":2799,"raceTimeHalf":6581,"raceTimeMarathon":15485},{"userProfilePK":87578117,"calendarDate":"2021-08-01","deviceId":3324959462,"timestamp":"2021-07-31T22:03:54.0","raceTime5K":1318,"raceTime10K":2799,"raceTimeHalf":6581,"raceTimeMarathon":15485},{"userProfilePK":87578117,"calendarDate":"2021-08-02","deviceId":3324959462,"timestamp":"2021-08-02T09:58:20.0","raceTime5K":1318,"raceTime10K":2800,"raceTimeHalf":6582,"raceTimeMarathon":15486},{"userProfilePK":87578117,"calendarDate":"2021-08-02","deviceId":3324959462,"timestamp":"2021-08-02T10:33:51.0","raceTime5K":1318,"raceTime10K":2800,"raceTimeHalf":6582,"raceTimeMarathon":15486},{"userProfilePK":87578117,"calendarDate":"2021-08-02","deviceId":3324959462,"timestamp":"2021-08-02T18:35:33.0","raceTime5K":1318,"raceTime10K":2800,"raceTimeHalf":6582,"raceTimeMarathon":15486},{"userProfilePK":87578117,"calendarDate":"2021-08-02","deviceId":3324959462,"timestamp":"2021-08-01T22:03:56.0","raceTime5K":1318,"raceTime10K":2800,"raceTimeHalf":6582,"raceTimeMarathon":15486},{"userProfilePK":87578117,"calendarDate":"2021-08-03","deviceId":3324959462,"timestamp":"2021-08-02T22:03:59.0","raceTime5K":1324,"raceTime10K":2812,"raceTimeHalf":6610,"raceTimeMarathon":15547},{"userProfilePK":87578117,"calendarDate":"2021-08-03","deviceId":3324959462,"timestamp":"2021-08-03T11:54:28.0","raceTime5K":1324,"raceTime10K":2812,"raceTimeHalf":6610,"raceTimeMarathon":15547},{"userProfilePK":87578117,"calendarDate":"2021-08-03","deviceId":3324959462,"timestamp":"2021-08-03T16:00:14.0","raceTime5K":1324,"raceTime10K":2812,"raceTimeHalf":6610,"raceTimeMarathon":15547},{"userProfilePK":87578117,"calendarDate":"2021-08-04","deviceId":3324959462,"timestamp":"2021-08-03T22:04:01.0","raceTime5K":1324,"raceTime10K":2812,"raceTimeHalf":6610,"raceTimeMarathon":15547},{"userProfilePK":87578117,"calendarDate":"2021-08-04","deviceId":3324959462,"timestamp":"2021-08-04T12:22:47.0","raceTime5K":1324,"raceTime10K":2812,"raceTimeHalf":6610,"raceTimeMarathon":15547},{"userProfilePK":87578117,"calendarDate":"2021-08-05","deviceId":3324959462,"timestamp":"2021-08-05T16:20:48.0","raceTime5K":1324,"raceTime10K":2812,"raceTimeHalf":6610,"raceTimeMarathon":15547},{"userProfilePK":87578117,"calendarDate":"2021-08-05","deviceId":3324959462,"timestamp":"2021-08-05T19:20:33.0","raceTime5K":1318,"raceTime10K":2798,"raceTimeHalf":6570,"raceTimeMarathon":15454},{"userProfilePK":87578117,"calendarDate":"2021-08-05","deviceId":3324959462,"timestamp":"2021-08-04T22:04:03.0","raceTime5K":1324,"raceTime10K":2812,"raceTimeHalf":6610,"raceTimeMarathon":15547},{"userProfilePK":87578117,"calendarDate":"2021-08-06","deviceId":3324959462,"timestamp":"2021-08-06T08:27:24.0","raceTime5K":1314,"raceTime10K":2791,"raceTimeHalf":6499,"raceTimeMarathon":15247},{"userProfilePK":87578117,"calendarDate":"2021-08-06","deviceId":3324959462,"timestamp":"2021-08-05T22:04:05.0","raceTime5K":1319,"raceTime10K":2799,"raceTimeHalf":6572,"raceTimeMarathon":15457},{"userProfilePK":87578117,"calendarDate":"2021-08-07","deviceId":3324959462,"timestamp":"2021-08-06T22:04:06.0","raceTime5K":1314,"raceTime10K":2791,"raceTimeHalf":6499,"raceTimeMarathon":15247},{"userProfilePK":87578117,"calendarDate":"2021-08-07","deviceId":3324959462,"timestamp":"2021-08-07T11:42:42.0","raceTime5K":1314,"raceTime10K":2791,"raceTimeHalf":6499,"raceTimeMarathon":15247},{"userProfilePK":87578117,"calendarDate":"2021-08-07","deviceId":3324959462,"timestamp":"2021-08-07T11:55:53.0","raceTime5K":1314,"raceTime10K":2791,"raceTimeHalf":6499,"raceTimeMarathon":15247},{"userProfilePK":87578117,"calendarDate":"2021-08-07","deviceId":3324959462,"timestamp":"2021-08-07T16:59:31.0","raceTime5K":1314,"raceTime10K":2791,"raceTimeHalf":6499,"raceTimeMarathon":15247},{"userProfilePK":87578117,"calendarDate":"2021-08-07","deviceId":3324959462,"timestamp":"2021-08-07T17:06:07.0","raceTime5K":1314,"raceTime10K":2791,"raceTimeHalf":6499,"raceTimeMarathon":15247},{"userProfilePK":87578117,"calendarDate":"2021-08-07","deviceId":3324959462,"timestamp":"2021-08-07T17:43:16.0","raceTime5K":1308,"raceTime10K":2778,"raceTimeHalf":6471,"raceTimeMarathon":15179},{"userProfilePK":87578117,"calendarDate":"2021-08-08","deviceId":3324959462,"timestamp":"2021-08-07T22:04:08.0","raceTime5K":1310,"raceTime10K":2782,"raceTimeHalf":6480,"raceTimeMarathon":15199},{"userProfilePK":87578117,"calendarDate":"2021-08-09","deviceId":3324959462,"timestamp":"2021-08-09T04:38:37.0","raceTime5K":1303,"raceTime10K":2765,"raceTimeHalf":6442,"raceTimeMarathon":15115},{"userProfilePK":87578117,"calendarDate":"2021-08-09","deviceId":3324959462,"timestamp":"2021-08-09T09:14:01.0","raceTime5K":1295,"raceTime10K":2749,"raceTimeHalf":6304,"raceTimeMarathon":14101},{"userProfilePK":87578117,"calendarDate":"2021-08-09","deviceId":3324959462,"timestamp":"2021-08-08T22:04:10.0","raceTime5K":1310,"raceTime10K":2782,"raceTimeHalf":6480,"raceTimeMarathon":15199},{"userProfilePK":87578117,"calendarDate":"2021-08-10","deviceId":3324959462,"timestamp":"2021-08-09T22:04:12.0","raceTime5K":1295,"raceTime10K":2749,"raceTimeHalf":6304,"raceTimeMarathon":14101},{"userProfilePK":87578117,"calendarDate":"2021-08-10","deviceId":3324959462,"timestamp":"2021-08-10T19:25:36.0","raceTime5K":1287,"raceTime10K":2734,"raceTimeHalf":6269,"raceTimeMarathon":14023},{"userProfilePK":87578117,"calendarDate":"2021-08-11","deviceId":3324959462,"timestamp":"2021-08-10T22:04:14.0","raceTime5K":1289,"raceTime10K":2738,"raceTimeHalf":6279,"raceTimeMarathon":14046},{"userProfilePK":87578117,"calendarDate":"2021-08-11","deviceId":3324959462,"timestamp":"2021-08-11T05:59:02.0","raceTime5K":1285,"raceTime10K":2730,"raceTimeHalf":6261,"raceTimeMarathon":14004},{"userProfilePK":87578117,"calendarDate":"2021-08-12","deviceId":3324959462,"timestamp":"2021-08-12T06:41:42.0","raceTime5K":1273,"raceTime10K":2708,"raceTimeHalf":6212,"raceTimeMarathon":13897},{"userProfilePK":87578117,"calendarDate":"2021-08-12","deviceId":3324959462,"timestamp":"2021-08-11T22:04:16.0","raceTime5K":1285,"raceTime10K":2730,"raceTimeHalf":6261,"raceTimeMarathon":14004},{"userProfilePK":87578117,"calendarDate":"2021-08-13","deviceId":3324959462,"timestamp":"2021-08-13T18:19:10.0","raceTime5K":1272,"raceTime10K":2703,"raceTimeHalf":6199,"raceTimeMarathon":13869},{"userProfilePK":87578117,"calendarDate":"2021-08-13","deviceId":3324959462,"timestamp":"2021-08-13T18:26:33.0","raceTime5K":1272,"raceTime10K":2703,"raceTimeHalf":6199,"raceTimeMarathon":13869},{"userProfilePK":87578117,"calendarDate":"2021-08-13","deviceId":3324959462,"timestamp":"2021-08-13T18:26:36.0","raceTime5K":1272,"raceTime10K":2703,"raceTimeHalf":6199,"raceTimeMarathon":13869},{"userProfilePK":87578117,"calendarDate":"2021-08-13","deviceId":3324959462,"timestamp":"2021-08-13T18:26:38.0","raceTime5K":1272,"raceTime10K":2703,"raceTimeHalf":6199,"raceTimeMarathon":13869},{"userProfilePK":87578117,"calendarDate":"2021-08-13","deviceId":3324959462,"timestamp":"2021-08-13T18:26:40.0","raceTime5K":1272,"raceTime10K":2703,"raceTimeHalf":6199,"raceTimeMarathon":13869},{"userProfilePK":87578117,"calendarDate":"2021-08-13","deviceId":3324959462,"timestamp":"2021-08-13T18:26:42.0","raceTime5K":1272,"raceTime10K":2703,"raceTimeHalf":6199,"raceTimeMarathon":13869},{"userProfilePK":87578117,"calendarDate":"2021-08-13","deviceId":3324959462,"timestamp":"2021-08-12T22:04:18.0","raceTime5K":1273,"raceTime10K":2708,"raceTimeHalf":6212,"raceTimeMarathon":13897},{"userProfilePK":87578117,"calendarDate":"2021-08-14","deviceId":3324959462,"timestamp":"2021-08-13T22:04:20.0","raceTime5K":1272,"raceTime10K":2703,"raceTimeHalf":6199,"raceTimeMarathon":13869},{"userProfilePK":87578117,"calendarDate":"2021-08-15","deviceId":3324959462,"timestamp":"2021-08-14T22:04:22.0","raceTime5K":1272,"raceTime10K":2703,"raceTimeHalf":6199,"raceTimeMarathon":13869},{"userProfilePK":87578117,"calendarDate":"2021-08-15","deviceId":3324959462,"timestamp":"2021-08-15T11:30:07.0","raceTime5K":1272,"raceTime10K":2703,"raceTimeHalf":6199,"raceTimeMarathon":13869},{"userProfilePK":87578117,"calendarDate":"2021-08-15","deviceId":3324959462,"timestamp":"2021-08-15T18:21:12.0","raceTime5K":1272,"raceTime10K":2700,"raceTimeHalf":6193,"raceTimeMarathon":13855},{"userProfilePK":87578117,"calendarDate":"2021-08-16","deviceId":3324959462,"timestamp":"2021-08-16T14:34:40.0","raceTime5K":1272,"raceTime10K":2698,"raceTimeHalf":6187,"raceTimeMarathon":13843},{"userProfilePK":87578117,"calendarDate":"2021-08-16","deviceId":3324959462,"timestamp":"2021-08-15T22:04:25.0","raceTime5K":1272,"raceTime10K":2700,"raceTimeHalf":6193,"raceTimeMarathon":13855},{"userProfilePK":87578117,"calendarDate":"2021-08-17","deviceId":3324959462,"timestamp":"2021-08-16T22:04:26.0","raceTime5K":1272,"raceTime10K":2698,"raceTimeHalf":6187,"raceTimeMarathon":13843},{"userProfilePK":87578117,"calendarDate":"2021-08-17","deviceId":3324959462,"timestamp":"2021-08-17T05:02:39.0","raceTime5K":1272,"raceTime10K":2698,"raceTimeHalf":6187,"raceTimeMarathon":13843},{"userProfilePK":87578117,"calendarDate":"2021-08-17","deviceId":3324959462,"timestamp":"2021-08-17T07:39:03.0","raceTime5K":1272,"raceTime10K":2695,"raceTimeHalf":6180,"raceTimeMarathon":13827},{"userProfilePK":87578117,"calendarDate":"2021-08-17","deviceId":3324959462,"timestamp":"2021-08-17T11:19:08.0","raceTime5K":1272,"raceTime10K":2695,"raceTimeHalf":6180,"raceTimeMarathon":13827},{"userProfilePK":87578117,"calendarDate":"2021-08-18","deviceId":3324959462,"timestamp":"2021-08-17T22:04:28.0","raceTime5K":1272,"raceTime10K":2697,"raceTimeHalf":6187,"raceTimeMarathon":13842},{"userProfilePK":87578117,"calendarDate":"2021-08-18","deviceId":3324959462,"timestamp":"2021-08-18T11:02:05.0","raceTime5K":1272,"raceTime10K":2695,"raceTimeHalf":6182,"raceTimeMarathon":13830},{"userProfilePK":87578117,"calendarDate":"2021-08-19","deviceId":3324959462,"timestamp":"2021-08-18T22:04:31.0","raceTime5K":1272,"raceTime10K":2698,"raceTimeHalf":6188,"raceTimeMarathon":13844},{"userProfilePK":87578117,"calendarDate":"2021-08-20","deviceId":3324959462,"timestamp":"2021-08-19T22:04:32.0","raceTime5K":1272,"raceTime10K":2698,"raceTimeHalf":6188,"raceTimeMarathon":13844},{"userProfilePK":87578117,"calendarDate":"2021-08-21","deviceId":3324959462,"timestamp":"2021-08-20T22:04:34.0","raceTime5K":1272,"raceTime10K":2703,"raceTimeHalf":6200,"raceTimeMarathon":13871},{"userProfilePK":87578117,"calendarDate":"2021-08-21","deviceId":3324959462,"timestamp":"2021-08-21T16:25:00.0","raceTime5K":1273,"raceTime10K":2698,"raceTimeHalf":6192,"raceTimeMarathon":13856},{"userProfilePK":87578117,"calendarDate":"2021-08-22","deviceId":3324959462,"timestamp":"2021-08-21T22:04:36.0","raceTime5K":1273,"raceTime10K":2698,"raceTimeHalf":6192,"raceTimeMarathon":13856},{"userProfilePK":87578117,"calendarDate":"2021-08-23","deviceId":3324959462,"timestamp":"2021-08-22T22:04:37.0","raceTime5K":1273,"raceTime10K":2698,"raceTimeHalf":6192,"raceTimeMarathon":13856},{"userProfilePK":87578117,"calendarDate":"2021-08-24","deviceId":3324959462,"timestamp":"2021-08-23T22:04:39.0","raceTime5K":1273,"raceTime10K":2702,"raceTimeHalf":6199,"raceTimeMarathon":13872},{"userProfilePK":87578117,"calendarDate":"2021-08-24","deviceId":3324959462,"timestamp":"2021-08-24T09:42:38.0","raceTime5K":1277,"raceTime10K":2705,"raceTimeHalf":6209,"raceTimeMarathon":13901},{"userProfilePK":87578117,"calendarDate":"2021-08-24","deviceId":3324959462,"timestamp":"2021-08-24T09:59:58.0","raceTime5K":1277,"raceTime10K":2705,"raceTimeHalf":6209,"raceTimeMarathon":13901},{"userProfilePK":87578117,"calendarDate":"2021-08-25","deviceId":3324959462,"timestamp":"2021-08-24T22:04:42.0","raceTime5K":1277,"raceTime10K":2705,"raceTimeHalf":6209,"raceTimeMarathon":13901},{"userProfilePK":87578117,"calendarDate":"2021-08-25","deviceId":3324959462,"timestamp":"2021-08-25T05:41:03.0","raceTime5K":1277,"raceTime10K":2700,"raceTimeHalf":6197,"raceTimeMarathon":13875}]