[{"userProfilePK":87578117,"calendarDate":"2021-02-06","deviceId":3324959462,"timestamp":"2021-02-05T23:05:37.0","raceTime5K":1227,"raceTime10K":2604,"raceTimeHalf":6100,"raceTimeMarathon":14242},{"userProfilePK":87578117,"calendarDate":"2021-02-07","deviceId":3324959462,"timestamp":"2021-02-06T23:05:39.0","raceTime5K":1229,"raceTime10K":2609,"raceTimeHalf":6111,"raceTimeMarathon":14266},{"userProfilePK":87578117,"calendarDate":"2021-02-07","deviceId":3324959462,"timestamp":"2021-02-07T07:33:58.0","raceTime5K":1224,"raceTime10K":2599,"raceTimeHalf":6088,"raceTimeMarathon":14216},{"userProfilePK":87578117,"calendarDate":"2021-02-08","deviceId":3324959462,"timestamp":"2021-02-07T23:13:03.0","raceTime5K":1224,"raceTime10K":2599,"raceTimeHalf":6088,"raceTimeMarathon":14216},{"userProfilePK":87578117,"calendarDate":"2021-02-09","deviceId":3324959462,"timestamp":"2021-02-08T23:13:04.0","raceTime5K":1225,"raceTime10K":2602,"raceTimeHalf":6094,"raceTimeMarathon":14230},{"userProfilePK":87578117,"calendarDate":"2021-02-09","deviceId":3324959462,"timestamp":"2021-02-09T12:42:10.0","raceTime5K":1224,"raceTime10K":2600,"raceTimeHalf":6089,"raceTimeMarathon":14219},{"userProfilePK":87578117,"calendarDate":"2021-02-10","deviceId":3324959462,"timestamp":"2021-02-09T23:13:06.0","raceTime5K":1224,"raceTime10K":2600,"raceTimeHalf":6089,"raceTimeMarathon":14219},{"userProfilePK":87578117,"calendarDate":"2021-02-11","deviceId":3324959462,"timestamp":"2021-02-11T06:34:12.0","raceTime5K":1227,"raceTime10K":2608,"raceTimeHalf":6111,"raceTimeMarathon":14276},{"userProfilePK":87578117,"calendarDate":"2021-02-11","deviceId":3324959462,"timestamp":"2021-02-10T23:13:07.0","raceTime5K":1224,"raceTime10K":2600,"raceTimeHalf":6089,"raceTimeMarathon":14219},{"userProfilePK":87578117,"calendarDate":"2021-02-12","deviceId":3324959462,"timestamp":"2021-02-11T23:13:08.0","raceTime5K":1227,"raceTime10K":2608,"raceTimeHalf":6111,"raceTimeMarathon":14276},{"userProfilePK":87578117,"calendarDate":"2021-02-13","deviceId":3324959462,"timestamp":"2021-02-12T23:13:09.0","raceTime5K":1229,"raceTime10K":2611,"raceTimeHalf":6118,"raceTimeMarathon":14290},{"userProfilePK":87578117,"calendarDate":"2021-02-13","deviceId":3324959462,"timestamp":"2021-02-13T11:09:33.0","raceTime5K":1230,"raceTime10K":2611,"raceTimeHalf":6122,"raceTimeMarathon":14305},{"userProfilePK":87578117,"calendarDate":"2021-02-14","deviceId":3324959462,"timestamp":"2021-02-13T23:13:10.0","raceTime5K":1233,"raceTime10K":2616,"raceTimeHalf":6132,"raceTimeMarathon":14327},{"userProfilePK":87578117,"calendarDate":"2021-02-14","deviceId":3324959462,"timestamp":"2021-02-14T08:03:46.0","raceTime5K":1231,"raceTime10K":2612,"raceTimeHalf":6123,"raceTimeMarathon":14310},{"userProfilePK":87578117,"calendarDate":"2021-02-15","deviceId":3324959462,"timestamp":"2021-02-14T23:13:13.0","raceTime5K":1232,"raceTime10K":2620,"raceTimeHalf":6144,"raceTimeMarathon":14323},{"userProfilePK":87578117,"calendarDate":"2021-02-16","deviceId":3324959462,"timestamp":"2021-02-15T23:13:14.0","raceTime5K":1232,"raceTime10K":2625,"raceTimeHalf":6159,"raceTimeMarathon":14323},{"userProfilePK":87578117,"calendarDate":"2021-02-16","deviceId":3324959462,"timestamp":"2021-02-16T05:54:24.0","raceTime5K":1226,"raceTime10K":2612,"raceTimeHalf":6128,"raceTimeMarathon":14245},{"userProfilePK":87578117,"calendarDate":"2021-02-17","deviceId":3324959462,"timestamp":"2021-02-16T23:13:15.0","raceTime5K":1227,"raceTime10K":2619,"raceTimeHalf":6148,"raceTimeMarathon":14256},{"userProfilePK":87578117,"calendarDate":"2021-02-18","deviceId":3324959462,"timestamp":"2021-02-17T23:13:17.0","raceTime5K":1227,"raceTime10K":2624,"raceTimeHalf":6163,"raceTimeMarathon":14256},{"userProfilePK":87578117,"calendarDate":"2021-02-19","deviceId":3324959462,"timestamp":"2021-02-19T20:30:15.0","raceTime5K":1232,"raceTime10K":2635,"raceTimeHalf":6188,"raceTimeMarathon":14309},{"userProfilePK":87578117,"calendarDate":"2021-02-19","deviceId":3324959462,"timestamp":"2021-02-18T23:13:18.0","raceTime5K":1232,"raceTime10K":2635,"raceTimeHalf":6188,"raceTimeMarathon":14309},{"userProfilePK":87578117,"calendarDate":"2021-02-20","deviceId":3324959462,"timestamp":"2021-02-19T23:13:19.0","raceTime5K":1232,"raceTime10K":2635,"raceTimeHalf":6188,"raceTimeMarathon":14309},{"userProfilePK":87578117,"calendarDate":"2021-02-21","deviceId":3324959462,"timestamp":"2021-02-20T23:13:20.0","raceTime5K":1236,"raceTime10K":2645,"raceTimeHalf":6209,"raceTimeMarathon":14355},{"userProfilePK":87578117,"calendarDate":"2021-02-22","deviceId":3324959462,"timestamp":"2021-02-21T23:13:21.0","raceTime5K":1236,"raceTime10K":2645,"raceTimeHalf":6209,"raceTimeMarathon":14355},{"userProfilePK":87578117,"calendarDate":"2021-02-23","deviceId":3324959462,"timestamp":"2021-02-22T23:13:23.0","raceTime5K":1238,"raceTime10K":2648,"raceTimeHalf":6216,"raceTimeMarathon":14369},{"userProfilePK":87578117,"calendarDate":"2021-02-23","deviceId":3324959462,"timestamp":"2021-02-23T19:41:01.0","raceTime5K":1238,"raceTime10K":2648,"raceTimeHalf":6216,"raceTimeMarathon":14369},{"userProfilePK":87578117,"calendarDate":"2021-02-24","deviceId":3324959462,"timestamp":"2021-02-23T23:13:24.0","raceTime5K":1240,"raceTime10K":2652,"raceTimeHalf":6225,"raceTimeMarathon":14390},{"userProfilePK":87578117,"calendarDate":"2021-02-24","deviceId":3324959462,"timestamp":"2021-02-24T06:01:22.0","raceTime5K":1240,"raceTime10K":2652,"raceTimeHalf":6225,"raceTimeMarathon":14390},{"userProfilePK":87578117,"calendarDate":"2021-02-24","deviceId":3324959462,"timestamp":"2021-02-24T06:40:17.0","raceTime5K":1240,"raceTime10K":2655,"raceTimeHalf":6233,"raceTimeMarathon":14418},{"userProfilePK":87578117,"calendarDate":"2021-02-25","deviceId":3324959462,"timestamp":"2021-02-24T23:13:27.0","raceTime5K":1242,"raceTime10K":2660,"raceTimeHalf":6244,"raceTimeMarathon":14442},{"userProfilePK":87578117,"calendarDate":"2021-02-26","deviceId":3324959462,"timestamp":"2021-02-25T23:13:28.0","raceTime5K":1242,"raceTime10K":2660,"raceTimeHalf":6244,"raceTimeMarathon":14442},{"userProfilePK":87578117,"calendarDate":"2021-02-27","deviceId":3324959462,"timestamp":"2021-02-26T23:13:29.0","raceTime5K":1245,"raceTime10K":2666,"raceTimeHalf":6258,"raceTimeMarathon":14472},{"userProfilePK":87578117,"calendarDate":"2021-02-28","deviceId":3324959462,"timestamp":"2021-02-27T23:13:30.0","raceTime5K":1247,"raceTime10K":2670,"raceTimeHalf":6267,"raceTimeMarathon":14492},{"userProfilePK":87578117,"calendarDate":"2021-03-05","deviceId":3324959462,"timestamp":"2021-03-05T14:47:21.0","raceTime5K":1265,"raceTime10K":2708,"raceTimeHalf":6352,"raceTimeMarathon":14677},{"userProfilePK":87578117,"calendarDate":"2021-03-05","deviceId":3324959462,"timestamp":"2021-03-05T15:21:03.0","raceTime5K":1265,"raceTime10K":2708,"raceTimeHalf":6351,"raceTimeMarathon":14675},{"userProfilePK":87578117,"calendarDate":"2021-03-05","deviceId":3324959462,"timestamp":"2021-03-05T16:02:45.0","raceTime5K":1251,"raceTime10K":2676,"raceTimeHalf":6284,"raceTimeMarathon":14537},{"userProfilePK":87578117,"calendarDate":"2021-03-06","deviceId":3324959462,"timestamp":"2021-03-05T23:17:24.0","raceTime5K":1251,"raceTime10K":2676,"raceTimeHalf":6284,"raceTimeMarathon":14537},{"userProfilePK":87578117,"calendarDate":"2021-03-06","deviceId":3324959462,"timestamp":"2021-03-06T10:46:51.0","raceTime5K":1247,"raceTime10K":2670,"raceTimeHalf":6273,"raceTimeMarathon":14524},{"userProfilePK":87578117,"calendarDate":"2021-03-07","deviceId":3324959462,"timestamp":"2021-03-06T23:17:25.0","raceTime5K":1247,"raceTime10K":2670,"raceTimeHalf":6273,"raceTimeMarathon":14524},{"userProfilePK":87578117,"calendarDate":"2021-03-07","deviceId":3324959462,"timestamp":"2021-03-07T04:55:02.0","raceTime5K":1247,"raceTime10K":2670,"raceTimeHalf":6273,"raceTimeMarathon":14524},{"userProfilePK":87578117,"calendarDate":"2021-03-07","deviceId":3324959462,"timestamp":"2021-03-07T05:59:01.0","raceTime5K":1247,"raceTime10K":2666,"raceTimeHalf":6267,"raceTimeMarathon":14520},{"userProfilePK":87578117,"calendarDate":"2021-03-07","deviceId":3324959462,"timestamp":"2021-03-07T08:13:06.0","raceTime5K":1247,"raceTime10K":2666,"raceTimeHalf":6267,"raceTimeMarathon":14520},{"userProfilePK":87578117,"calendarDate":"2021-03-07","deviceId":3324959462,"timestamp":"2021-03-07T12:13:00.0","raceTime5K":1247,"raceTime10K":2666,"raceTimeHalf":6267,"raceTimeMarathon":14520},{"userProfilePK":87578117,"calendarDate":"2021-03-08","deviceId":3324959462,"timestamp":"2021-03-08T08:15:47.0","raceTime5K":1247,"raceTime10K":2666,"raceTimeHalf":6267,"raceTimeMarathon":14520},{"userProfilePK":87578117,"calendarDate":"2021-03-08","deviceId":3324959462,"timestamp":"2021-03-07T23:01:45.0","raceTime5K":1247,"raceTime10K":2666,"raceTimeHalf":6267,"raceTimeMarathon":14520},{"userProfilePK":87578117,"calendarDate":"2021-03-09","deviceId":3324959462,"timestamp":"2021-03-08T23:03:43.0","raceTime5K":1248,"raceTime10K":2669,"raceTimeHalf":6273,"raceTimeMarathon":14533},{"userProfilePK":87578117,"calendarDate":"2021-03-09","deviceId":3324959462,"timestamp":"2021-03-09T17:01:47.0","raceTime5K":1248,"raceTime10K":2671,"raceTimeHalf":6279,"raceTimeMarathon":14551},{"userProfilePK":87578117,"calendarDate":"2021-03-10","deviceId":3324959462,"timestamp":"2021-03-09T23:03:44.0","raceTime5K":1249,"raceTime10K":2673,"raceTimeHalf":6285,"raceTimeMarathon":14564},{"userProfilePK":87578117,"calendarDate":"2021-03-11","deviceId":3324959462,"timestamp":"2021-03-11T06:50:25.0","raceTime5K":1231,"raceTime10K":2613,"raceTimeHalf":6130,"raceTimeMarathon":14335},{"userProfilePK":87578117,"calendarDate":"2021-03-11","deviceId":3324959462,"timestamp":"2021-03-11T16:23:20.0","raceTime5K":1231,"raceTime10K":2613,"raceTimeHalf":6130,"raceTimeMarathon":14335},{"userProfilePK":87578117,"calendarDate":"2021-03-11","deviceId":3324959462,"timestamp":"2021-03-10T23:03:46.0","raceTime5K":1250,"raceTime10K":2677,"raceTimeHalf":6292,"raceTimeMarathon":14580},{"userProfilePK":87578117,"calendarDate":"2021-03-12","deviceId":3324959462,"timestamp":"2021-03-12T07:40:13.0","raceTime5K":1227,"raceTime10K":2606,"raceTimeHalf":6114,"raceTimeMarathon":14300},{"userProfilePK":87578117,"calendarDate":"2021-03-12","deviceId":3324959462,"timestamp":"2021-03-12T16:15:30.0","raceTime5K":1227,"raceTime10K":2606,"raceTimeHalf":6114,"raceTimeMarathon":14300},{"userProfilePK":87578117,"calendarDate":"2021-03-12","deviceId":3324959462,"timestamp":"2021-03-11T23:03:48.0","raceTime5K":1231,"raceTime10K":2613,"raceTimeHalf":6130,"raceTimeMarathon":14335},{"userProfilePK":87578117,"calendarDate":"2021-03-13","deviceId":3324959462,"timestamp":"2021-03-12T23:03:49.0","raceTime5K":1227,"raceTime10K":2606,"raceTimeHalf":6114,"raceTimeMarathon":14300},{"userProfilePK":87578117,"calendarDate":"2021-03-13","deviceId":3324959462,"timestamp":"2021-03-13T07:57:56.0","raceTime5K":1227,"raceTime10K":2606,"raceTimeHalf":6114,"raceTimeMarathon":14300},{"userProfilePK":87578117,"calendarDate":"2021-03-14","deviceId":3324959462,"timestamp":"2021-03-13T23:03:51.0","raceTime5K":1231,"raceTime10K":2614,"raceTimeHalf":6131,"raceTimeMarathon":14337},{"userProfilePK":87578117,"calendarDate":"2021-03-14","deviceId":3324959462,"timestamp":"2021-03-14T06:03:33.0","raceTime5K":1232,"raceTime10K":2617,"raceTimeHalf":6143,"raceTimeMarathon":14375},{"userProfilePK":87578117,"calendarDate":"2021-03-15","deviceId":3324959462,"timestamp":"2021-03-14T23:03:53.0","raceTime5K":1232,"raceTime10K":2621,"raceTimeHalf":6154,"raceTimeMarathon":14375},{"userProfilePK":87578117,"calendarDate":"2021-03-16","deviceId":3324959462,"timestamp":"2021-03-15T23:03:54.0","raceTime5K":1232,"raceTime10K":2622,"raceTimeHalf":6156,"raceTimeMarathon":14375},{"userProfilePK":87578117,"calendarDate":"2021-03-16","deviceId":3324959462,"timestamp":"2021-03-16T06:24:42.0","raceTime5K":1235,"raceTime10K":2628,"raceTimeHalf":6173,"raceTimeMarathon":14420},{"userProfilePK":87578117,"calendarDate":"2021-03-17","deviceId":3324959462,"timestamp":"2021-03-16T23:03:57.0","raceTime5K":1237,"raceTime10K":2630,"raceTimeHalf":6177,"raceTimeMarathon":14430},{"userProfilePK":87578117,"calendarDate":"2021-03-18","deviceId":3324959462,"timestamp":"2021-03-18T06:12:30.0","raceTime5K":1239,"raceTime10K":2635,"raceTimeHalf":6192,"raceTimeMarathon":14472},{"userProfilePK":87578117,"calendarDate":"2021-03-18","deviceId":3324959462,"timestamp":"2021-03-17T23:03:58.0","raceTime5K":1237,"raceTime10K":2630,"raceTimeHalf":6177,"raceTimeMarathon":14430},{"userProfilePK":87578117,"calendarDate":"2021-03-19","deviceId":3324959462,"timestamp":"2021-03-19T17:24:52.0","raceTime5K":1229,"raceTime10K":2612,"raceTimeHalf":6123,"raceTimeMarathon":14340},{"userProfilePK":87578117,"calendarDate":"2021-03-19","deviceId":3324959462,"timestamp":"2021-03-18T23:03:59.0","raceTime5K":1239,"raceTime10K":2635,"raceTimeHalf":6192,"raceTimeMarathon":14472},{"userProfilePK":87578117,"calendarDate":"2021-03-20","deviceId":3324959462,"timestamp":"2021-03-19T23:16:16.0","raceTime5K":1229,"raceTime10K":2612,"raceTimeHalf":6123,"raceTimeMarathon":14340},{"userProfilePK":87578117,"calendarDate":"2021-03-21","deviceId":3324959462,"timestamp":"2021-03-20T23:16:18.0","raceTime5K":1231,"raceTime10K":2616,"raceTimeHalf":6132,"raceTimeMarathon":14361},{"userProfilePK":87578117,"calendarDate":"2021-03-21","deviceId":3324959462,"timestamp":"2021-03-21T10:47:30.0","raceTime5K":1229,"raceTime10K":2609,"raceTimeHalf":6047,"raceTimeMarathon":14102},{"userProfilePK":87578117,"calendarDate":"2021-03-24","deviceId":3324959462,"timestamp":"2021-03-24T17:01:01.0","raceTime5K":1231,"raceTime10K":2614,"raceTimeHalf":6058,"raceTimeMarathon":14127},{"userProfilePK":87578117,"calendarDate":"2021-03-24","deviceId":3324959462,"timestamp":"2021-03-24T17:54:31.0","raceTime5K":1233,"raceTime10K":2621,"raceTimeHalf":6077,"raceTimeMarathon":14172},{"userProfilePK":87578117,"calendarDate":"2021-03-25","deviceId":3324959462,"timestamp":"2021-03-25T06:53:32.0","raceTime5K":1233,"raceTime10K":2621,"raceTimeHalf":6077,"raceTimeMarathon":14172},{"userProfilePK":87578117,"calendarDate":"2021-03-25","deviceId":3324959462,"timestamp":"2021-03-25T12:28:08.0","raceTime5K":1231,"raceTime10K":2617,"raceTimeHalf":6068,"raceTimeMarathon":14153},{"userProfilePK":87578117,"calendarDate":"2021-03-25","deviceId":3324959462,"timestamp":"2021-03-24T23:01:02.0","raceTime5K":1233,"raceTime10K":2621,"raceTimeHalf":6077,"raceTimeMarathon":14172},{"userProfilePK":87578117,"calendarDate":"2021-03-27","deviceId":3324959462,"timestamp":"2021-03-27T05:23:47.0","raceTime5K":1233,"raceTime10K":2620,"raceTimeHalf":6076,"raceTimeMarathon":14170},{"userProfilePK":87578117,"calendarDate":"2021-03-27","deviceId":3324959462,"timestamp":"2021-03-27T07:48:09.0","raceTime5K":1235,"raceTime10K":2623,"raceTimeHalf":6084,"raceTimeMarathon":14199},{"userProfilePK":87578117,"calendarDate":"2021-03-28","deviceId":3324959462,"timestamp":"2021-03-27T23:23:49.0","raceTime5K":1235,"raceTime10K":2623,"raceTimeHalf":6084,"raceTimeMarathon":14199},{"userProfilePK":87578117,"calendarDate":"2021-03-30","deviceId":3324959462,"timestamp":"2021-03-30T10:20:07.0","raceTime5K":1237,"raceTime10K":2626,"raceTimeHalf":6090,"raceTimeMarathon":14213},{"userProfilePK":87578117,"calendarDate":"2021-03-30","deviceId":3324959462,"timestamp":"2021-03-30T11:31:55.0","raceTime5K":1240,"raceTime10K":2635,"raceTimeHalf":6114,"raceTimeMarathon":14276},{"userProfilePK":87578117,"calendarDate":"2021-03-31","deviceId":3324959462,"timestamp":"2021-03-30T22:03:17.0","raceTime5K":1241,"raceTime10K":2637,"raceTimeHalf":6118,"raceTimeMarathon":14286},{"userProfilePK":87578117,"calendarDate":"2021-04-01","deviceId":3324959462,"timestamp":"2021-03-31T22:03:18.0","raceTime5K":1241,"raceTime10K":2637,"raceTimeHalf":6118,"raceTimeMarathon":14286},{"userProfilePK":87578117,"calendarDate":"2021-04-02","deviceId":3324959462,"timestamp":"2021-04-01T22:03:20.0","raceTime5K":1244,"raceTime10K":2643,"raceTimeHalf":6131,"raceTimeMarathon":14315},{"userProfilePK":87578117,"calendarDate":"2021-04-03","deviceId":3324959462,"timestamp":"2021-04-02T22:03:21.0","raceTime5K":1244,"raceTime10K":2643,"raceTimeHalf":6131,"raceTimeMarathon":14315},{"userProfilePK":87578117,"calendarDate":"2021-04-04","deviceId":3324959462,"timestamp":"2021-04-03T22:03:22.0","raceTime5K":1252,"raceTime10K":2661,"raceTimeHalf":6170,"raceTimeMarathon":14400},{"userProfilePK":87578117,"calendarDate":"2021-04-05","deviceId":3324959462,"timestamp":"2021-04-04T22:03:24.0","raceTime5K":1252,"raceTime10K":2661,"raceTimeHalf":6171,"raceTimeMarathon":14401},{"userProfilePK":87578117,"calendarDate":"2021-04-06","deviceId":3324959462,"timestamp":"2021-04-05T22:03:25.0","raceTime5K":1254,"raceTime10K":2664,"raceTimeHalf":6179,"raceTimeMarathon":14419},{"userProfilePK":87578117,"calendarDate":"2021-04-07","deviceId":3324959462,"timestamp":"2021-04-06T22:03:27.0","raceTime5K":1255,"raceTime10K":2667,"raceTimeHalf":6186,"raceTimeMarathon":14435},{"userProfilePK":87578117,"calendarDate":"2021-04-08","deviceId":3324959462,"timestamp":"2021-04-08T19:11:24.0","raceTime5K":1258,"raceTime10K":2672,"raceTimeHalf":6197,"raceTimeMarathon":14459},{"userProfilePK":87578117,"calendarDate":"2021-04-08","deviceId":3324959462,"timestamp":"2021-04-07T22:03:28.0","raceTime5K":1267,"raceTime10K":2693,"raceTimeHalf":6243,"raceTimeMarathon":14559},{"userProfilePK":87578117,"calendarDate":"2021-04-09","deviceId":3324959462,"timestamp":"2021-04-08T22:03:29.0","raceTime5K":1261,"raceTime10K":2679,"raceTimeHalf":6213,"raceTimeMarathon":14493},{"userProfilePK":87578117,"calendarDate":"2021-04-10","deviceId":3324959462,"timestamp":"2021-04-09T22:03:31.0","raceTime5K":1287,"raceTime10K":2735,"raceTimeHalf":6338,"raceTimeMarathon":14768},{"userProfilePK":87578117,"calendarDate":"2021-04-10","deviceId":3324959462,"timestamp":"2021-04-10T19:42:57.0","raceTime5K":1287,"raceTime10K":2735,"raceTimeHalf":6338,"raceTimeMarathon":14768},{"userProfilePK":87578117,"calendarDate":"2021-04-11","deviceId":3324959462,"timestamp":"2021-04-10T22:03:32.0","raceTime5K":1291,"raceTime10K":2742,"raceTimeHalf":6354,"raceTimeMarathon":14803},{"userProfilePK":87578117,"calendarDate":"2021-04-11","deviceId":3324959462,"timestamp":"2021-04-11T08:31:37.0","raceTime5K":1259,"raceTime10K":2674,"raceTimeHalf":6109,"raceTimeMarathon":13963},{"userProfilePK":87578117,"calendarDate":"2021-04-12","deviceId":3324959462,"timestamp":"2021-04-11T22:03:36.0","raceTime5K":1259,"raceTime10K":2674,"raceTimeHalf":6109,"raceTimeMarathon":13963},{"userProfilePK":87578117,"calendarDate":"2021-04-13","deviceId":3324959462,"timestamp":"2021-04-12T22:03:38.0","raceTime5K":1260,"raceTime10K":2677,"raceTimeHalf":6117,"raceTimeMarathon":13980},{"userProfilePK":87578117,"calendarDate":"2021-04-14","deviceId":3324959462,"timestamp":"2021-04-13T22:03:39.0","raceTime5K":1263,"raceTime10K":2683,"raceTimeHalf":6130,"raceTimeMarathon":14011},{"userProfilePK":87578117,"calendarDate":"2021-04-15","deviceId":3324959462,"timestamp":"2021-04-15T11:33:45.0","raceTime5K":1267,"raceTime10K":2692,"raceTimeHalf":6154,"raceTimeMarathon":14081},{"userProfilePK":87578117,"calendarDate":"2021-04-15","deviceId":3324959462,"timestamp":"2021-04-14T22:03:40.0","raceTime5K":1263,"raceTime10K":2683,"raceTimeHalf":6130,"raceTimeMarathon":14011},{"userProfilePK":87578117,"calendarDate":"2021-04-16","deviceId":3324959462,"timestamp":"2021-04-15T22:03:43.0","raceTime5K":1270,"raceTime10K":2698,"raceTimeHalf":6166,"raceTimeMarathon":14108},{"userProfilePK":87578117,"calendarDate":"2021-04-17","deviceId":3324959462,"timestamp":"2021-04-16T22:03:44.0","raceTime5K":1270,"raceTime10K":2698,"raceTimeHalf":6166,"raceTimeMarathon":14108},{"userProfilePK":87578117,"calendarDate":"2021-04-18","deviceId":3324959462,"timestamp":"2021-04-17T22:03:45.0","raceTime5K":1274,"raceTime10K":2704,"raceTimeHalf":6181,"raceTimeMarathon":14141},{"userProfilePK":87578117,"calendarDate":"2021-04-19","deviceId":3324959462,"timestamp":"2021-04-18T22:03:47.0","raceTime5K":1274,"raceTime10K":2704,"raceTimeHalf":6181,"raceTimeMarathon":14141},{"userProfilePK":87578117,"calendarDate":"2021-04-20","deviceId":3324959462,"timestamp":"2021-04-19T22:03:48.0","raceTime5K":1275,"raceTime10K":2707,"raceTimeHalf":6188,"raceTimeMarathon":14156},{"userProfilePK":87578117,"calendarDate":"2021-04-21","deviceId":3324959462,"timestamp":"2021-04-20T22:03:50.0","raceTime5K":1275,"raceTime10K":2707,"raceTimeHalf":6188,"raceTimeMarathon":14156},{"userProfilePK":87578117,"calendarDate":"2021-04-22","deviceId":3324959462,"timestamp":"2021-04-22T03:28:36.0","raceTime5K":1278,"raceTime10K":2712,"raceTimeHalf":6199,"raceTimeMarathon":14180},{"userProfilePK":87578117,"calendarDate":"2021-04-22","deviceId":3324959462,"timestamp":"2021-04-22T04:48:33.0","raceTime5K":1272,"raceTime10K":2699,"raceTimeHalf":6170,"raceTimeMarathon":14116},{"userProfilePK":87578117,"calendarDate":"2021-04-22","deviceId":3324959462,"timestamp":"2021-04-21T22:03:51.0","raceTime5K":1278,"raceTime10K":2712,"raceTimeHalf":6199,"raceTimeMarathon":14180},{"userProfilePK":87578117,"calendarDate":"2021-04-23","deviceId":3324959462,"timestamp":"2021-04-23T05:25:57.0","raceTime5K":1267,"raceTime10K":2693,"raceTimeHalf":6157,"raceTimeMarathon":14146},{"userProfilePK":87578117,"calendarDate":"2021-04-23","deviceId":3324959462,"timestamp":"2021-04-22T22:03:55.0","raceTime5K":1272,"raceTime10K":2699,"raceTimeHalf":6170,"raceTimeMarathon":14166},{"userProfilePK":87578117,"calendarDate":"2021-04-24","deviceId":3324959462,"timestamp":"2021-04-23T22:03:56.0","raceTime5K":1269,"raceTime10K":2696,"raceTimeHalf":6164,"raceTimeMarathon":14212},{"userProfilePK":87578117,"calendarDate":"2021-04-24","deviceId":3324959462,"timestamp":"2021-04-24T07:38:50.0","raceTime5K":1269,"raceTime10K":2696,"raceTimeHalf":6164,"raceTimeMarathon":14211},{"userProfilePK":87578117,"calendarDate":"2021-04-24","deviceId":3324959462,"timestamp":"2021-04-24T17:06:25.0","raceTime5K":1266,"raceTime10K":2689,"raceTimeHalf":6152,"raceTimeMarathon":14187},{"userProfilePK":87578117,"calendarDate":"2021-04-25","deviceId":3324959462,"timestamp":"2021-04-24T22:03:58.0","raceTime5K":1277,"raceTime10K":2711,"raceTimeHalf":6201,"raceTimeMarathon":14344},{"userProfilePK":87578117,"calendarDate":"2021-04-25","deviceId":3324959462,"timestamp":"2021-04-25T16:01:28.0","raceTime5K":1275,"raceTime10K":2708,"raceTimeHalf":6191,"raceTimeMarathon":14327},{"userProfilePK":87578117,"calendarDate":"2021-04-26","deviceId":3324959462,"timestamp":"2021-04-26T06:13:55.0","raceTime5K":1275,"raceTime10K":2707,"raceTimeHalf":6191,"raceTimeMarathon":14327},{"userProfilePK":87578117,"calendarDate":"2021-04-26","deviceId":3324959462,"timestamp":"2021-04-26T11:24:36.0","raceTime5K":1276,"raceTime10K":2710,"raceTimeHalf":6201,"raceTimeMarathon":14356},{"userProfilePK":87578117,"calendarDate":"2021-04-26","deviceId":3324959462,"timestamp":"2021-04-25T22:04:00.0","raceTime5K":1275,"raceTime10K":2708,"raceTimeHalf":6191,"raceTimeMarathon":14327},{"userProfilePK":87578117,"calendarDate":"2021-04-27","deviceId":3324959462,"timestamp":"2021-04-26T22:04:02.0","raceTime5K":1277,"raceTime10K":2712,"raceTimeHalf":6207,"raceTimeMarathon":14369},{"userProfilePK":87578117,"calendarDate":"2021-04-27","deviceId":3324959462,"timestamp":"2021-04-27T04:36:44.0","raceTime5K":1265,"raceTime10K":2688,"raceTimeHalf":6144,"raceTimeMarathon":14215},{"userProfilePK":87578117,"calendarDate":"2021-04-28","deviceId":3324959462,"timestamp":"2021-04-27T22:04:03.0","raceTime5K":1265,"raceTime10K":2688,"raceTimeHalf":6144,"raceTimeMarathon":14215},{"userProfilePK":87578117,"calendarDate":"2021-04-28","deviceId":3324959462,"timestamp":"2021-04-28T05:57:11.0","raceTime5K":1265,"raceTime10K":2687,"raceTimeHalf":6143,"raceTimeMarathon":14215},{"userProfilePK":87578117,"calendarDate":"2021-04-28","deviceId":3324959462,"timestamp":"2021-04-28T11:28:12.0","raceTime5K":1266,"raceTime10K":2691,"raceTimeHalf":6153,"raceTimeMarathon":14244},{"userProfilePK":87578117,"calendarDate":"2021-04-29","deviceId":3324959462,"timestamp":"2021-04-29T04:53:42.0","raceTime5K":1269,"raceTime10K":2697,"raceTimeHalf":6171,"raceTimeMarathon":14291},{"userProfilePK":87578117,"calendarDate":"2021-04-29","deviceId":3324959462,"timestamp":"2021-04-28T22:04:04.0","raceTime5K":1269,"raceTime10K":2697,"raceTimeHalf":6167,"raceTimeMarathon":14275},{"userProfilePK":87578117,"calendarDate":"2021-04-30","deviceId":3324959462,"timestamp":"2021-04-29T22:04:06.0","raceTime5K":1269,"raceTime10K":2697,"raceTimeHalf":6171,"raceTimeMarathon":14291},{"userProfilePK":87578117,"calendarDate":"2021-05-01","deviceId":3324959462,"timestamp":"2021-04-30T22:04:08.0","raceTime5K":1269,"raceTime10K":2697,"raceTimeHalf":6171,"raceTimeMarathon":14331},{"userProfilePK":87578117,"calendarDate":"2021-05-02","deviceId":3324959462,"timestamp":"2021-05-01T22:04:09.0","raceTime5K":1269,"raceTime10K":2697,"raceTimeHalf":6171,"raceTimeMarathon":14353},{"userProfilePK":87578117,"calendarDate":"2021-05-02","deviceId":3324959462,"timestamp":"2021-05-02T06:21:55.0","raceTime5K":1271,"raceTime10K":2703,"raceTimeHalf":6186,"raceTimeMarathon":14398},{"userProfilePK":87578117,"calendarDate":"2021-05-02","deviceId":3324959462,"timestamp":"2021-05-02T10:30:35.0","raceTime5K":1271,"raceTime10K":2703,"raceTimeHalf":6186,"raceTimeMarathon":14398},{"userProfilePK":87578117,"calendarDate":"2021-05-03","deviceId":3324959462,"timestamp":"2021-05-02T22:04:12.0","raceTime5K":1271,"raceTime10K":2703,"raceTimeHalf":6203,"raceTimeMarathon":14452},{"userProfilePK":87578117,"calendarDate":"2021-05-04","deviceId":3324959462,"timestamp":"2021-05-03T22:04:13.0","raceTime5K":1271,"raceTime10K":2703,"raceTimeHalf":6219,"raceTimeMarathon":14505},{"userProfilePK":87578117,"calendarDate":"2021-05-05","deviceId":3324959462,"timestamp":"2021-05-04T22:04:14.0","raceTime5K":1273,"raceTime10K":2705,"raceTimeHalf":6240,"raceTimeMarathon":14570},{"userProfilePK":87578117,"calendarDate":"2021-05-05","deviceId":3324959462,"timestamp":"2021-05-05T04:47:41.0","raceTime5K":1259,"raceTime10K":2677,"raceTimeHalf":6169,"raceTimeMarathon":14385},{"userProfilePK":87578117,"calendarDate":"2021-05-06","deviceId":3324959462,"timestamp":"2021-05-05T22:04:17.0","raceTime5K":1259,"raceTime10K":2677,"raceTimeHalf":6185,"raceTimeMarathon":14438},{"userProfilePK":87578117,"calendarDate":"2021-05-07","deviceId":3324959462,"timestamp":"2021-05-06T22:04:18.0","raceTime5K":1262,"raceTime10K":2684,"raceTimeHalf":6217,"raceTimeMarathon":14526},{"userProfilePK":87578117,"calendarDate":"2021-05-08","deviceId":3324959462,"timestamp":"2021-05-07T22:04:19.0","raceTime5K":1265,"raceTime10K":2690,"raceTimeHalf":6236,"raceTimeMarathon":14572},{"userProfilePK":87578117,"calendarDate":"2021-05-09","deviceId":3324959462,"timestamp":"2021-05-08T22:04:21.0","raceTime5K":1266,"raceTime10K":2693,"raceTimeHalf":6254,"raceTimeMarathon":14624},{"userProfilePK":87578117,"calendarDate":"2021-05-10","deviceId":3324959462,"timestamp":"2021-05-09T22:19:22.0","raceTime5K":1268,"raceTime10K":2696,"raceTimeHalf":6271,"raceTimeMarathon":14672},{"userProfilePK":87578117,"calendarDate":"2021-05-11","deviceId":3324959462,"timestamp":"2021-05-10T22:19:23.0","raceTime5K":1269,"raceTime10K":2700,"raceTimeHalf":6281,"raceTimeMarathon":14697},{"userProfilePK":87578117,"calendarDate":"2021-05-12","deviceId":3324959462,"timestamp":"2021-05-11T22:19:25.0","raceTime5K":1290,"raceTime10K":2744,"raceTimeHalf":6381,"raceTimeMarathon":14915},{"userProfilePK":87578117,"calendarDate":"2021-05-13","deviceId":3324959462,"timestamp":"2021-05-12T22:19:26.0","raceTime5K":1303,"raceTime10K":2771,"raceTimeHalf":6441,"raceTimeMarathon":15047},{"userProfilePK":87578117,"calendarDate":"2021-05-14","deviceId":3324959462,"timestamp":"2021-05-14T11:52:20.0","raceTime5K":1271,"raceTime10K":2703,"raceTimeHalf":6289,"raceTimeMarathon":14715},{"userProfilePK":87578117,"calendarDate":"2021-05-14","deviceId":3324959462,"timestamp":"2021-05-13T22:19:28.0","raceTime5K":1304,"raceTime10K":2774,"raceTimeHalf":6449,"raceTimeMarathon":15066},{"userProfilePK":87578117,"calendarDate":"2021-05-15","deviceId":3324959462,"timestamp":"2021-05-14T22:19:29.0","raceTime5K":1274,"raceTime10K":2710,"raceTimeHalf":6305,"raceTimeMarathon":14750},{"userProfilePK":87578117,"calendarDate":"2021-05-15","deviceId":3324959462,"timestamp":"2021-05-15T09:28:22.0","raceTime5K":1274,"raceTime10K":2710,"raceTimeHalf":6305,"raceTimeMarathon":14750},{"userProfilePK":87578117,"calendarDate":"2021-05-15","deviceId":3324959462,"timestamp":"2021-05-15T16:13:21.0","raceTime5K":1274,"raceTime10K":2709,"raceTimeHalf":6302,"raceTimeMarathon":14743},{"userProfilePK":87578117,"calendarDate":"2021-05-15","deviceId":3324959462,"timestamp":"2021-05-15T18:05:56.0","raceTime5K":1262,"raceTime10K":2682,"raceTimeHalf":6236,"raceTimeMarathon":14573},{"userProfilePK":87578117,"calendarDate":"2021-05-16","deviceId":3324959462,"timestamp":"2021-05-15T22:19:33.0","raceTime5K":1267,"raceTime10K":2692,"raceTimeHalf":6260,"raceTimeMarathon":14626},{"userProfilePK":87578117,"calendarDate":"2021-05-17","deviceId":3324959462,"timestamp":"2021-05-16T22:19:34.0","raceTime5K":1267,"raceTime10K":2692,"raceTimeHalf":6260,"raceTimeMarathon":14626}]