[{"userProfilePK":87578117,"calendarDate":"2022-03-13","deviceId":3324959462,"timestamp":"2022-03-12T23:04:53.0","raceTime5K":1157,"raceTime10K":2441,"raceTimeHalf":5529,"raceTimeMarathon":12754},{"userProfilePK":87578117,"calendarDate":"2022-03-13","deviceId":3324959462,"timestamp":"2022-03-13T08:28:29.0","raceTime5K":1157,"raceTime10K":2441,"raceTimeHalf":5529,"raceTimeMarathon":12754},{"userProfilePK":87578117,"calendarDate":"2022-03-13","deviceId":3324959462,"timestamp":"2022-03-13T14:34:41.0","raceTime5K":1157,"raceTime10K":2441,"raceTimeHalf":5529,"raceTimeMarathon":12754},{"userProfilePK":87578117,"calendarDate":"2022-03-13","deviceId":3324959462,"timestamp":"2022-03-13T20:29:07.0","raceTime5K":1155,"raceTime10K":2436,"raceTimeHalf":5515,"raceTimeMarathon":12720},{"userProfilePK":87578117,"calendarDate":"2022-03-14","deviceId":3324959462,"timestamp":"2022-03-14T07:56:14.0","raceTime5K":1155,"raceTime10K":2436,"raceTimeHalf":5517,"raceTimeMarathon":12722},{"userProfilePK":87578117,"calendarDate":"2022-03-14","deviceId":3324959462,"timestamp":"2022-03-14T11:26:56.0","raceTime5K":1155,"raceTime10K":2436,"raceTimeHalf":5517,"raceTimeMarathon":12722},{"userProfilePK":87578117,"calendarDate":"2022-03-14","deviceId":3324959462,"timestamp":"2022-03-14T11:30:05.0","raceTime5K":1155,"raceTime10K":2436,"raceTimeHalf":5517,"raceTimeMarathon":12722},{"userProfilePK":87578117,"calendarDate":"2022-03-14","deviceId":3324959462,"timestamp":"2022-03-14T12:15:33.0","raceTime5K":1155,"raceTime10K":2436,"raceTimeHalf":5517,"raceTimeMarathon":12722},{"userProfilePK":87578117,"calendarDate":"2022-03-14","deviceId":3324959462,"timestamp":"2022-03-14T12:44:02.0","raceTime5K":1155,"raceTime10K":2438,"raceTimeHalf":5522,"raceTimeMarathon":12736},{"userProfilePK":87578117,"calendarDate":"2022-03-14","deviceId":3324959462,"timestamp":"2022-03-14T17:08:15.0","raceTime5K":1155,"raceTime10K":2438,"raceTimeHalf":5522,"raceTimeMarathon":12736},{"userProfilePK":87578117,"calendarDate":"2022-03-14","deviceId":3324959462,"timestamp":"2022-03-13T23:04:59.0","raceTime5K":1155,"raceTime10K":2436,"raceTimeHalf":5517,"raceTimeMarathon":12722},{"userProfilePK":87578117,"calendarDate":"2022-03-15","deviceId":3324959462,"timestamp":"2022-03-14T23:05:02.0","raceTime5K":1155,"raceTime10K":2438,"raceTimeHalf":5516,"raceTimeMarathon":12723},{"userProfilePK":87578117,"calendarDate":"2022-03-15","deviceId":3324959462,"timestamp":"2022-03-15T07:59:20.0","raceTime5K":1155,"raceTime10K":2438,"raceTimeHalf":5516,"raceTimeMarathon":12723},{"userProfilePK":87578117,"calendarDate":"2022-03-15","deviceId":3324959462,"timestamp":"2022-03-15T11:33:37.0","raceTime5K":1155,"raceTime10K":2438,"raceTimeHalf":5516,"raceTimeMarathon":12723},{"userProfilePK":87578117,"calendarDate":"2022-03-15","deviceId":3324959462,"timestamp":"2022-03-15T12:26:19.0","raceTime5K":1155,"raceTime10K":2438,"raceTimeHalf":5516,"raceTimeMarathon":12723},{"userProfilePK":87578117,"calendarDate":"2022-03-15","deviceId":3324959462,"timestamp":"2022-03-15T12:42:48.0","raceTime5K":1155,"raceTime10K":2436,"raceTimeHalf":5513,"raceTimeMarathon":12712},{"userProfilePK":87578117,"calendarDate":"2022-03-15","deviceId":3324959462,"timestamp":"2022-03-15T17:39:11.0","raceTime5K":1155,"raceTime10K":2436,"raceTimeHalf":5513,"raceTimeMarathon":12712},{"userProfilePK":87578117,"calendarDate":"2022-03-16","deviceId":3324959462,"timestamp":"2022-03-15T23:05:06.0","raceTime5K":1155,"raceTime10K":2436,"raceTimeHalf":5507,"raceTimeMarathon":12700},{"userProfilePK":87578117,"calendarDate":"2022-03-16","deviceId":3324959462,"timestamp":"2022-03-16T07:05:11.0","raceTime5K":1155,"raceTime10K":2436,"raceTimeHalf":5507,"raceTimeMarathon":12700},{"userProfilePK":87578117,"calendarDate":"2022-03-16","deviceId":3324959462,"timestamp":"2022-03-16T11:35:58.0","raceTime5K":1152,"raceTime10K":2429,"raceTimeHalf":5492,"raceTimeMarathon":12661},{"userProfilePK":87578117,"calendarDate":"2022-03-16","deviceId":3324959462,"timestamp":"2022-03-16T12:23:20.0","raceTime5K":1152,"raceTime10K":2429,"raceTimeHalf":5492,"raceTimeMarathon":12661},{"userProfilePK":87578117,"calendarDate":"2022-03-16","deviceId":3324959462,"timestamp":"2022-03-16T12:42:19.0","raceTime5K":1152,"raceTime10K":2429,"raceTimeHalf":5489,"raceTimeMarathon":12655},{"userProfilePK":87578117,"calendarDate":"2022-03-16","deviceId":3324959462,"timestamp":"2022-03-16T17:34:18.0","raceTime5K":1152,"raceTime10K":2429,"raceTimeHalf":5489,"raceTimeMarathon":12655},{"userProfilePK":87578117,"calendarDate":"2022-03-17","deviceId":3324959462,"timestamp":"2022-03-17T07:24:19.0","raceTime5K":1150,"raceTime10K":2422,"raceTimeHalf":5470,"raceTimeMarathon":12610},{"userProfilePK":87578117,"calendarDate":"2022-03-17","deviceId":3324959462,"timestamp":"2022-03-17T07:28:10.0","raceTime5K":1150,"raceTime10K":2422,"raceTimeHalf":5470,"raceTimeMarathon":12610},{"userProfilePK":87578117,"calendarDate":"2022-03-17","deviceId":3324959462,"timestamp":"2022-03-17T07:50:33.0","raceTime5K":1150,"raceTime10K":2422,"raceTimeHalf":5470,"raceTimeMarathon":12610},{"userProfilePK":87578117,"calendarDate":"2022-03-17","deviceId":3324959462,"timestamp":"2022-03-17T17:37:59.0","raceTime5K":1150,"raceTime10K":2422,"raceTimeHalf":5470,"raceTimeMarathon":12610},{"userProfilePK":87578117,"calendarDate":"2022-03-17","deviceId":3324959462,"timestamp":"2022-03-16T23:05:12.0","raceTime5K":1152,"raceTime10K":2429,"raceTimeHalf":5485,"raceTimeMarathon":12647},{"userProfilePK":87578117,"calendarDate":"2022-03-18","deviceId":3324959462,"timestamp":"2022-03-18T06:56:09.0","raceTime5K":1150,"raceTime10K":2422,"raceTimeHalf":5465,"raceTimeMarathon":12597},{"userProfilePK":87578117,"calendarDate":"2022-03-18","deviceId":3324959462,"timestamp":"2022-03-18T11:31:54.0","raceTime5K":1147,"raceTime10K":2420,"raceTimeHalf":5456,"raceTimeMarathon":12575},{"userProfilePK":87578117,"calendarDate":"2022-03-18","deviceId":3324959462,"timestamp":"2022-03-18T12:21:36.0","raceTime5K":1147,"raceTime10K":2420,"raceTimeHalf":5456,"raceTimeMarathon":12575},{"userProfilePK":87578117,"calendarDate":"2022-03-18","deviceId":3324959462,"timestamp":"2022-03-18T12:42:01.0","raceTime5K":1147,"raceTime10K":2420,"raceTimeHalf":5456,"raceTimeMarathon":12575},{"userProfilePK":87578117,"calendarDate":"2022-03-18","deviceId":3324959462,"timestamp":"2022-03-18T16:55:01.0","raceTime5K":1147,"raceTime10K":2420,"raceTimeHalf":5456,"raceTimeMarathon":12575},{"userProfilePK":87578117,"calendarDate":"2022-03-18","deviceId":3324959462,"timestamp":"2022-03-17T23:05:17.0","raceTime5K":1150,"raceTime10K":2422,"raceTimeHalf":5465,"raceTimeMarathon":12597},{"userProfilePK":87578117,"calendarDate":"2022-03-19","deviceId":3324959462,"timestamp":"2022-03-18T23:05:22.0","raceTime5K":1147,"raceTime10K":2420,"raceTimeHalf":5468,"raceTimeMarathon":12616},{"userProfilePK":87578117,"calendarDate":"2022-03-19","deviceId":3324959462,"timestamp":"2022-03-19T11:06:05.0","raceTime5K":1147,"raceTime10K":2420,"raceTimeHalf":5468,"raceTimeMarathon":12616},{"userProfilePK":87578117,"calendarDate":"2022-03-19","deviceId":3324959462,"timestamp":"2022-03-19T11:29:31.0","raceTime5K":1147,"raceTime10K":2420,"raceTimeHalf":5468,"raceTimeMarathon":12616},{"userProfilePK":87578117,"calendarDate":"2022-03-19","deviceId":3324959462,"timestamp":"2022-03-19T19:19:06.0","raceTime5K":1145,"raceTime10K":2414,"raceTimeHalf":5455,"raceTimeMarathon":12585},{"userProfilePK":87578117,"calendarDate":"2022-03-20","deviceId":3324959462,"timestamp":"2022-03-19T23:05:27.0","raceTime5K":1145,"raceTime10K":2414,"raceTimeHalf":5445,"raceTimeMarathon":12577},{"userProfilePK":87578117,"calendarDate":"2022-03-20","deviceId":3324959462,"timestamp":"2022-03-20T18:58:49.0","raceTime5K":1147,"raceTime10K":2420,"raceTimeHalf":5446,"raceTimeMarathon":12569},{"userProfilePK":87578117,"calendarDate":"2022-03-21","deviceId":3324959462,"timestamp":"2022-03-21T07:55:38.0","raceTime5K":1147,"raceTime10K":2420,"raceTimeHalf":5442,"raceTimeMarathon":12558},{"userProfilePK":87578117,"calendarDate":"2022-03-21","deviceId":3324959462,"timestamp":"2022-03-21T17:06:38.0","raceTime5K":1147,"raceTime10K":2420,"raceTimeHalf":5442,"raceTimeMarathon":12558},{"userProfilePK":87578117,"calendarDate":"2022-03-21","deviceId":3324959462,"timestamp":"2022-03-21T17:21:26.0","raceTime5K":1147,"raceTime10K":2420,"raceTimeHalf":5442,"raceTimeMarathon":12558},{"userProfilePK":87578117,"calendarDate":"2022-03-21","deviceId":3324959462,"timestamp":"2022-03-20T23:05:31.0","raceTime5K":1147,"raceTime10K":2420,"raceTimeHalf":5442,"raceTimeMarathon":12558},{"userProfilePK":87578117,"calendarDate":"2022-03-22","deviceId":3324959462,"timestamp":"2022-03-21T23:05:36.0","raceTime5K":1147,"raceTime10K":2420,"raceTimeHalf":5444,"raceTimeMarathon":12563},{"userProfilePK":87578117,"calendarDate":"2022-03-22","deviceId":3324959462,"timestamp":"2022-03-22T08:02:21.0","raceTime5K":1147,"raceTime10K":2420,"raceTimeHalf":5444,"raceTimeMarathon":12563},{"userProfilePK":87578117,"calendarDate":"2022-03-22","deviceId":3324959462,"timestamp":"2022-03-22T11:31:33.0","raceTime5K":1147,"raceTime10K":2420,"raceTimeHalf":5444,"raceTimeMarathon":12563},{"userProfilePK":87578117,"calendarDate":"2022-03-22","deviceId":3324959462,"timestamp":"2022-03-22T12:17:30.0","raceTime5K":1147,"raceTime10K":2420,"raceTimeHalf":5444,"raceTimeMarathon":12563},{"userProfilePK":87578117,"calendarDate":"2022-03-22","deviceId":3324959462,"timestamp":"2022-03-22T12:41:31.0","raceTime5K":1147,"raceTime10K":2420,"raceTimeHalf":5442,"raceTimeMarathon":12558},{"userProfilePK":87578117,"calendarDate":"2022-03-22","deviceId":3324959462,"timestamp":"2022-03-22T17:23:10.0","raceTime5K":1147,"raceTime10K":2420,"raceTimeHalf":5442,"raceTimeMarathon":12558},{"userProfilePK":87578117,"calendarDate":"2022-03-23","deviceId":3324959462,"timestamp":"2022-03-22T23:05:42.0","raceTime5K":1147,"raceTime10K":2420,"raceTimeHalf":5445,"raceTimeMarathon":12566},{"userProfilePK":87578117,"calendarDate":"2022-03-23","deviceId":3324959462,"timestamp":"2022-03-23T07:50:10.0","raceTime5K":1147,"raceTime10K":2420,"raceTimeHalf":5445,"raceTimeMarathon":12566},{"userProfilePK":87578117,"calendarDate":"2022-03-23","deviceId":3324959462,"timestamp":"2022-03-23T11:29:05.0","raceTime5K":1147,"raceTime10K":2417,"raceTimeHalf":5442,"raceTimeMarathon":12557},{"userProfilePK":87578117,"calendarDate":"2022-03-23","deviceId":3324959462,"timestamp":"2022-03-23T12:15:18.0","raceTime5K":1147,"raceTime10K":2417,"raceTimeHalf":5442,"raceTimeMarathon":12557},{"userProfilePK":87578117,"calendarDate":"2022-03-23","deviceId":3324959462,"timestamp":"2022-03-23T12:37:17.0","raceTime5K":1147,"raceTime10K":2417,"raceTimeHalf":5437,"raceTimeMarathon":12546},{"userProfilePK":87578117,"calendarDate":"2022-03-23","deviceId":3324959462,"timestamp":"2022-03-23T17:26:36.0","raceTime5K":1147,"raceTime10K":2417,"raceTimeHalf":5437,"raceTimeMarathon":12546},{"userProfilePK":87578117,"calendarDate":"2022-03-24","deviceId":3324959462,"timestamp":"2022-03-24T07:52:39.0","raceTime5K":1147,"raceTime10K":2417,"raceTimeHalf":5435,"raceTimeMarathon":12542},{"userProfilePK":87578117,"calendarDate":"2022-03-24","deviceId":3324959462,"timestamp":"2022-03-24T17:41:51.0","raceTime5K":1147,"raceTime10K":2417,"raceTimeHalf":5435,"raceTimeMarathon":12542},{"userProfilePK":87578117,"calendarDate":"2022-03-24","deviceId":3324959462,"timestamp":"2022-03-24T20:09:28.0","raceTime5K":1147,"raceTime10K":2417,"raceTimeHalf":5438,"raceTimeMarathon":12549},{"userProfilePK":87578117,"calendarDate":"2022-03-24","deviceId":3324959462,"timestamp":"2022-03-23T23:05:47.0","raceTime5K":1147,"raceTime10K":2417,"raceTimeHalf":5435,"raceTimeMarathon":12542},{"userProfilePK":87578117,"calendarDate":"2022-03-25","deviceId":3324959462,"timestamp":"2022-03-25T07:58:01.0","raceTime5K":1147,"raceTime10K":2417,"raceTimeHalf":5433,"raceTimeMarathon":12539},{"userProfilePK":87578117,"calendarDate":"2022-03-25","deviceId":3324959462,"timestamp":"2022-03-25T11:48:43.0","raceTime5K":1147,"raceTime10K":2417,"raceTimeHalf":5433,"raceTimeMarathon":12539},{"userProfilePK":87578117,"calendarDate":"2022-03-25","deviceId":3324959462,"timestamp":"2022-03-25T12:35:19.0","raceTime5K":1147,"raceTime10K":2417,"raceTimeHalf":5433,"raceTimeMarathon":12539},{"userProfilePK":87578117,"calendarDate":"2022-03-25","deviceId":3324959462,"timestamp":"2022-03-25T12:51:22.0","raceTime5K":1145,"raceTime10K":2412,"raceTimeHalf":5421,"raceTimeMarathon":12507},{"userProfilePK":87578117,"calendarDate":"2022-03-25","deviceId":3324959462,"timestamp":"2022-03-25T16:29:19.0","raceTime5K":1145,"raceTime10K":2412,"raceTimeHalf":5421,"raceTimeMarathon":12507},{"userProfilePK":87578117,"calendarDate":"2022-03-25","deviceId":3324959462,"timestamp":"2022-03-25T17:38:32.0","raceTime5K":1145,"raceTime10K":2412,"raceTimeHalf":5421,"raceTimeMarathon":12507},{"userProfilePK":87578117,"calendarDate":"2022-03-25","deviceId":3324959462,"timestamp":"2022-03-24T23:05:53.0","raceTime5K":1147,"raceTime10K":2417,"raceTimeHalf":5433,"raceTimeMarathon":12539},{"userProfilePK":87578117,"calendarDate":"2022-03-26","deviceId":3324959462,"timestamp":"2022-03-25T23:05:59.0","raceTime5K":1145,"raceTime10K":2412,"raceTimeHalf":5432,"raceTimeMarathon":12548},{"userProfilePK":87578117,"calendarDate":"2022-03-26","deviceId":3324959462,"timestamp":"2022-03-26T14:24:25.0","raceTime5K":1145,"raceTime10K":2412,"raceTimeHalf":5432,"raceTimeMarathon":12548},{"userProfilePK":87578117,"calendarDate":"2022-03-26","deviceId":3324959462,"timestamp":"2022-03-26T16:44:35.0","raceTime5K":1145,"raceTime10K":2412,"raceTimeHalf":5432,"raceTimeMarathon":12548},{"userProfilePK":87578117,"calendarDate":"2022-03-26","deviceId":3324959462,"timestamp":"2022-03-26T18:33:10.0","raceTime5K":1147,"raceTime10K":2420,"raceTimeHalf":5403,"raceTimeMarathon":12392},{"userProfilePK":87578117,"calendarDate":"2022-03-27","deviceId":3324959462,"timestamp":"2022-03-26T23:01:02.0","raceTime5K":1147,"raceTime10K":2420,"raceTimeHalf":5414,"raceTimeMarathon":12449},{"userProfilePK":87578117,"calendarDate":"2022-03-27","deviceId":3324959462,"timestamp":"2022-03-27T07:10:24.0","raceTime5K":1147,"raceTime10K":2420,"raceTimeHalf":5414,"raceTimeMarathon":12449},{"userProfilePK":87578117,"calendarDate":"2022-03-27","deviceId":3324959462,"timestamp":"2022-03-27T12:13:40.0","raceTime5K":1147,"raceTime10K":2420,"raceTimeHalf":5414,"raceTimeMarathon":12449},{"userProfilePK":87578117,"calendarDate":"2022-03-27","deviceId":3324959462,"timestamp":"2022-03-27T14:28:48.0","raceTime5K":1149,"raceTime10K":2422,"raceTimeHalf":5414,"raceTimeMarathon":12450},{"userProfilePK":87578117,"calendarDate":"2022-03-28","deviceId":3324959462,"timestamp":"2022-03-28T06:58:16.0","raceTime5K":1149,"raceTime10K":2422,"raceTimeHalf":5414,"raceTimeMarathon":12450},{"userProfilePK":87578117,"calendarDate":"2022-03-28","deviceId":3324959462,"timestamp":"2022-03-28T16:39:14.0","raceTime5K":1149,"raceTime10K":2422,"raceTimeHalf":5414,"raceTimeMarathon":12450},{"userProfilePK":87578117,"calendarDate":"2022-03-28","deviceId":3324959462,"timestamp":"2022-03-28T17:05:51.0","raceTime5K":1149,"raceTime10K":2422,"raceTimeHalf":5412,"raceTimeMarathon":12446},{"userProfilePK":87578117,"calendarDate":"2022-03-28","deviceId":3324959462,"timestamp":"2022-03-27T22:05:42.0","raceTime5K":1149,"raceTime10K":2422,"raceTimeHalf":5414,"raceTimeMarathon":12450},{"userProfilePK":87578117,"calendarDate":"2022-03-29","deviceId":3324959462,"timestamp":"2022-03-28T22:05:46.0","raceTime5K":1149,"raceTime10K":2422,"raceTimeHalf":5421,"raceTimeMarathon":12466},{"userProfilePK":87578117,"calendarDate":"2022-03-29","deviceId":3324959462,"timestamp":"2022-03-29T06:57:35.0","raceTime5K":1149,"raceTime10K":2422,"raceTimeHalf":5421,"raceTimeMarathon":12466},{"userProfilePK":87578117,"calendarDate":"2022-03-29","deviceId":3324959462,"timestamp":"2022-03-29T10:22:34.0","raceTime5K":1149,"raceTime10K":2422,"raceTimeHalf":5418,"raceTimeMarathon":12461},{"userProfilePK":87578117,"calendarDate":"2022-03-29","deviceId":3324959462,"timestamp":"2022-03-29T11:11:25.0","raceTime5K":1149,"raceTime10K":2422,"raceTimeHalf":5418,"raceTimeMarathon":12461},{"userProfilePK":87578117,"calendarDate":"2022-03-29","deviceId":3324959462,"timestamp":"2022-03-29T11:31:50.0","raceTime5K":1149,"raceTime10K":2422,"raceTimeHalf":5416,"raceTimeMarathon":12455},{"userProfilePK":87578117,"calendarDate":"2022-03-29","deviceId":3324959462,"timestamp":"2022-03-29T16:17:39.0","raceTime5K":1149,"raceTime10K":2422,"raceTimeHalf":5416,"raceTimeMarathon":12455},{"userProfilePK":87578117,"calendarDate":"2022-03-30","deviceId":3324959462,"timestamp":"2022-03-29T22:05:51.0","raceTime5K":1149,"raceTime10K":2422,"raceTimeHalf":5416,"raceTimeMarathon":12455},{"userProfilePK":87578117,"calendarDate":"2022-03-30","deviceId":3324959462,"timestamp":"2022-03-30T06:57:57.0","raceTime5K":1149,"raceTime10K":2422,"raceTimeHalf":5416,"raceTimeMarathon":12455},{"userProfilePK":87578117,"calendarDate":"2022-03-30","deviceId":3324959462,"timestamp":"2022-03-30T10:28:20.0","raceTime5K":1147,"raceTime10K":2417,"raceTimeHalf":5404,"raceTimeMarathon":12427},{"userProfilePK":87578117,"calendarDate":"2022-03-30","deviceId":3324959462,"timestamp":"2022-03-30T11:15:53.0","raceTime5K":1147,"raceTime10K":2417,"raceTimeHalf":5404,"raceTimeMarathon":12427},{"userProfilePK":87578117,"calendarDate":"2022-03-30","deviceId":3324959462,"timestamp":"2022-03-30T11:38:16.0","raceTime5K":1147,"raceTime10K":2417,"raceTimeHalf":5402,"raceTimeMarathon":12421},{"userProfilePK":87578117,"calendarDate":"2022-03-30","deviceId":3324959462,"timestamp":"2022-03-30T16:15:03.0","raceTime5K":1147,"raceTime10K":2417,"raceTimeHalf":5402,"raceTimeMarathon":12421},{"userProfilePK":87578117,"calendarDate":"2022-03-31","deviceId":3324959462,"timestamp":"2022-03-31T06:52:57.0","raceTime5K":1147,"raceTime10K":2417,"raceTimeHalf":5402,"raceTimeMarathon":12421},{"userProfilePK":87578117,"calendarDate":"2022-03-31","deviceId":3324959462,"timestamp":"2022-03-31T16:26:49.0","raceTime5K":1147,"raceTime10K":2417,"raceTimeHalf":5402,"raceTimeMarathon":12421},{"userProfilePK":87578117,"calendarDate":"2022-03-31","deviceId":3324959462,"timestamp":"2022-03-31T18:14:30.0","raceTime5K":1145,"raceTime10K":2415,"raceTimeHalf":5394,"raceTimeMarathon":12400},{"userProfilePK":87578117,"calendarDate":"2022-03-31","deviceId":3324959462,"timestamp":"2022-03-30T22:05:56.0","raceTime5K":1147,"raceTime10K":2417,"raceTimeHalf":5402,"raceTimeMarathon":12421},{"userProfilePK":87578117,"calendarDate":"2022-04-01","deviceId":3324959462,"timestamp":"2022-04-01T07:30:08.0","raceTime5K":1145,"raceTime10K":2415,"raceTimeHalf":5399,"raceTimeMarathon":12413},{"userProfilePK":87578117,"calendarDate":"2022-04-01","deviceId":3324959462,"timestamp":"2022-04-01T10:28:39.0","raceTime5K":1145,"raceTime10K":2412,"raceTimeHalf":5390,"raceTimeMarathon":12391},{"userProfilePK":87578117,"calendarDate":"2022-04-01","deviceId":3324959462,"timestamp":"2022-04-01T11:19:57.0","raceTime5K":1145,"raceTime10K":2412,"raceTimeHalf":5390,"raceTimeMarathon":12391},{"userProfilePK":87578117,"calendarDate":"2022-04-01","deviceId":3324959462,"timestamp":"2022-04-01T11:39:46.0","raceTime5K":1145,"raceTime10K":2412,"raceTimeHalf":5387,"raceTimeMarathon":12385},{"userProfilePK":87578117,"calendarDate":"2022-04-01","deviceId":3324959462,"timestamp":"2022-04-01T15:33:28.0","raceTime5K":1145,"raceTime10K":2412,"raceTimeHalf":5387,"raceTimeMarathon":12385},{"userProfilePK":87578117,"calendarDate":"2022-04-01","deviceId":3324959462,"timestamp":"2022-03-31T22:01:01.0","raceTime5K":1145,"raceTime10K":2415,"raceTimeHalf":5399,"raceTimeMarathon":12413},{"userProfilePK":87578117,"calendarDate":"2022-04-02","deviceId":3324959462,"timestamp":"2022-04-01T22:01:08.0","raceTime5K":1145,"raceTime10K":2412,"raceTimeHalf":5405,"raceTimeMarathon":12424},{"userProfilePK":87578117,"calendarDate":"2022-04-02","deviceId":3324959462,"timestamp":"2022-04-02T18:53:38.0","raceTime5K":1142,"raceTime10K":2409,"raceTimeHalf":5385,"raceTimeMarathon":12375},{"userProfilePK":87578117,"calendarDate":"2022-04-03","deviceId":3324959462,"timestamp":"2022-04-02T22:01:14.0","raceTime5K":1142,"raceTime10K":2409,"raceTimeHalf":5377,"raceTimeMarathon":12359},{"userProfilePK":87578117,"calendarDate":"2022-04-03","deviceId":3324959462,"timestamp":"2022-04-03T19:03:22.0","raceTime5K":1140,"raceTime10K":2404,"raceTimeHalf":5365,"raceTimeMarathon":12328},{"userProfilePK":87578117,"calendarDate":"2022-04-04","deviceId":3324959462,"timestamp":"2022-04-04T07:07:07.0","raceTime5K":1140,"raceTime10K":2404,"raceTimeHalf":5371,"raceTimeMarathon":12340},{"userProfilePK":87578117,"calendarDate":"2022-04-04","deviceId":3324959462,"timestamp":"2022-04-04T10:31:13.0","raceTime5K":1140,"raceTime10K":2404,"raceTimeHalf":5371,"raceTimeMarathon":12340},{"userProfilePK":87578117,"calendarDate":"2022-04-04","deviceId":3324959462,"timestamp":"2022-04-04T11:20:03.0","raceTime5K":1140,"raceTime10K":2404,"raceTimeHalf":5371,"raceTimeMarathon":12340},{"userProfilePK":87578117,"calendarDate":"2022-04-04","deviceId":3324959462,"timestamp":"2022-04-04T11:47:12.0","raceTime5K":1142,"raceTime10K":2410,"raceTimeHalf":5383,"raceTimeMarathon":12371},{"userProfilePK":87578117,"calendarDate":"2022-04-04","deviceId":3324959462,"timestamp":"2022-04-04T16:26:01.0","raceTime5K":1142,"raceTime10K":2410,"raceTimeHalf":5383,"raceTimeMarathon":12371},{"userProfilePK":87578117,"calendarDate":"2022-04-04","deviceId":3324959462,"timestamp":"2022-04-03T22:01:20.0","raceTime5K":1140,"raceTime10K":2404,"raceTimeHalf":5371,"raceTimeMarathon":12340},{"userProfilePK":87578117,"calendarDate":"2022-04-05","deviceId":3324959462,"timestamp":"2022-04-04T22:01:26.0","raceTime5K":1142,"raceTime10K":2410,"raceTimeHalf":5395,"raceTimeMarathon":12397},{"userProfilePK":87578117,"calendarDate":"2022-04-05","deviceId":3324959462,"timestamp":"2022-04-05T07:04:15.0","raceTime5K":1142,"raceTime10K":2410,"raceTimeHalf":5395,"raceTimeMarathon":12397},{"userProfilePK":87578117,"calendarDate":"2022-04-05","deviceId":3324959462,"timestamp":"2022-04-05T10:33:12.0","raceTime5K":1142,"raceTime10K":2410,"raceTimeHalf":5393,"raceTimeMarathon":12392},{"userProfilePK":87578117,"calendarDate":"2022-04-05","deviceId":3324959462,"timestamp":"2022-04-05T11:19:50.0","raceTime5K":1142,"raceTime10K":2410,"raceTimeHalf":5393,"raceTimeMarathon":12392},{"userProfilePK":87578117,"calendarDate":"2022-04-05","deviceId":3324959462,"timestamp":"2022-04-05T11:41:42.0","raceTime5K":1142,"raceTime10K":2410,"raceTimeHalf":5390,"raceTimeMarathon":12386},{"userProfilePK":87578117,"calendarDate":"2022-04-05","deviceId":3324959462,"timestamp":"2022-04-05T16:50:32.0","raceTime5K":1142,"raceTime10K":2410,"raceTimeHalf":5390,"raceTimeMarathon":12386},{"userProfilePK":87578117,"calendarDate":"2022-04-05","deviceId":3324959462,"timestamp":"2022-04-05T19:08:18.0","raceTime5K":1142,"raceTime10K":2410,"raceTimeHalf":5390,"raceTimeMarathon":12386},{"userProfilePK":87578117,"calendarDate":"2022-04-06","deviceId":3324959462,"timestamp":"2022-04-05T22:01:33.0","raceTime5K":1142,"raceTime10K":2410,"raceTimeHalf":5402,"raceTimeMarathon":12411},{"userProfilePK":87578117,"calendarDate":"2022-04-06","deviceId":3324959462,"timestamp":"2022-04-06T06:57:03.0","raceTime5K":1142,"raceTime10K":2410,"raceTimeHalf":5402,"raceTimeMarathon":12411},{"userProfilePK":87578117,"calendarDate":"2022-04-06","deviceId":3324959462,"timestamp":"2022-04-06T10:36:55.0","raceTime5K":1142,"raceTime10K":2410,"raceTimeHalf":5399,"raceTimeMarathon":12406},{"userProfilePK":87578117,"calendarDate":"2022-04-06","deviceId":3324959462,"timestamp":"2022-04-06T11:28:03.0","raceTime5K":1142,"raceTime10K":2410,"raceTimeHalf":5399,"raceTimeMarathon":12406},{"userProfilePK":87578117,"calendarDate":"2022-04-06","deviceId":3324959462,"timestamp":"2022-04-06T11:44:38.0","raceTime5K":1142,"raceTime10K":2410,"raceTimeHalf":5397,"raceTimeMarathon":12400},{"userProfilePK":87578117,"calendarDate":"2022-04-06","deviceId":3324959462,"timestamp":"2022-04-06T16:06:49.0","raceTime5K":1142,"raceTime10K":2410,"raceTimeHalf":5397,"raceTimeMarathon":12400},{"userProfilePK":87578117,"calendarDate":"2022-04-07","deviceId":3324959462,"timestamp":"2022-04-07T06:31:45.0","raceTime5K":1142,"raceTime10K":2410,"raceTimeHalf":5393,"raceTimeMarathon":12392},{"userProfilePK":87578117,"calendarDate":"2022-04-07","deviceId":3324959462,"timestamp":"2022-04-07T06:57:39.0","raceTime5K":1142,"raceTime10K":2410,"raceTimeHalf":5393,"raceTimeMarathon":12392},{"userProfilePK":87578117,"calendarDate":"2022-04-07","deviceId":3324959462,"timestamp":"2022-04-07T15:53:17.0","raceTime5K":1142,"raceTime10K":2410,"raceTimeHalf":5393,"raceTimeMarathon":12392},{"userProfilePK":87578117,"calendarDate":"2022-04-07","deviceId":3324959462,"timestamp":"2022-04-06T22:01:40.0","raceTime5K":1142,"raceTime10K":2410,"raceTimeHalf":5397,"raceTimeMarathon":12400},{"userProfilePK":87578117,"calendarDate":"2022-04-08","deviceId":3324959462,"timestamp":"2022-04-08T06:55:23.0","raceTime5K":1142,"raceTime10K":2410,"raceTimeHalf":5386,"raceTimeMarathon":12376},{"userProfilePK":87578117,"calendarDate":"2022-04-08","deviceId":3324959462,"timestamp":"2022-04-08T10:27:11.0","raceTime5K":1142,"raceTime10K":2407,"raceTimeHalf":5379,"raceTimeMarathon":12361},{"userProfilePK":87578117,"calendarDate":"2022-04-08","deviceId":3324959462,"timestamp":"2022-04-08T11:25:02.0","raceTime5K":1142,"raceTime10K":2407,"raceTimeHalf":5379,"raceTimeMarathon":12361},{"userProfilePK":87578117,"calendarDate":"2022-04-08","deviceId":3324959462,"timestamp":"2022-04-08T11:44:45.0","raceTime5K":1140,"raceTime10K":2402,"raceTimeHalf":5366,"raceTimeMarathon":12330},{"userProfilePK":87578117,"calendarDate":"2022-04-08","deviceId":3324959462,"timestamp":"2022-04-08T15:48:02.0","raceTime5K":1140,"raceTime10K":2402,"raceTimeHalf":5366,"raceTimeMarathon":12330},{"userProfilePK":87578117,"calendarDate":"2022-04-08","deviceId":3324959462,"timestamp":"2022-04-07T22:01:46.0","raceTime5K":1142,"raceTime10K":2410,"raceTimeHalf":5386,"raceTimeMarathon":12376},{"userProfilePK":87578117,"calendarDate":"2022-04-09","deviceId":3324959462,"timestamp":"2022-04-08T22:01:49.0","raceTime5K":1140,"raceTime10K":2402,"raceTimeHalf":5358,"raceTimeMarathon":12302},{"userProfilePK":87578117,"calendarDate":"2022-04-09","deviceId":3324959462,"timestamp":"2022-04-09T12:07:51.0","raceTime5K":1140,"raceTime10K":2402,"raceTimeHalf":5358,"raceTimeMarathon":12302},{"userProfilePK":87578117,"calendarDate":"2022-04-09","deviceId":3324959462,"timestamp":"2022-04-09T12:24:29.0","raceTime5K":1140,"raceTime10K":2402,"raceTimeHalf":5358,"raceTimeMarathon":12302},{"userProfilePK":87578117,"calendarDate":"2022-04-10","deviceId":3324959462,"timestamp":"2022-04-09T22:01:55.0","raceTime5K":1140,"raceTime10K":2402,"raceTimeHalf":5358,"raceTimeMarathon":12305},{"userProfilePK":87578117,"calendarDate":"2022-04-10","deviceId":3324959462,"timestamp":"2022-04-10T09:17:49.0","raceTime5K":1137,"raceTime10K":2397,"raceTimeHalf":5347,"raceTimeMarathon":12059},{"userProfilePK":87578117,"calendarDate":"2022-04-11","deviceId":3324959462,"timestamp":"2022-04-11T06:59:59.0","raceTime5K":1137,"raceTime10K":2397,"raceTimeHalf":5347,"raceTimeMarathon":12061},{"userProfilePK":87578117,"calendarDate":"2022-04-11","deviceId":3324959462,"timestamp":"2022-04-11T11:22:14.0","raceTime5K":1137,"raceTime10K":2397,"raceTimeHalf":5347,"raceTimeMarathon":12061},{"userProfilePK":87578117,"calendarDate":"2022-04-11","deviceId":3324959462,"timestamp":"2022-04-11T16:05:51.0","raceTime5K":1137,"raceTime10K":2397,"raceTimeHalf":5347,"raceTimeMarathon":12061},{"userProfilePK":87578117,"calendarDate":"2022-04-11","deviceId":3324959462,"timestamp":"2022-04-10T22:02:00.0","raceTime5K":1137,"raceTime10K":2397,"raceTimeHalf":5347,"raceTimeMarathon":12061},{"userProfilePK":87578117,"calendarDate":"2022-04-12","deviceId":3324959462,"timestamp":"2022-04-11T22:02:06.0","raceTime5K":1137,"raceTime10K":2397,"raceTimeHalf":5350,"raceTimeMarathon":12074},{"userProfilePK":87578117,"calendarDate":"2022-04-12","deviceId":3324959462,"timestamp":"2022-04-12T07:05:51.0","raceTime5K":1137,"raceTime10K":2397,"raceTimeHalf":5350,"raceTimeMarathon":12074},{"userProfilePK":87578117,"calendarDate":"2022-04-12","deviceId":3324959462,"timestamp":"2022-04-12T11:55:43.0","raceTime5K":1137,"raceTime10K":2397,"raceTimeHalf":5348,"raceTimeMarathon":12069},{"userProfilePK":87578117,"calendarDate":"2022-04-12","deviceId":3324959462,"timestamp":"2022-04-12T16:15:48.0","raceTime5K":1137,"raceTime10K":2397,"raceTimeHalf":5348,"raceTimeMarathon":12069},{"userProfilePK":87578117,"calendarDate":"2022-04-13","deviceId":3324959462,"timestamp":"2022-04-12T22:02:14.0","raceTime5K":1137,"raceTime10K":2397,"raceTimeHalf":5353,"raceTimeMarathon":12079},{"userProfilePK":87578117,"calendarDate":"2022-04-13","deviceId":3324959462,"timestamp":"2022-04-13T06:49:19.0","raceTime5K":1137,"raceTime10K":2397,"raceTimeHalf":5353,"raceTimeMarathon":12079},{"userProfilePK":87578117,"calendarDate":"2022-04-13","deviceId":3324959462,"timestamp":"2022-04-13T11:21:23.0","raceTime5K":1137,"raceTime10K":2397,"raceTimeHalf":5353,"raceTimeMarathon":12079},{"userProfilePK":87578117,"calendarDate":"2022-04-13","deviceId":3324959462,"timestamp":"2022-04-13T11:44:22.0","raceTime5K":1137,"raceTime10K":2397,"raceTimeHalf":5353,"raceTimeMarathon":12079},{"userProfilePK":87578117,"calendarDate":"2022-04-13","deviceId":3324959462,"timestamp":"2022-04-13T12:09:10.0","raceTime5K":1137,"raceTime10K":2395,"raceTimeHalf":5352,"raceTimeMarathon":12074},{"userProfilePK":87578117,"calendarDate":"2022-04-13","deviceId":3324959462,"timestamp":"2022-04-13T16:06:02.0","raceTime5K":1137,"raceTime10K":2395,"raceTimeHalf":5352,"raceTimeMarathon":12074},{"userProfilePK":87578117,"calendarDate":"2022-04-14","deviceId":3324959462,"timestamp":"2022-04-14T06:38:55.0","raceTime5K":1137,"raceTime10K":2395,"raceTimeHalf":5358,"raceTimeMarathon":12088},{"userProfilePK":87578117,"calendarDate":"2022-04-14","deviceId":3324959462,"timestamp":"2022-04-14T07:08:15.0","raceTime5K":1137,"raceTime10K":2395,"raceTimeHalf":5358,"raceTimeMarathon":12088},{"userProfilePK":87578117,"calendarDate":"2022-04-14","deviceId":3324959462,"timestamp":"2022-04-14T16:38:00.0","raceTime5K":1137,"raceTime10K":2395,"raceTimeHalf":5358,"raceTimeMarathon":12088},{"userProfilePK":87578117,"calendarDate":"2022-04-14","deviceId":3324959462,"timestamp":"2022-04-13T22:02:18.0","raceTime5K":1137,"raceTime10K":2395,"raceTimeHalf":5359,"raceTimeMarathon":12089},{"userProfilePK":87578117,"calendarDate":"2022-04-15","deviceId":3324959462,"timestamp":"2022-04-15T07:12:42.0","raceTime5K":1137,"raceTime10K":2395,"raceTimeHalf":5373,"raceTimeMarathon":12120},{"userProfilePK":87578117,"calendarDate":"2022-04-15","deviceId":3324959462,"timestamp":"2022-04-15T10:36:01.0","raceTime5K":1137,"raceTime10K":2395,"raceTimeHalf":5372,"raceTimeMarathon":12118},{"userProfilePK":87578117,"calendarDate":"2022-04-15","deviceId":3324959462,"timestamp":"2022-04-15T11:35:44.0","raceTime5K":1137,"raceTime10K":2395,"raceTimeHalf":5372,"raceTimeMarathon":12118},{"userProfilePK":87578117,"calendarDate":"2022-04-15","deviceId":3324959462,"timestamp":"2022-04-15T11:58:41.0","raceTime5K":1137,"raceTime10K":2397,"raceTimeHalf":5369,"raceTimeMarathon":12116},{"userProfilePK":87578117,"calendarDate":"2022-04-15","deviceId":3324959462,"timestamp":"2022-04-15T15:57:00.0","raceTime5K":1137,"raceTime10K":2397,"raceTimeHalf":5369,"raceTimeMarathon":12116},{"userProfilePK":87578117,"calendarDate":"2022-04-15","deviceId":3324959462,"timestamp":"2022-04-14T22:03:01.0","raceTime5K":1137,"raceTime10K":2395,"raceTimeHalf":5373,"raceTimeMarathon":12120},{"userProfilePK":87578117,"calendarDate":"2022-04-16","deviceId":3324959462,"timestamp":"2022-04-15T22:03:08.0","raceTime5K":1137,"raceTime10K":2397,"raceTimeHalf":5365,"raceTimeMarathon":12106},{"userProfilePK":87578117,"calendarDate":"2022-04-16","deviceId":3324959462,"timestamp":"2022-04-16T08:59:46.0","raceTime5K":1137,"raceTime10K":2397,"raceTimeHalf":5365,"raceTimeMarathon":12106},{"userProfilePK":87578117,"calendarDate":"2022-04-16","deviceId":3324959462,"timestamp":"2022-04-16T18:38:19.0","raceTime5K":1137,"raceTime10K":2397,"raceTimeHalf":5365,"raceTimeMarathon":12106},{"userProfilePK":87578117,"calendarDate":"2022-04-16","deviceId":3324959462,"timestamp":"2022-04-16T18:51:54.0","raceTime5K":1137,"raceTime10K":2397,"raceTimeHalf":5365,"raceTimeMarathon":12106},{"userProfilePK":87578117,"calendarDate":"2022-04-17","deviceId":3324959462,"timestamp":"2022-04-16T22:03:13.0","raceTime5K":1137,"raceTime10K":2397,"raceTimeHalf":5363,"raceTimeMarathon":12102},{"userProfilePK":87578117,"calendarDate":"2022-04-17","deviceId":3324959462,"timestamp":"2022-04-17T20:14:07.0","raceTime5K":1131,"raceTime10K":2385,"raceTimeHalf":5337,"raceTimeMarathon":12035},{"userProfilePK":87578117,"calendarDate":"2022-04-18","deviceId":3324959462,"timestamp":"2022-04-18T16:26:19.0","raceTime5K":1131,"raceTime10K":2385,"raceTimeHalf":5340,"raceTimeMarathon":12095},{"userProfilePK":87578117,"calendarDate":"2022-04-18","deviceId":3324959462,"timestamp":"2022-04-17T22:03:20.0","raceTime5K":1131,"raceTime10K":2385,"raceTimeHalf":5340,"raceTimeMarathon":12095},{"userProfilePK":87578117,"calendarDate":"2022-04-19","deviceId":3324959462,"timestamp":"2022-04-18T22:03:27.0","raceTime5K":1131,"raceTime10K":2385,"raceTimeHalf":5346,"raceTimeMarathon":12164},{"userProfilePK":87578117,"calendarDate":"2022-04-19","deviceId":3324959462,"timestamp":"2022-04-19T17:42:36.0","raceTime5K":1131,"raceTime10K":2385,"raceTimeHalf":5346,"raceTimeMarathon":12164},{"userProfilePK":87578117,"calendarDate":"2022-04-20","deviceId":3324959462,"timestamp":"2022-04-19T22:03:32.0","raceTime5K":1131,"raceTime10K":2385,"raceTimeHalf":5351,"raceTimeMarathon":12228},{"userProfilePK":87578117,"calendarDate":"2022-04-20","deviceId":3324959462,"timestamp":"2022-04-20T19:24:42.0","raceTime5K":1131,"raceTime10K":2385,"raceTimeHalf":5351,"raceTimeMarathon":12228},{"userProfilePK":87578117,"calendarDate":"2022-04-21","deviceId":3324959462,"timestamp":"2022-04-21T20:19:14.0","raceTime5K":1131,"raceTime10K":2385,"raceTimeHalf":5356,"raceTimeMarathon":12242},{"userProfilePK":87578117,"calendarDate":"2022-04-21","deviceId":3324959462,"timestamp":"2022-04-20T22:03:39.0","raceTime5K":1131,"raceTime10K":2385,"raceTimeHalf":5356,"raceTimeMarathon":12242},{"userProfilePK":87578117,"calendarDate":"2022-04-22","deviceId":3324959462,"timestamp":"2022-04-22T15:49:25.0","raceTime5K":1131,"raceTime10K":2385,"raceTimeHalf":5371,"raceTimeMarathon":12274},{"userProfilePK":87578117,"calendarDate":"2022-04-22","deviceId":3324959462,"timestamp":"2022-04-21T22:03:46.0","raceTime5K":1131,"raceTime10K":2385,"raceTimeHalf":5371,"raceTimeMarathon":12274},{"userProfilePK":87578117,"calendarDate":"2022-04-23","deviceId":3324959462,"timestamp":"2022-04-22T22:03:50.0","raceTime5K":1131,"raceTime10K":2385,"raceTimeHalf":5369,"raceTimeMarathon":12270},{"userProfilePK":87578117,"calendarDate":"2022-04-23","deviceId":3324959462,"timestamp":"2022-04-23T17:56:32.0","raceTime5K":1130,"raceTime10K":2381,"raceTimeHalf":5358,"raceTimeMarathon":12245},{"userProfilePK":87578117,"calendarDate":"2022-04-24","deviceId":3324959462,"timestamp":"2022-04-23T22:03:57.0","raceTime5K":1130,"raceTime10K":2381,"raceTimeHalf":5341,"raceTimeMarathon":12207},{"userProfilePK":87578117,"calendarDate":"2022-04-24","deviceId":3324959462,"timestamp":"2022-04-24T17:43:35.0","raceTime5K":1130,"raceTime10K":2381,"raceTimeHalf":5341,"raceTimeMarathon":12207},{"userProfilePK":87578117,"calendarDate":"2022-04-24","deviceId":3324959462,"timestamp":"2022-04-24T18:19:40.0","raceTime5K":1133,"raceTime10K":2387,"raceTimeHalf":5356,"raceTimeMarathon":12243},{"userProfilePK":87578117,"calendarDate":"2022-04-25","deviceId":3324959462,"timestamp":"2022-04-25T07:14:51.0","raceTime5K":1133,"raceTime10K":2387,"raceTimeHalf":5364,"raceTimeMarathon":12260},{"userProfilePK":87578117,"calendarDate":"2022-04-25","deviceId":3324959462,"timestamp":"2022-04-25T10:30:08.0","raceTime5K":1130,"raceTime10K":2381,"raceTimeHalf":5350,"raceTimeMarathon":12226},{"userProfilePK":87578117,"calendarDate":"2022-04-25","deviceId":3324959462,"timestamp":"2022-04-25T11:22:17.0","raceTime5K":1130,"raceTime10K":2381,"raceTimeHalf":5350,"raceTimeMarathon":12226},{"userProfilePK":87578117,"calendarDate":"2022-04-25","deviceId":3324959462,"timestamp":"2022-04-25T11:45:42.0","raceTime5K":1130,"raceTime10K":2381,"raceTimeHalf":5350,"raceTimeMarathon":12226},{"userProfilePK":87578117,"calendarDate":"2022-04-25","deviceId":3324959462,"timestamp":"2022-04-25T16:10:51.0","raceTime5K":1130,"raceTime10K":2381,"raceTimeHalf":5350,"raceTimeMarathon":12226},{"userProfilePK":87578117,"calendarDate":"2022-04-25","deviceId":3324959462,"timestamp":"2022-04-24T22:04:02.0","raceTime5K":1133,"raceTime10K":2387,"raceTimeHalf":5364,"raceTimeMarathon":12260},{"userProfilePK":87578117,"calendarDate":"2022-04-26","deviceId":3324959462,"timestamp":"2022-04-25T22:04:07.0","raceTime5K":1130,"raceTime10K":2383,"raceTimeHalf":5351,"raceTimeMarathon":12226},{"userProfilePK":87578117,"calendarDate":"2022-04-26","deviceId":3324959462,"timestamp":"2022-04-26T06:54:26.0","raceTime5K":1130,"raceTime10K":2383,"raceTimeHalf":5351,"raceTimeMarathon":12226},{"userProfilePK":87578117,"calendarDate":"2022-04-26","deviceId":3324959462,"timestamp":"2022-04-26T10:35:21.0","raceTime5K":1130,"raceTime10K":2381,"raceTimeHalf":5346,"raceTimeMarathon":12216},{"userProfilePK":87578117,"calendarDate":"2022-04-26","deviceId":3324959462,"timestamp":"2022-04-26T11:23:08.0","raceTime5K":1130,"raceTime10K":2381,"raceTimeHalf":5346,"raceTimeMarathon":12216},{"userProfilePK":87578117,"calendarDate":"2022-04-26","deviceId":3324959462,"timestamp":"2022-04-26T11:47:05.0","raceTime5K":1131,"raceTime10K":2383,"raceTimeHalf":5350,"raceTimeMarathon":12228},{"userProfilePK":87578117,"calendarDate":"2022-04-26","deviceId":3324959462,"timestamp":"2022-04-26T16:06:44.0","raceTime5K":1131,"raceTime10K":2383,"raceTimeHalf":5350,"raceTimeMarathon":12228},{"userProfilePK":87578117,"calendarDate":"2022-04-27","deviceId":3324959462,"timestamp":"2022-04-26T22:04:46.0","raceTime5K":1131,"raceTime10K":2384,"raceTimeHalf":5358,"raceTimeMarathon":12244},{"userProfilePK":87578117,"calendarDate":"2022-04-27","deviceId":3324959462,"timestamp":"2022-04-27T18:04:15.0","raceTime5K":1130,"raceTime10K":2381,"raceTimeHalf":5350,"raceTimeMarathon":12226},{"userProfilePK":87578117,"calendarDate":"2022-04-28","deviceId":3324959462,"timestamp":"2022-04-28T06:48:30.0","raceTime5K":1130,"raceTime10K":2381,"raceTimeHalf":5352,"raceTimeMarathon":12229},{"userProfilePK":87578117,"calendarDate":"2022-04-28","deviceId":3324959462,"timestamp":"2022-04-28T15:56:20.0","raceTime5K":1130,"raceTime10K":2381,"raceTimeHalf":5352,"raceTimeMarathon":12229},{"userProfilePK":87578117,"calendarDate":"2022-04-28","deviceId":3324959462,"timestamp":"2022-04-28T16:47:59.0","raceTime5K":1130,"raceTime10K":2381,"raceTimeHalf":5352,"raceTimeMarathon":12229},{"userProfilePK":87578117,"calendarDate":"2022-04-28","deviceId":3324959462,"timestamp":"2022-04-27T22:04:52.0","raceTime5K":1130,"raceTime10K":2381,"raceTimeHalf":5352,"raceTimeMarathon":12229},{"userProfilePK":87578117,"calendarDate":"2022-04-29","deviceId":3324959462,"timestamp":"2022-04-29T06:52:59.0","raceTime5K":1130,"raceTime10K":2381,"raceTimeHalf":5353,"raceTimeMarathon":12232},{"userProfilePK":87578117,"calendarDate":"2022-04-29","deviceId":3324959462,"timestamp":"2022-04-29T10:34:02.0","raceTime5K":1126,"raceTime10K":2375,"raceTimeHalf":5336,"raceTimeMarathon":12191},{"userProfilePK":87578117,"calendarDate":"2022-04-29","deviceId":3324959462,"timestamp":"2022-04-29T11:27:14.0","raceTime5K":1126,"raceTime10K":2375,"raceTimeHalf":5336,"raceTimeMarathon":12191},{"userProfilePK":87578117,"calendarDate":"2022-04-29","deviceId":3324959462,"timestamp":"2022-04-29T11:46:55.0","raceTime5K":1126,"raceTime10K":2375,"raceTimeHalf":5336,"raceTimeMarathon":12191},{"userProfilePK":87578117,"calendarDate":"2022-04-29","deviceId":3324959462,"timestamp":"2022-04-29T16:56:02.0","raceTime5K":1126,"raceTime10K":2375,"raceTimeHalf":5336,"raceTimeMarathon":12191},{"userProfilePK":87578117,"calendarDate":"2022-04-29","deviceId":3324959462,"timestamp":"2022-04-28T22:04:57.0","raceTime5K":1130,"raceTime10K":2381,"raceTimeHalf":5353,"raceTimeMarathon":12232},{"userProfilePK":87578117,"calendarDate":"2022-04-30","deviceId":3324959462,"timestamp":"2022-04-29T22:05:01.0","raceTime5K":1126,"raceTime10K":2375,"raceTimeHalf":5339,"raceTimeMarathon":12197},{"userProfilePK":87578117,"calendarDate":"2022-04-30","deviceId":3324959462,"timestamp":"2022-04-30T19:01:45.0","raceTime5K":1128,"raceTime10K":2376,"raceTimeHalf":5344,"raceTimeMarathon":12208},{"userProfilePK":87578117,"calendarDate":"2022-05-01","deviceId":3324959462,"timestamp":"2022-04-30T22:05:06.0","raceTime5K":1128,"raceTime10K":2376,"raceTimeHalf":5344,"raceTimeMarathon":12209},{"userProfilePK":87578117,"calendarDate":"2022-05-01","deviceId":3324959462,"timestamp":"2022-05-01T18:11:37.0","raceTime5K":1126,"raceTime10K":2373,"raceTimeHalf":5336,"raceTimeMarathon":12192},{"userProfilePK":87578117,"calendarDate":"2022-05-02","deviceId":3324959462,"timestamp":"2022-05-02T07:06:50.0","raceTime5K":1126,"raceTime10K":2373,"raceTimeHalf":5345,"raceTimeMarathon":12253},{"userProfilePK":87578117,"calendarDate":"2022-05-02","deviceId":3324959462,"timestamp":"2022-05-02T10:39:26.0","raceTime5K":1123,"raceTime10K":2368,"raceTimeHalf":5330,"raceTimeMarathon":12210},{"userProfilePK":87578117,"calendarDate":"2022-05-02","deviceId":3324959462,"timestamp":"2022-05-02T11:26:08.0","raceTime5K":1123,"raceTime10K":2368,"raceTimeHalf":5330,"raceTimeMarathon":12210},{"userProfilePK":87578117,"calendarDate":"2022-05-02","deviceId":3324959462,"timestamp":"2022-05-02T11:44:40.0","raceTime5K":1123,"raceTime10K":2368,"raceTimeHalf":5329,"raceTimeMarathon":12209},{"userProfilePK":87578117,"calendarDate":"2022-05-02","deviceId":3324959462,"timestamp":"2022-05-02T16:17:09.0","raceTime5K":1123,"raceTime10K":2368,"raceTimeHalf":5329,"raceTimeMarathon":12209},{"userProfilePK":87578117,"calendarDate":"2022-05-02","deviceId":3324959462,"timestamp":"2022-05-01T22:05:09.0","raceTime5K":1126,"raceTime10K":2373,"raceTimeHalf":5345,"raceTimeMarathon":12253},{"userProfilePK":87578117,"calendarDate":"2022-05-03","deviceId":3324959462,"timestamp":"2022-05-02T22:05:14.0","raceTime5K":1123,"raceTime10K":2368,"raceTimeHalf":5329,"raceTimeMarathon":12246},{"userProfilePK":87578117,"calendarDate":"2022-05-03","deviceId":3324959462,"timestamp":"2022-05-03T06:49:22.0","raceTime5K":1123,"raceTime10K":2368,"raceTimeHalf":5329,"raceTimeMarathon":12246},{"userProfilePK":87578117,"calendarDate":"2022-05-03","deviceId":3324959462,"timestamp":"2022-05-03T10:37:23.0","raceTime5K":1123,"raceTime10K":2368,"raceTimeHalf":5329,"raceTimeMarathon":12246},{"userProfilePK":87578117,"calendarDate":"2022-05-03","deviceId":3324959462,"timestamp":"2022-05-03T11:24:28.0","raceTime5K":1123,"raceTime10K":2368,"raceTimeHalf":5329,"raceTimeMarathon":12246},{"userProfilePK":87578117,"calendarDate":"2022-05-03","deviceId":3324959462,"timestamp":"2022-05-03T11:40:20.0","raceTime5K":1123,"raceTime10K":2368,"raceTimeHalf":5332,"raceTimeMarathon":12255},{"userProfilePK":87578117,"calendarDate":"2022-05-03","deviceId":3324959462,"timestamp":"2022-05-03T15:59:15.0","raceTime5K":1123,"raceTime10K":2368,"raceTimeHalf":5332,"raceTimeMarathon":12255},{"userProfilePK":87578117,"calendarDate":"2022-05-04","deviceId":3324959462,"timestamp":"2022-05-03T22:05:20.0","raceTime5K":1123,"raceTime10K":2368,"raceTimeHalf":5355,"raceTimeMarathon":12319},{"userProfilePK":87578117,"calendarDate":"2022-05-04","deviceId":3324959462,"timestamp":"2022-05-04T18:38:54.0","raceTime5K":1123,"raceTime10K":2368,"raceTimeHalf":5348,"raceTimeMarathon":12300},{"userProfilePK":87578117,"calendarDate":"2022-05-05","deviceId":3324959462,"timestamp":"2022-05-05T19:33:44.0","raceTime5K":1123,"raceTime10K":2368,"raceTimeHalf":5352,"raceTimeMarathon":12312},{"userProfilePK":87578117,"calendarDate":"2022-05-05","deviceId":3324959462,"timestamp":"2022-05-04T22:05:25.0","raceTime5K":1123,"raceTime10K":2368,"raceTimeHalf":5353,"raceTimeMarathon":12316},{"userProfilePK":87578117,"calendarDate":"2022-05-06","deviceId":3324959462,"timestamp":"2022-05-06T14:48:44.0","raceTime5K":1118,"raceTime10K":2358,"raceTimeHalf":5333,"raceTimeMarathon":12264},{"userProfilePK":87578117,"calendarDate":"2022-05-06","deviceId":3324959462,"timestamp":"2022-05-06T17:04:08.0","raceTime5K":1118,"raceTime10K":2358,"raceTimeHalf":5331,"raceTimeMarathon":12261},{"userProfilePK":87578117,"calendarDate":"2022-05-06","deviceId":3324959462,"timestamp":"2022-05-05T22:05:32.0","raceTime5K":1123,"raceTime10K":2368,"raceTimeHalf":5359,"raceTimeMarathon":12329},{"userProfilePK":87578117,"calendarDate":"2022-05-07","deviceId":3324959462,"timestamp":"2022-05-06T22:05:37.0","raceTime5K":1118,"raceTime10K":2358,"raceTimeHalf":5337,"raceTimeMarathon":12274},{"userProfilePK":87578117,"calendarDate":"2022-05-07","deviceId":3324959462,"timestamp":"2022-05-07T13:58:13.0","raceTime5K":1118,"raceTime10K":2358,"raceTimeHalf":5336,"raceTimeMarathon":12272},{"userProfilePK":87578117,"calendarDate":"2022-05-07","deviceId":3324959462,"timestamp":"2022-05-07T16:55:04.0","raceTime5K":1118,"raceTime10K":2358,"raceTimeHalf":5336,"raceTimeMarathon":12271},{"userProfilePK":87578117,"calendarDate":"2022-05-07","deviceId":3324959462,"timestamp":"2022-05-07T18:08:33.0","raceTime5K":1118,"raceTime10K":2358,"raceTimeHalf":5336,"raceTimeMarathon":12271},{"userProfilePK":87578117,"calendarDate":"2022-05-08","deviceId":3324959462,"timestamp":"2022-05-07T22:05:41.0","raceTime5K":1118,"raceTime10K":2358,"raceTimeHalf":5353,"raceTimeMarathon":12326},{"userProfilePK":87578117,"calendarDate":"2022-05-08","deviceId":3324959462,"timestamp":"2022-05-08T18:30:19.0","raceTime5K":1121,"raceTime10K":2363,"raceTimeHalf":5357,"raceTimeMarathon":12340},{"userProfilePK":87578117,"calendarDate":"2022-05-09","deviceId":3324959462,"timestamp":"2022-05-09T15:50:14.0","raceTime5K":1121,"raceTime10K":2363,"raceTimeHalf":5377,"raceTimeMarathon":12399},{"userProfilePK":87578117,"calendarDate":"2022-05-09","deviceId":3324959462,"timestamp":"2022-05-09T15:57:07.0","raceTime5K":1121,"raceTime10K":2363,"raceTimeHalf":5376,"raceTimeMarathon":12398},{"userProfilePK":87578117,"calendarDate":"2022-05-09","deviceId":3324959462,"timestamp":"2022-05-09T21:16:35.0","raceTime5K":1121,"raceTime10K":2363,"raceTimeHalf":5376,"raceTimeMarathon":12398},{"userProfilePK":87578117,"calendarDate":"2022-05-09","deviceId":3324959462,"timestamp":"2022-05-08T22:05:46.0","raceTime5K":1121,"raceTime10K":2363,"raceTimeHalf":5378,"raceTimeMarathon":12403},{"userProfilePK":87578117,"calendarDate":"2022-05-10","deviceId":3324959462,"timestamp":"2022-05-09T22:05:53.0","raceTime5K":1121,"raceTime10K":2363,"raceTimeHalf":5397,"raceTimeMarathon":12461},{"userProfilePK":87578117,"calendarDate":"2022-05-10","deviceId":3324959462,"timestamp":"2022-05-10T05:40:47.0","raceTime5K":1121,"raceTime10K":2363,"raceTimeHalf":5397,"raceTimeMarathon":12461},{"userProfilePK":87578117,"calendarDate":"2022-05-10","deviceId":3324959462,"timestamp":"2022-05-10T06:38:43.0","raceTime5K":1121,"raceTime10K":2363,"raceTimeHalf":5397,"raceTimeMarathon":12461},{"userProfilePK":87578117,"calendarDate":"2022-05-10","deviceId":3324959462,"timestamp":"2022-05-10T07:09:18.0","raceTime5K":1121,"raceTime10K":2363,"raceTimeHalf":5397,"raceTimeMarathon":12461},{"userProfilePK":87578117,"calendarDate":"2022-05-10","deviceId":3324959462,"timestamp":"2022-05-10T08:36:39.0","raceTime5K":1121,"raceTime10K":2363,"raceTimeHalf":5397,"raceTimeMarathon":12461},{"userProfilePK":87578117,"calendarDate":"2022-05-10","deviceId":3324959462,"timestamp":"2022-05-10T08:49:24.0","raceTime5K":1121,"raceTime10K":2363,"raceTimeHalf":5397,"raceTimeMarathon":12461},{"userProfilePK":87578117,"calendarDate":"2022-05-10","deviceId":3324959462,"timestamp":"2022-05-10T09:14:40.0","raceTime5K":1121,"raceTime10K":2363,"raceTimeHalf":5397,"raceTimeMarathon":12461},{"userProfilePK":87578117,"calendarDate":"2022-05-10","deviceId":3324959462,"timestamp":"2022-05-10T12:53:05.0","raceTime5K":1121,"raceTime10K":2363,"raceTimeHalf":5397,"raceTimeMarathon":12461},{"userProfilePK":87578117,"calendarDate":"2022-05-10","deviceId":3324959462,"timestamp":"2022-05-10T13:59:21.0","raceTime5K":1121,"raceTime10K":2363,"raceTimeHalf":5397,"raceTimeMarathon":12461},{"userProfilePK":87578117,"calendarDate":"2022-05-10","deviceId":3324959462,"timestamp":"2022-05-10T15:59:57.0","raceTime5K":1121,"raceTime10K":2363,"raceTimeHalf":5397,"raceTimeMarathon":12461},{"userProfilePK":87578117,"calendarDate":"2022-05-10","deviceId":3324959462,"timestamp":"2022-05-10T16:34:01.0","raceTime5K":1121,"raceTime10K":2363,"raceTimeHalf":5397,"raceTimeMarathon":12461},{"userProfilePK":87578117,"calendarDate":"2022-05-10","deviceId":3324959462,"timestamp":"2022-05-10T21:06:39.0","raceTime5K":1121,"raceTime10K":2363,"raceTimeHalf":5395,"raceTimeMarathon":12455},{"userProfilePK":87578117,"calendarDate":"2022-05-11","deviceId":3324959462,"timestamp":"2022-05-10T22:05:58.0","raceTime5K":1121,"raceTime10K":2363,"raceTimeHalf":5411,"raceTimeMarathon":12508},{"userProfilePK":87578117,"calendarDate":"2022-05-11","deviceId":3324959462,"timestamp":"2022-05-11T08:34:09.0","raceTime5K":1121,"raceTime10K":2363,"raceTimeHalf":5411,"raceTimeMarathon":12508},{"userProfilePK":87578117,"calendarDate":"2022-05-11","deviceId":3324959462,"timestamp":"2022-05-11T10:23:19.0","raceTime5K":1121,"raceTime10K":2363,"raceTimeHalf":5411,"raceTimeMarathon":12508},{"userProfilePK":87578117,"calendarDate":"2022-05-11","deviceId":3324959462,"timestamp":"2022-05-11T20:01:04.0","raceTime5K":1125,"raceTime10K":2370,"raceTimeHalf":5420,"raceTimeMarathon":12534},{"userProfilePK":87578117,"calendarDate":"2022-05-11","deviceId":3324959462,"timestamp":"2022-05-11T20:15:29.0","raceTime5K":1125,"raceTime10K":2370,"raceTimeHalf":5420,"raceTimeMarathon":12534},{"userProfilePK":87578117,"calendarDate":"2022-05-11","deviceId":3324959462,"timestamp":"2022-05-11T21:31:13.0","raceTime5K":1125,"raceTime10K":2370,"raceTimeHalf":5420,"raceTimeMarathon":12534},{"userProfilePK":87578117,"calendarDate":"2022-05-12","deviceId":3324959462,"timestamp":"2022-05-12T10:30:18.0","raceTime5K":1125,"raceTime10K":2370,"raceTimeHalf":5439,"raceTimeMarathon":12594},{"userProfilePK":87578117,"calendarDate":"2022-05-12","deviceId":3324959462,"timestamp":"2022-05-12T19:13:38.0","raceTime5K":1125,"raceTime10K":2370,"raceTimeHalf":5437,"raceTimeMarathon":12590},{"userProfilePK":87578117,"calendarDate":"2022-05-12","deviceId":3324959462,"timestamp":"2022-05-11T22:01:01.0","raceTime5K":1125,"raceTime10K":2370,"raceTimeHalf":5439,"raceTimeMarathon":12594},{"userProfilePK":87578117,"calendarDate":"2022-05-13","deviceId":3324959462,"timestamp":"2022-05-13T07:47:10.0","raceTime5K":1125,"raceTime10K":2370,"raceTimeHalf":5458,"raceTimeMarathon":12653},{"userProfilePK":87578117,"calendarDate":"2022-05-13","deviceId":3324959462,"timestamp":"2022-05-13T20:04:50.0","raceTime5K":1118,"raceTime10K":2356,"raceTimeHalf":5422,"raceTimeMarathon":12561},{"userProfilePK":87578117,"calendarDate":"2022-05-13","deviceId":3324959462,"timestamp":"2022-05-12T22:01:24.0","raceTime5K":1125,"raceTime10K":2370,"raceTimeHalf":5458,"raceTimeMarathon":12653},{"userProfilePK":87578117,"calendarDate":"2022-05-14","deviceId":3324959462,"timestamp":"2022-05-13T22:01:30.0","raceTime5K":1118,"raceTime10K":2356,"raceTimeHalf":5414,"raceTimeMarathon":12544},{"userProfilePK":87578117,"calendarDate":"2022-05-15","deviceId":3324959462,"timestamp":"2022-05-14T22:05:37.0","raceTime5K":1118,"raceTime10K":2356,"raceTimeHalf":5423,"raceTimeMarathon":12565},{"userProfilePK":87578117,"calendarDate":"2022-05-15","deviceId":3324959462,"timestamp":"2022-05-15T03:02:46.0","raceTime5K":1118,"raceTime10K":2356,"raceTimeHalf":5423,"raceTimeMarathon":12565},{"userProfilePK":87578117,"calendarDate":"2022-05-15","deviceId":3324959462,"timestamp":"2022-05-15T13:20:51.0","raceTime5K":1118,"raceTime10K":2356,"raceTimeHalf":5423,"raceTimeMarathon":12565},{"userProfilePK":87578117,"calendarDate":"2022-05-15","deviceId":3324959462,"timestamp":"2022-05-15T14:54:05.0","raceTime5K":1118,"raceTime10K":2358,"raceTimeHalf":5429,"raceTimeMarathon":12583},{"userProfilePK":87578117,"calendarDate":"2022-05-16","deviceId":3324959462,"timestamp":"2022-05-15T22:05:45.0","raceTime5K":1118,"raceTime10K":2358,"raceTimeHalf":5428,"raceTimeMarathon":12579},{"userProfilePK":87578117,"calendarDate":"2022-05-17","deviceId":3324959462,"timestamp":"2022-05-16T22:05:22.0","raceTime5K":1118,"raceTime10K":2359,"raceTimeHalf":5430,"raceTimeMarathon":12583},{"userProfilePK":87578117,"calendarDate":"2022-05-17","deviceId":3324959462,"timestamp":"2022-05-17T03:13:16.0","raceTime5K":1118,"raceTime10K":2359,"raceTimeHalf":5430,"raceTimeMarathon":12583},{"userProfilePK":87578117,"calendarDate":"2022-05-17","deviceId":3324959462,"timestamp":"2022-05-17T04:03:13.0","raceTime5K":1118,"raceTime10K":2358,"raceTimeHalf":5427,"raceTimeMarathon":12577},{"userProfilePK":87578117,"calendarDate":"2022-05-18","deviceId":3324959462,"timestamp":"2022-05-17T22:05:27.0","raceTime5K":1119,"raceTime10K":2360,"raceTimeHalf":5426,"raceTimeMarathon":12575},{"userProfilePK":87578117,"calendarDate":"2022-05-18","deviceId":3324959462,"timestamp":"2022-05-18T07:03:30.0","raceTime5K":1119,"raceTime10K":2360,"raceTimeHalf":5426,"raceTimeMarathon":12575},{"userProfilePK":87578117,"calendarDate":"2022-05-18","deviceId":3324959462,"timestamp":"2022-05-18T15:46:14.0","raceTime5K":1119,"raceTime10K":2360,"raceTimeHalf":5426,"raceTimeMarathon":12575},{"userProfilePK":87578117,"calendarDate":"2022-05-18","deviceId":3324959462,"timestamp":"2022-05-18T20:07:53.0","raceTime5K":1123,"raceTime10K":2370,"raceTimeHalf":5448,"raceTimeMarathon":12632},{"userProfilePK":87578117,"calendarDate":"2022-05-19","deviceId":3324959462,"timestamp":"2022-05-19T07:15:01.0","raceTime5K":1123,"raceTime10K":2370,"raceTimeHalf":5449,"raceTimeMarathon":12634},{"userProfilePK":87578117,"calendarDate":"2022-05-19","deviceId":3324959462,"timestamp":"2022-05-19T16:21:16.0","raceTime5K":1123,"raceTime10K":2370,"raceTimeHalf":5449,"raceTimeMarathon":12634},{"userProfilePK":87578117,"calendarDate":"2022-05-19","deviceId":3324959462,"timestamp":"2022-05-18T22:05:33.0","raceTime5K":1123,"raceTime10K":2370,"raceTimeHalf":5449,"raceTimeMarathon":12634},{"userProfilePK":87578117,"calendarDate":"2022-05-20","deviceId":3324959462,"timestamp":"2022-05-19T22:05:37.0","raceTime5K":1125,"raceTime10K":2375,"raceTimeHalf":5459,"raceTimeMarathon":12656},{"userProfilePK":87578117,"calendarDate":"2022-05-21","deviceId":3324959462,"timestamp":"2022-05-20T22:05:44.0","raceTime5K":1126,"raceTime10K":2377,"raceTimeHalf":5464,"raceTimeMarathon":12668},{"userProfilePK":87578117,"calendarDate":"2022-05-21","deviceId":3324959462,"timestamp":"2022-05-21T16:14:33.0","raceTime5K":1123,"raceTime10K":2370,"raceTimeHalf":5448,"raceTimeMarathon":12633},{"userProfilePK":87578117,"calendarDate":"2022-05-22","deviceId":3324959462,"timestamp":"2022-05-21T22:01:56.0","raceTime5K":1127,"raceTime10K":2378,"raceTimeHalf":5459,"raceTimeMarathon":12657},{"userProfilePK":87578117,"calendarDate":"2022-05-22","deviceId":3324959462,"timestamp":"2022-05-22T15:41:52.0","raceTime5K":1125,"raceTime10K":2371,"raceTimeHalf":5443,"raceTimeMarathon":12621},{"userProfilePK":87578117,"calendarDate":"2022-05-23","deviceId":3324959462,"timestamp":"2022-05-23T07:19:34.0","raceTime5K":1126,"raceTime10K":2375,"raceTimeHalf":5469,"raceTimeMarathon":12696},{"userProfilePK":87578117,"calendarDate":"2022-05-23","deviceId":3324959462,"timestamp":"2022-05-23T10:27:57.0","raceTime5K":1125,"raceTime10K":2372,"raceTimeHalf":5463,"raceTimeMarathon":12685},{"userProfilePK":87578117,"calendarDate":"2022-05-23","deviceId":3324959462,"timestamp":"2022-05-23T11:25:49.0","raceTime5K":1125,"raceTime10K":2372,"raceTimeHalf":5463,"raceTimeMarathon":12685},{"userProfilePK":87578117,"calendarDate":"2022-05-23","deviceId":3324959462,"timestamp":"2022-05-23T11:48:48.0","raceTime5K":1125,"raceTime10K":2371,"raceTimeHalf":5460,"raceTimeMarathon":12679},{"userProfilePK":87578117,"calendarDate":"2022-05-23","deviceId":3324959462,"timestamp":"2022-05-23T16:26:08.0","raceTime5K":1125,"raceTime10K":2371,"raceTimeHalf":5460,"raceTimeMarathon":12679},{"userProfilePK":87578117,"calendarDate":"2022-05-23","deviceId":3324959462,"timestamp":"2022-05-22T22:02:00.0","raceTime5K":1126,"raceTime10K":2375,"raceTimeHalf":5469,"raceTimeMarathon":12696},{"userProfilePK":87578117,"calendarDate":"2022-05-24","deviceId":3324959462,"timestamp":"2022-05-23T22:02:06.0","raceTime5K":1125,"raceTime10K":2372,"raceTimeHalf":5482,"raceTimeMarathon":12746},{"userProfilePK":87578117,"calendarDate":"2022-05-24","deviceId":3324959462,"timestamp":"2022-05-24T07:10:49.0","raceTime5K":1125,"raceTime10K":2372,"raceTimeHalf":5482,"raceTimeMarathon":12746},{"userProfilePK":87578117,"calendarDate":"2022-05-24","deviceId":3324959462,"timestamp":"2022-05-24T11:18:14.0","raceTime5K":1125,"raceTime10K":2371,"raceTimeHalf":5480,"raceTimeMarathon":12741},{"userProfilePK":87578117,"calendarDate":"2022-05-24","deviceId":3324959462,"timestamp":"2022-05-24T16:20:08.0","raceTime5K":1125,"raceTime10K":2371,"raceTimeHalf":5480,"raceTimeMarathon":12741},{"userProfilePK":87578117,"calendarDate":"2022-05-25","deviceId":3324959462,"timestamp":"2022-05-24T22:02:11.0","raceTime5K":1126,"raceTime10K":2379,"raceTimeHalf":5499,"raceTimeMarathon":12758},{"userProfilePK":87578117,"calendarDate":"2022-05-26","deviceId":3324959462,"timestamp":"2022-05-26T04:25:56.0","raceTime5K":1127,"raceTime10K":2387,"raceTimeHalf":5522,"raceTimeMarathon":12771},{"userProfilePK":87578117,"calendarDate":"2022-05-26","deviceId":3324959462,"timestamp":"2022-05-26T11:26:44.0","raceTime5K":1123,"raceTime10K":2378,"raceTimeHalf":5501,"raceTimeMarathon":12724},{"userProfilePK":87578117,"calendarDate":"2022-05-26","deviceId":3324959462,"timestamp":"2022-05-26T15:03:39.0","raceTime5K":1123,"raceTime10K":2378,"raceTimeHalf":5501,"raceTimeMarathon":12724},{"userProfilePK":87578117,"calendarDate":"2022-05-26","deviceId":3324959462,"timestamp":"2022-05-26T18:23:43.0","raceTime5K":1123,"raceTime10K":2378,"raceTimeHalf":5501,"raceTimeMarathon":12724},{"userProfilePK":87578117,"calendarDate":"2022-05-26","deviceId":3324959462,"timestamp":"2022-05-25T22:02:16.0","raceTime5K":1127,"raceTime10K":2387,"raceTimeHalf":5522,"raceTimeMarathon":12771},{"userProfilePK":87578117,"calendarDate":"2022-05-27","deviceId":3324959462,"timestamp":"2022-05-26T22:02:22.0","raceTime5K":1123,"raceTime10K":2385,"raceTimeHalf":5526,"raceTimeMarathon":12739},{"userProfilePK":87578117,"calendarDate":"2022-05-28","deviceId":3324959462,"timestamp":"2022-05-27T22:02:26.0","raceTime5K":1123,"raceTime10K":2391,"raceTimeHalf":5559,"raceTimeMarathon":12773},{"userProfilePK":87578117,"calendarDate":"2022-05-28","deviceId":3324959462,"timestamp":"2022-05-28T07:17:25.0","raceTime5K":1123,"raceTime10K":2391,"raceTimeHalf":5559,"raceTimeMarathon":12773},{"userProfilePK":87578117,"calendarDate":"2022-05-28","deviceId":3324959462,"timestamp":"2022-05-28T12:09:45.0","raceTime5K":1123,"raceTime10K":2391,"raceTimeHalf":5559,"raceTimeMarathon":12773},{"userProfilePK":87578117,"calendarDate":"2022-05-29","deviceId":3324959462,"timestamp":"2022-05-28T22:02:32.0","raceTime5K":1126,"raceTime10K":2399,"raceTimeHalf":5594,"raceTimeMarathon":12826},{"userProfilePK":87578117,"calendarDate":"2022-05-30","deviceId":3324959462,"timestamp":"2022-05-30T07:01:56.0","raceTime5K":1126,"raceTime10K":2399,"raceTimeHalf":5596,"raceTimeMarathon":12831},{"userProfilePK":87578117,"calendarDate":"2022-05-30","deviceId":3324959462,"timestamp":"2022-05-30T11:29:42.0","raceTime5K":1123,"raceTime10K":2393,"raceTimeHalf":5579,"raceTimeMarathon":12790},{"userProfilePK":87578117,"calendarDate":"2022-05-30","deviceId":3324959462,"timestamp":"2022-05-30T16:39:20.0","raceTime5K":1123,"raceTime10K":2393,"raceTimeHalf":5579,"raceTimeMarathon":12790},{"userProfilePK":87578117,"calendarDate":"2022-05-30","deviceId":3324959462,"timestamp":"2022-05-29T22:02:36.0","raceTime5K":1126,"raceTime10K":2399,"raceTimeHalf":5596,"raceTimeMarathon":12831},{"userProfilePK":87578117,"calendarDate":"2022-05-31","deviceId":3324959462,"timestamp":"2022-05-30T22:02:42.0","raceTime5K":1124,"raceTime10K":2397,"raceTimeHalf":5584,"raceTimeMarathon":12801},{"userProfilePK":87578117,"calendarDate":"2022-05-31","deviceId":3324959462,"timestamp":"2022-05-31T07:01:03.0","raceTime5K":1124,"raceTime10K":2397,"raceTimeHalf":5584,"raceTimeMarathon":12801},{"userProfilePK":87578117,"calendarDate":"2022-05-31","deviceId":3324959462,"timestamp":"2022-05-31T10:31:58.0","raceTime5K":1123,"raceTime10K":2394,"raceTimeHalf":5578,"raceTimeMarathon":12788},{"userProfilePK":87578117,"calendarDate":"2022-05-31","deviceId":3324959462,"timestamp":"2022-05-31T11:21:28.0","raceTime5K":1123,"raceTime10K":2394,"raceTimeHalf":5578,"raceTimeMarathon":12788},{"userProfilePK":87578117,"calendarDate":"2022-05-31","deviceId":3324959462,"timestamp":"2022-05-31T11:43:11.0","raceTime5K":1123,"raceTime10K":2393,"raceTimeHalf":5576,"raceTimeMarathon":12786},{"userProfilePK":87578117,"calendarDate":"2022-05-31","deviceId":3324959462,"timestamp":"2022-05-31T16:04:37.0","raceTime5K":1123,"raceTime10K":2393,"raceTimeHalf":5576,"raceTimeMarathon":12786},{"userProfilePK":87578117,"calendarDate":"2022-06-01","deviceId":3324959462,"timestamp":"2022-05-31T22:02:47.0","raceTime5K":1123,"raceTime10K":2394,"raceTimeHalf":5581,"raceTimeMarathon":12797},{"userProfilePK":87578117,"calendarDate":"2022-06-01","deviceId":3324959462,"timestamp":"2022-06-01T08:35:09.0","raceTime5K":1123,"raceTime10K":2394,"raceTimeHalf":5581,"raceTimeMarathon":12797},{"userProfilePK":87578117,"calendarDate":"2022-06-01","deviceId":3324959462,"timestamp":"2022-06-01T10:35:16.0","raceTime5K":1123,"raceTime10K":2391,"raceTimeHalf":5575,"raceTimeMarathon":12784},{"userProfilePK":87578117,"calendarDate":"2022-06-01","deviceId":3324959462,"timestamp":"2022-06-01T11:29:23.0","raceTime5K":1123,"raceTime10K":2391,"raceTimeHalf":5575,"raceTimeMarathon":12784},{"userProfilePK":87578117,"calendarDate":"2022-06-01","deviceId":3324959462,"timestamp":"2022-06-01T11:50:02.0","raceTime5K":1123,"raceTime10K":2391,"raceTimeHalf":5575,"raceTimeMarathon":12784},{"userProfilePK":87578117,"calendarDate":"2022-06-01","deviceId":3324959462,"timestamp":"2022-06-01T15:14:46.0","raceTime5K":1123,"raceTime10K":2391,"raceTimeHalf":5575,"raceTimeMarathon":12784},{"userProfilePK":87578117,"calendarDate":"2022-06-02","deviceId":3324959462,"timestamp":"2022-06-02T06:55:40.0","raceTime5K":1123,"raceTime10K":2391,"raceTimeHalf":5582,"raceTimeMarathon":12799},{"userProfilePK":87578117,"calendarDate":"2022-06-02","deviceId":3324959462,"timestamp":"2022-06-02T16:19:34.0","raceTime5K":1123,"raceTime10K":2391,"raceTimeHalf":5582,"raceTimeMarathon":12799},{"userProfilePK":87578117,"calendarDate":"2022-06-02","deviceId":3324959462,"timestamp":"2022-06-01T22:02:54.0","raceTime5K":1123,"raceTime10K":2391,"raceTimeHalf":5582,"raceTimeMarathon":12799},{"userProfilePK":87578117,"calendarDate":"2022-06-03","deviceId":3324959462,"timestamp":"2022-06-03T07:35:16.0","raceTime5K":1123,"raceTime10K":2391,"raceTimeHalf":5594,"raceTimeMarathon":12824},{"userProfilePK":87578117,"calendarDate":"2022-06-03","deviceId":3324959462,"timestamp":"2022-06-03T11:44:32.0","raceTime5K":1123,"raceTime10K":2380,"raceTimeHalf":5561,"raceTimeMarathon":12841},{"userProfilePK":87578117,"calendarDate":"2022-06-03","deviceId":3324959462,"timestamp":"2022-06-03T15:25:46.0","raceTime5K":1123,"raceTime10K":2380,"raceTimeHalf":5561,"raceTimeMarathon":12841},{"userProfilePK":87578117,"calendarDate":"2022-06-03","deviceId":3324959462,"timestamp":"2022-06-02T22:03:01.0","raceTime5K":1123,"raceTime10K":2391,"raceTimeHalf":5594,"raceTimeMarathon":12824},{"userProfilePK":87578117,"calendarDate":"2022-06-04","deviceId":3324959462,"timestamp":"2022-06-03T22:03:04.0","raceTime5K":1123,"raceTime10K":2386,"raceTimeHalf":5574,"raceTimeMarathon":12871},{"userProfilePK":87578117,"calendarDate":"2022-06-05","deviceId":3324959462,"timestamp":"2022-06-04T22:03:08.0","raceTime5K":1123,"raceTime10K":2384,"raceTimeHalf":5570,"raceTimeMarathon":12860},{"userProfilePK":87578117,"calendarDate":"2022-06-05","deviceId":3324959462,"timestamp":"2022-06-05T10:40:42.0","raceTime5K":1123,"raceTime10K":2384,"raceTimeHalf":5570,"raceTimeMarathon":12860},{"userProfilePK":87578117,"calendarDate":"2022-06-05","deviceId":3324959462,"timestamp":"2022-06-05T13:11:39.0","raceTime5K":1123,"raceTime10K":2384,"raceTimeHalf":5570,"raceTimeMarathon":12860},{"userProfilePK":87578117,"calendarDate":"2022-06-06","deviceId":3324959462,"timestamp":"2022-06-06T17:59:47.0","raceTime5K":1131,"raceTime10K":2386,"raceTimeHalf":5568,"raceTimeMarathon":12939},{"userProfilePK":87578117,"calendarDate":"2022-06-06","deviceId":3324959462,"timestamp":"2022-06-05T22:03:13.0","raceTime5K":1125,"raceTime10K":2387,"raceTimeHalf":5578,"raceTimeMarathon":12877},{"userProfilePK":87578117,"calendarDate":"2022-06-07","deviceId":3324959462,"timestamp":"2022-06-06T22:03:19.0","raceTime5K":1131,"raceTime10K":2384,"raceTimeHalf":5564,"raceTimeMarathon":12929},{"userProfilePK":87578117,"calendarDate":"2022-06-07","deviceId":3324959462,"timestamp":"2022-06-07T07:16:57.0","raceTime5K":1131,"raceTime10K":2384,"raceTimeHalf":5564,"raceTimeMarathon":12929},{"userProfilePK":87578117,"calendarDate":"2022-06-07","deviceId":3324959462,"timestamp":"2022-06-07T10:26:06.0","raceTime5K":1130,"raceTime10K":2384,"raceTimeHalf":5564,"raceTimeMarathon":12925},{"userProfilePK":87578117,"calendarDate":"2022-06-07","deviceId":3324959462,"timestamp":"2022-06-07T10:32:27.0","raceTime5K":1130,"raceTime10K":2384,"raceTimeHalf":5564,"raceTimeMarathon":12925},{"userProfilePK":87578117,"calendarDate":"2022-06-07","deviceId":3324959462,"timestamp":"2022-06-07T11:22:53.0","raceTime5K":1130,"raceTime10K":2384,"raceTimeHalf":5564,"raceTimeMarathon":12925},{"userProfilePK":87578117,"calendarDate":"2022-06-07","deviceId":3324959462,"timestamp":"2022-06-07T11:44:56.0","raceTime5K":1130,"raceTime10K":2384,"raceTimeHalf":5564,"raceTimeMarathon":12925},{"userProfilePK":87578117,"calendarDate":"2022-06-07","deviceId":3324959462,"timestamp":"2022-06-07T16:35:15.0","raceTime5K":1130,"raceTime10K":2384,"raceTimeHalf":5564,"raceTimeMarathon":12925},{"userProfilePK":87578117,"calendarDate":"2022-06-08","deviceId":3324959462,"timestamp":"2022-06-07T22:03:24.0","raceTime5K":1130,"raceTime10K":2387,"raceTimeHalf":5570,"raceTimeMarathon":12939},{"userProfilePK":87578117,"calendarDate":"2022-06-08","deviceId":3324959462,"timestamp":"2022-06-08T07:01:33.0","raceTime5K":1130,"raceTime10K":2387,"raceTimeHalf":5570,"raceTimeMarathon":12939},{"userProfilePK":87578117,"calendarDate":"2022-06-08","deviceId":3324959462,"timestamp":"2022-06-08T10:32:03.0","raceTime5K":1130,"raceTime10K":2387,"raceTimeHalf":5570,"raceTimeMarathon":12939},{"userProfilePK":87578117,"calendarDate":"2022-06-08","deviceId":3324959462,"timestamp":"2022-06-08T10:40:23.0","raceTime5K":1130,"raceTime10K":2387,"raceTimeHalf":5570,"raceTimeMarathon":12939},{"userProfilePK":87578117,"calendarDate":"2022-06-08","deviceId":3324959462,"timestamp":"2022-06-08T11:31:50.0","raceTime5K":1130,"raceTime10K":2387,"raceTimeHalf":5570,"raceTimeMarathon":12939},{"userProfilePK":87578117,"calendarDate":"2022-06-08","deviceId":3324959462,"timestamp":"2022-06-08T11:48:44.0","raceTime5K":1130,"raceTime10K":2385,"raceTimeHalf":5569,"raceTimeMarathon":12935},{"userProfilePK":87578117,"calendarDate":"2022-06-08","deviceId":3324959462,"timestamp":"2022-06-08T16:21:49.0","raceTime5K":1130,"raceTime10K":2385,"raceTimeHalf":5569,"raceTimeMarathon":12935},{"userProfilePK":87578117,"calendarDate":"2022-06-09","deviceId":3324959462,"timestamp":"2022-06-09T06:54:34.0","raceTime5K":1130,"raceTime10K":2383,"raceTimeHalf":5566,"raceTimeMarathon":12930},{"userProfilePK":87578117,"calendarDate":"2022-06-09","deviceId":3324959462,"timestamp":"2022-06-09T16:09:56.0","raceTime5K":1130,"raceTime10K":2383,"raceTimeHalf":5566,"raceTimeMarathon":12930},{"userProfilePK":87578117,"calendarDate":"2022-06-09","deviceId":3324959462,"timestamp":"2022-06-08T22:03:29.0","raceTime5K":1130,"raceTime10K":2383,"raceTimeHalf":5566,"raceTimeMarathon":12930},{"userProfilePK":87578117,"calendarDate":"2022-06-10","deviceId":3324959462,"timestamp":"2022-06-10T07:04:22.0","raceTime5K":1130,"raceTime10K":2386,"raceTimeHalf":5572,"raceTimeMarathon":12943},{"userProfilePK":87578117,"calendarDate":"2022-06-10","deviceId":3324959462,"timestamp":"2022-06-10T10:35:07.0","raceTime5K":1130,"raceTime10K":2388,"raceTimeHalf":5573,"raceTimeMarathon":12946},{"userProfilePK":87578117,"calendarDate":"2022-06-10","deviceId":3324959462,"timestamp":"2022-06-10T11:23:39.0","raceTime5K":1130,"raceTime10K":2388,"raceTimeHalf":5573,"raceTimeMarathon":12946},{"userProfilePK":87578117,"calendarDate":"2022-06-10","deviceId":3324959462,"timestamp":"2022-06-10T11:52:05.0","raceTime5K":1130,"raceTime10K":2388,"raceTimeHalf":5573,"raceTimeMarathon":12946},{"userProfilePK":87578117,"calendarDate":"2022-06-10","deviceId":3324959462,"timestamp":"2022-06-10T16:08:34.0","raceTime5K":1130,"raceTime10K":2388,"raceTimeHalf":5573,"raceTimeMarathon":12946},{"userProfilePK":87578117,"calendarDate":"2022-06-10","deviceId":3324959462,"timestamp":"2022-06-09T22:03:34.0","raceTime5K":1130,"raceTime10K":2386,"raceTimeHalf":5572,"raceTimeMarathon":12943},{"userProfilePK":87578117,"calendarDate":"2022-06-11","deviceId":3324959462,"timestamp":"2022-06-10T22:03:39.0","raceTime5K":1130,"raceTime10K":2394,"raceTimeHalf":5586,"raceTimeMarathon":12973},{"userProfilePK":87578117,"calendarDate":"2022-06-11","deviceId":3324959462,"timestamp":"2022-06-11T11:57:23.0","raceTime5K":1130,"raceTime10K":2394,"raceTimeHalf":5586,"raceTimeMarathon":12973},{"userProfilePK":87578117,"calendarDate":"2022-06-11","deviceId":3324959462,"timestamp":"2022-06-11T14:12:12.0","raceTime5K":1131,"raceTime10K":2386,"raceTimeHalf":5522,"raceTimeMarathon":12794},{"userProfilePK":87578117,"calendarDate":"2022-06-11","deviceId":3324959462,"timestamp":"2022-06-11T14:37:57.0","raceTime5K":1131,"raceTime10K":2386,"raceTimeHalf":5508,"raceTimeMarathon":12752},{"userProfilePK":87578117,"calendarDate":"2022-06-12","deviceId":3324959462,"timestamp":"2022-06-11T22:03:42.0","raceTime5K":1131,"raceTime10K":2388,"raceTimeHalf":5514,"raceTimeMarathon":12764},{"userProfilePK":87578117,"calendarDate":"2022-06-13","deviceId":3324959462,"timestamp":"2022-06-13T07:00:50.0","raceTime5K":1131,"raceTime10K":2391,"raceTimeHalf":5519,"raceTimeMarathon":12775},{"userProfilePK":87578117,"calendarDate":"2022-06-13","deviceId":3324959462,"timestamp":"2022-06-13T10:36:55.0","raceTime5K":1131,"raceTime10K":2389,"raceTimeHalf":5516,"raceTimeMarathon":12769},{"userProfilePK":87578117,"calendarDate":"2022-06-13","deviceId":3324959462,"timestamp":"2022-06-13T11:28:13.0","raceTime5K":1131,"raceTime10K":2389,"raceTimeHalf":5516,"raceTimeMarathon":12769},{"userProfilePK":87578117,"calendarDate":"2022-06-13","deviceId":3324959462,"timestamp":"2022-06-13T11:51:15.0","raceTime5K":1131,"raceTime10K":2388,"raceTimeHalf":5514,"raceTimeMarathon":12763},{"userProfilePK":87578117,"calendarDate":"2022-06-13","deviceId":3324959462,"timestamp":"2022-06-13T16:28:13.0","raceTime5K":1131,"raceTime10K":2388,"raceTimeHalf":5514,"raceTimeMarathon":12763},{"userProfilePK":87578117,"calendarDate":"2022-06-13","deviceId":3324959462,"timestamp":"2022-06-12T22:03:46.0","raceTime5K":1131,"raceTime10K":2391,"raceTimeHalf":5519,"raceTimeMarathon":12775},{"userProfilePK":87578117,"calendarDate":"2022-06-14","deviceId":3324959462,"timestamp":"2022-06-13T22:03:53.0","raceTime5K":1131,"raceTime10K":2391,"raceTimeHalf":5519,"raceTimeMarathon":12774},{"userProfilePK":87578117,"calendarDate":"2022-06-14","deviceId":3324959462,"timestamp":"2022-06-14T07:05:43.0","raceTime5K":1131,"raceTime10K":2391,"raceTimeHalf":5519,"raceTimeMarathon":12774},{"userProfilePK":87578117,"calendarDate":"2022-06-14","deviceId":3324959462,"timestamp":"2022-06-14T11:41:38.0","raceTime5K":1131,"raceTime10K":2385,"raceTimeHalf":5506,"raceTimeMarathon":12745},{"userProfilePK":87578117,"calendarDate":"2022-06-14","deviceId":3324959462,"timestamp":"2022-06-14T15:46:04.0","raceTime5K":1131,"raceTime10K":2385,"raceTimeHalf":5506,"raceTimeMarathon":12745},{"userProfilePK":87578117,"calendarDate":"2022-06-15","deviceId":3324959462,"timestamp":"2022-06-14T22:03:58.0","raceTime5K":1131,"raceTime10K":2387,"raceTimeHalf":5511,"raceTimeMarathon":12756},{"userProfilePK":87578117,"calendarDate":"2022-06-15","deviceId":3324959462,"timestamp":"2022-06-15T06:59:17.0","raceTime5K":1131,"raceTime10K":2387,"raceTimeHalf":5511,"raceTimeMarathon":12756},{"userProfilePK":87578117,"calendarDate":"2022-06-15","deviceId":3324959462,"timestamp":"2022-06-15T10:25:00.0","raceTime5K":1131,"raceTime10K":2386,"raceTimeHalf":5508,"raceTimeMarathon":12753},{"userProfilePK":87578117,"calendarDate":"2022-06-15","deviceId":3324959462,"timestamp":"2022-06-15T11:24:52.0","raceTime5K":1131,"raceTime10K":2386,"raceTimeHalf":5508,"raceTimeMarathon":12753},{"userProfilePK":87578117,"calendarDate":"2022-06-15","deviceId":3324959462,"timestamp":"2022-06-15T11:50:08.0","raceTime5K":1131,"raceTime10K":2385,"raceTimeHalf":5505,"raceTimeMarathon":12747},{"userProfilePK":87578117,"calendarDate":"2022-06-15","deviceId":3324959462,"timestamp":"2022-06-15T16:05:59.0","raceTime5K":1131,"raceTime10K":2385,"raceTimeHalf":5505,"raceTimeMarathon":12747},{"userProfilePK":87578117,"calendarDate":"2022-06-16","deviceId":3324959462,"timestamp":"2022-06-15T22:04:02.0","raceTime5K":1131,"raceTime10K":2386,"raceTimeHalf":5509,"raceTimeMarathon":12755}]