[{"userProfilePK":87578117,"calendarDate":"2020-07-27","deviceId":3324959462,"timestamp":"2020-07-26T22:04:12.0","sport":"RUNNING","subSport":"GENERIC","weeklyTrainingLoadSum":597,"loadTunnelMin":446,"loadTunnelMax":988,"trainingStatus":"PRODUCTIVE","fitnessLevelTrend":"INCREASING","loadLevelTrend":"NO_CHANGE","trainingStatusFeedbackPhrase":"PRODUCTIVE_AER_LOW_SHORT"},{"userProfilePK":87578117,"calendarDate":"2020-07-27","deviceId":3324959462,"timestamp":"2020-07-27T06:26:35.0","sport":"RUNNING","subSport":"GENERIC","weeklyTrainingLoadSum":597,"loadTunnelMin":446,"loadTunnelMax":988,"trainingStatus":"PRODUCTIVE","fitnessLevelTrend":"INCREASING","loadLevelTrend":"NO_CHANGE","trainingStatusFeedbackPhrase":"PRODUCTIVE_AER_LOW_SHORT"},{"userProfilePK":87578117,"calendarDate":"2020-07-27","deviceId":3324959462,"timestamp":"2020-07-27T06:38:36.0","sport":"RUNNING","subSport":"GENERIC","weeklyTrainingLoadSum":597,"loadTunnelMin":446,"loadTunnelMax":988,"trainingStatus":"PRODUCTIVE","fitnessLevelTrend":"INCREASING","loadLevelTrend":"NO_CHANGE","trainingStatusFeedbackPhrase":"PRODUCTIVE_AER_LOW_SHORT"},{"userProfilePK":87578117,"calendarDate":"2020-07-27","deviceId":3324959462,"timestamp":"2020-07-27T08:22:06.0","sport":"RUNNING","subSport":"GENERIC","weeklyTrainingLoadSum":597,"loadTunnelMin":446,"loadTunnelMax":988,"trainingStatus":"PRODUCTIVE","fitnessLevelTrend":"INCREASING","loadLevelTrend":"NO_CHANGE","trainingStatusFeedbackPhrase":"PRODUCTIVE_AER_LOW_SHORT"},{"userProfilePK":87578117,"calendarDate":"2020-07-27","deviceId":3324959462,"timestamp":"2020-07-27T09:40:01.0","sport":"RUNNING","subSport":"GENERIC","weeklyTrainingLoadSum":597,"loadTunnelMin":446,"loadTunnelMax":988,"trainingStatus":"PRODUCTIVE","fitnessLevelTrend":"INCREASING","loadLevelTrend":"NO_CHANGE","trainingStatusFeedbackPhrase":"PRODUCTIVE_AER_LOW_SHORT"},{"userProfilePK":87578117,"calendarDate":"2020-07-27","deviceId":3324959462,"timestamp":"2020-07-27T13:17:30.0","sport":"RUNNING","subSport":"GENERIC","weeklyTrainingLoadSum":637,"loadTunnelMin":446,"loadTunnelMax":988,"trainingStatus":"PRODUCTIVE","fitnessLevelTrend":"INCREASING","loadLevelTrend":"NO_CHANGE","trainingStatusFeedbackPhrase":"PRODUCTIVE_AER_LOW_SHORT"},{"userProfilePK":87578117,"calendarDate":"2020-07-28","deviceId":3324959462,"timestamp":"2020-07-27T22:04:16.0","sport":"RUNNING","subSport":"GENERIC","weeklyTrainingLoadSum":116,"loadTunnelMin":446,"loadTunnelMax":988,"trainingStatus":"PRODUCTIVE","fitnessLevelTrend":"INCREASING","loadLevelTrend":"DECREASING","trainingStatusFeedbackPhrase":"PRODUCTIVE_AER_LOW_SHORT"},{"userProfilePK":87578117,"calendarDate":"2020-07-28","deviceId":3324959462,"timestamp":"2020-07-28T05:50:50.0","sport":"RUNNING","subSport":"GENERIC","weeklyTrainingLoadSum":133,"loadTunnelMin":446,"loadTunnelMax":988,"trainingStatus":"PEAKING","fitnessLevelTrend":"INCREASING","loadLevelTrend":"DECREASING","trainingStatusFeedbackPhrase":"PEAKING_AER_LOW_SHORT"},{"userProfilePK":87578117,"calendarDate":"2020-07-28","deviceId":3324959462,"timestamp":"2020-07-28T10:58:34.0","sport":"RUNNING","subSport":"GENERIC","weeklyTrainingLoadSum":133,"loadTunnelMin":446,"loadTunnelMax":988,"trainingStatus":"PEAKING","fitnessLevelTrend":"INCREASING","loadLevelTrend":"DECREASING","trainingStatusFeedbackPhrase":"PEAKING_AER_LOW_SHORT"},{"userProfilePK":87578117,"calendarDate":"2020-07-28","deviceId":3324959462,"timestamp":"2020-07-28T11:16:36.0","sport":"RUNNING","subSport":"GENERIC","weeklyTrainingLoadSum":133,"loadTunnelMin":446,"loadTunnelMax":988,"trainingStatus":"PEAKING","fitnessLevelTrend":"INCREASING","loadLevelTrend":"DECREASING","trainingStatusFeedbackPhrase":"PEAKING_AER_LOW_SHORT"},{"userProfilePK":87578117,"calendarDate":"2020-07-28","deviceId":3324959462,"timestamp":"2020-07-28T15:18:33.0","sport":"RUNNING","subSport":"GENERIC","weeklyTrainingLoadSum":182,"loadTunnelMin":446,"loadTunnelMax":988,"trainingStatus":"PEAKING","fitnessLevelTrend":"INCREASING","loadLevelTrend":"DECREASING","trainingStatusFeedbackPhrase":"PEAKING_AER_LOW_SHORT"},{"userProfilePK":87578117,"calendarDate":"2020-07-28","deviceId":3324959462,"timestamp":"2020-07-28T15:25:24.0","sport":"RUNNING","subSport":"GENERIC","weeklyTrainingLoadSum":182,"loadTunnelMin":446,"loadTunnelMax":988,"trainingStatus":"PEAKING","fitnessLevelTrend":"INCREASING","loadLevelTrend":"DECREASING","trainingStatusFeedbackPhrase":"PEAKING_AER_LOW_SHORT"},{"userProfilePK":87578117,"calendarDate":"2020-07-28","deviceId":3324959462,"timestamp":"2020-07-28T17:11:25.0","sport":"RUNNING","subSport":"GENERIC","weeklyTrainingLoadSum":273,"loadTunnelMin":446,"loadTunnelMax":988,"trainingStatus":"PEAKING","fitnessLevelTrend":"INCREASING","loadLevelTrend":"DECREASING","trainingStatusFeedbackPhrase":"PEAKING_AER_LOW_SHORT"},{"userProfilePK":87578117,"calendarDate":"2020-07-29","deviceId":3324959462,"timestamp":"2020-07-28T22:04:17.0","sport":"RUNNING","subSport":"GENERIC","weeklyTrainingLoadSum":273,"loadTunnelMin":446,"loadTunnelMax":988,"trainingStatus":"PEAKING","fitnessLevelTrend":"INCREASING","loadLevelTrend":"DECREASING","trainingStatusFeedbackPhrase":"PEAKING_AER_LOW_SHORT"},{"userProfilePK":87578117,"calendarDate":"2020-07-29","deviceId":3324959462,"timestamp":"2020-07-29T08:03:01.0","sport":"RUNNING","subSport":"GENERIC","weeklyTrainingLoadSum":273,"loadTunnelMin":446,"loadTunnelMax":988,"trainingStatus":"PEAKING","fitnessLevelTrend":"INCREASING","loadLevelTrend":"DECREASING","trainingStatusFeedbackPhrase":"PEAKING_AER_LOW_SHORT"},{"userProfilePK":87578117,"calendarDate":"2020-07-29","deviceId":3324959462,"timestamp":"2020-07-29T09:36:16.0","sport":"RUNNING","subSport":"GENERIC","weeklyTrainingLoadSum":284,"loadTunnelMin":446,"loadTunnelMax":988,"trainingStatus":"PEAKING","fitnessLevelTrend":"INCREASING","loadLevelTrend":"DECREASING","trainingStatusFeedbackPhrase":"PEAKING_AER_LOW_SHORT"},{"userProfilePK":87578117,"calendarDate":"2020-07-29","deviceId":3324959462,"timestamp":"2020-07-29T16:59:25.0","sport":"RUNNING","subSport":"GENERIC","weeklyTrainingLoadSum":712,"loadTunnelMin":722,"loadTunnelMax":1540,"trainingStatus":"PEAKING","fitnessLevelTrend":"INCREASING","loadLevelTrend":"DECREASING","trainingStatusFeedbackPhrase":"PEAKING_AER_LOW_SHORT"},{"userProfilePK":87578117,"calendarDate":"2020-07-30","deviceId":3324959462,"timestamp":"2020-07-29T22:25:07.0","sport":"RUNNING","subSport":"GENERIC","weeklyTrainingLoadSum":712,"loadTunnelMin":559,"loadTunnelMax":1258,"trainingStatus":"PEAKING","fitnessLevelTrend":"INCREASING","loadLevelTrend":"DECREASING","trainingStatusFeedbackPhrase":"PEAKING_AER_LOW_SHORT"},{"userProfilePK":87578117,"calendarDate":"2020-07-30","deviceId":3324959462,"timestamp":"2020-07-30T12:16:42.0","sport":"RUNNING","subSport":"GENERIC","weeklyTrainingLoadSum":726,"loadTunnelMin":559,"loadTunnelMax":1258,"trainingStatus":"PEAKING","fitnessLevelTrend":"INCREASING","loadLevelTrend":"DECREASING","trainingStatusFeedbackPhrase":"PEAKING_AER_LOW_SHORT"},{"userProfilePK":87578117,"calendarDate":"2020-07-31","deviceId":3324959462,"timestamp":"2020-07-30T22:30:08.0","sport":"RUNNING","subSport":"GENERIC","weeklyTrainingLoadSum":726,"loadTunnelMin":559,"loadTunnelMax":1258,"trainingStatus":"PEAKING","fitnessLevelTrend":"INCREASING","loadLevelTrend":"NO_CHANGE","trainingStatusFeedbackPhrase":"PEAKING_AER_LOW_SHORT"},{"userProfilePK":87578117,"calendarDate":"2020-07-31","deviceId":3324959462,"timestamp":"2020-07-31T10:11:20.0","sport":"RUNNING","subSport":"GENERIC","weeklyTrainingLoadSum":737,"loadTunnelMin":559,"loadTunnelMax":1258,"trainingStatus":"PRODUCTIVE","fitnessLevelTrend":"INCREASING","loadLevelTrend":"NO_CHANGE","trainingStatusFeedbackPhrase":"PRODUCTIVE_AER_LOW_SHORT"},{"userProfilePK":87578117,"calendarDate":"2020-07-31","deviceId":3324959462,"timestamp":"2020-07-31T12:44:10.0","sport":"RUNNING","subSport":"GENERIC","weeklyTrainingLoadSum":740,"loadTunnelMin":559,"loadTunnelMax":1258,"trainingStatus":"PRODUCTIVE","fitnessLevelTrend":"INCREASING","loadLevelTrend":"NO_CHANGE","trainingStatusFeedbackPhrase":"PRODUCTIVE_AER_LOW_SHORT"},{"userProfilePK":87578117,"calendarDate":"2020-08-01","deviceId":3324959462,"timestamp":"2020-07-31T22:06:09.0","sport":"RUNNING","subSport":"GENERIC","weeklyTrainingLoadSum":740,"loadTunnelMin":559,"loadTunnelMax":1258,"trainingStatus":"PRODUCTIVE","fitnessLevelTrend":"INCREASING","loadLevelTrend":"NO_CHANGE","trainingStatusFeedbackPhrase":"PRODUCTIVE_AER_LOW_SHORT"},{"userProfilePK":87578117,"calendarDate":"2020-08-01","deviceId":3324959462,"timestamp":"2020-08-01T08:55:01.0","sport":"RUNNING","subSport":"GENERIC","weeklyTrainingLoadSum":1363,"loadTunnelMin":722,"loadTunnelMax":1540,"trainingStatus":"PRODUCTIVE","fitnessLevelTrend":"INCREASING","loadLevelTrend":"INCREASING","trainingStatusFeedbackPhrase":"PRODUCTIVE_AER_LOW_SHORT"},{"userProfilePK":87578117,"calendarDate":"2020-08-01","deviceId":3324959462,"timestamp":"2020-08-01T10:28:56.0","sport":"RUNNING","subSport":"GENERIC","weeklyTrainingLoadSum":1381,"loadTunnelMin":722,"loadTunnelMax":1540,"trainingStatus":"PRODUCTIVE","fitnessLevelTrend":"INCREASING","loadLevelTrend":"INCREASING","trainingStatusFeedbackPhrase":"PRODUCTIVE_AER_LOW_SHORT"},{"userProfilePK":87578117,"calendarDate":"2020-08-02","deviceId":3324959462,"timestamp":"2020-08-01T22:06:10.0","sport":"RUNNING","subSport":"GENERIC","weeklyTrainingLoadSum":1305,"loadTunnelMin":722,"loadTunnelMax":1540,"trainingStatus":"PRODUCTIVE","fitnessLevelTrend":"NO_CHANGE","loadLevelTrend":"INCREASING","trainingStatusFeedbackPhrase":"PRODUCTIVE_AER_LOW_SHORT"},{"userProfilePK":87578117,"calendarDate":"2020-08-02","deviceId":3324959462,"timestamp":"2020-08-02T17:57:11.0","sport":"RUNNING","subSport":"GENERIC","weeklyTrainingLoadSum":1598,"loadTunnelMin":722,"loadTunnelMax":1540,"trainingStatus":"PRODUCTIVE","fitnessLevelTrend":"NO_CHANGE","loadLevelTrend":"INCREASING","trainingStatusFeedbackPhrase":"PRODUCTIVE_AER_LOW_SHORT"},{"userProfilePK":87578117,"calendarDate":"2020-08-03","deviceId":3324959462,"timestamp":"2020-08-02T22:15:10.0","sport":"RUNNING","subSport":"GENERIC","weeklyTrainingLoadSum":1558,"loadTunnelMin":722,"loadTunnelMax":1540,"trainingStatus":"PRODUCTIVE","fitnessLevelTrend":"NO_CHANGE","loadLevelTrend":"INCREASING","trainingStatusFeedbackPhrase":"PRODUCTIVE_AER_LOW_SHORT"},{"userProfilePK":87578117,"calendarDate":"2020-08-03","deviceId":3324959462,"timestamp":"2020-08-03T10:35:43.0","sport":"RUNNING","subSport":"GENERIC","weeklyTrainingLoadSum":1686,"loadTunnelMin":722,"loadTunnelMax":1540,"trainingStatus":"PRODUCTIVE","fitnessLevelTrend":"NO_CHANGE","loadLevelTrend":"INCREASING","trainingStatusFeedbackPhrase":"PRODUCTIVE_AER_LOW_SHORT"},{"userProfilePK":87578117,"calendarDate":"2020-08-04","deviceId":3324959462,"timestamp":"2020-08-03T22:15:11.0","sport":"RUNNING","subSport":"GENERIC","weeklyTrainingLoadSum":1529,"loadTunnelMin":722,"loadTunnelMax":1540,"trainingStatus":"PRODUCTIVE","fitnessLevelTrend":"NO_CHANGE","loadLevelTrend":"INCREASING","trainingStatusFeedbackPhrase":"PRODUCTIVE_AER_LOW_SHORT"},{"userProfilePK":87578117,"calendarDate":"2020-08-05","deviceId":3324959462,"timestamp":"2020-08-04T22:15:11.0","sport":"RUNNING","subSport":"GENERIC","weeklyTrainingLoadSum":1090,"loadTunnelMin":722,"loadTunnelMax":1540,"trainingStatus":"PRODUCTIVE","fitnessLevelTrend":"NO_CHANGE","loadLevelTrend":"NO_CHANGE","trainingStatusFeedbackPhrase":"PRODUCTIVE_AER_LOW_SHORT"},{"userProfilePK":87578117,"calendarDate":"2020-08-06","deviceId":3324959462,"timestamp":"2020-08-05T22:15:12.0","sport":"RUNNING","subSport":"GENERIC","weeklyTrainingLoadSum":1076,"loadTunnelMin":722,"loadTunnelMax":1540,"trainingStatus":"PRODUCTIVE","fitnessLevelTrend":"NO_CHANGE","loadLevelTrend":"NO_CHANGE","trainingStatusFeedbackPhrase":"PRODUCTIVE_AER_LOW_SHORT"},{"userProfilePK":87578117,"calendarDate":"2020-08-06","deviceId":3324959462,"timestamp":"2020-08-06T07:08:28.0","sport":"RUNNING","subSport":"GENERIC","weeklyTrainingLoadSum":1078,"loadTunnelMin":722,"loadTunnelMax":1540,"trainingStatus":"MAINTAINING","fitnessLevelTrend":"NO_CHANGE","loadLevelTrend":"NO_CHANGE","trainingStatusFeedbackPhrase":"MAINTAINING_AER_LOW_SHORT"},{"userProfilePK":87578117,"calendarDate":"2020-08-06","deviceId":3324959462,"timestamp":"2020-08-06T08:18:01.0","sport":"RUNNING","subSport":"GENERIC","weeklyTrainingLoadSum":1137,"loadTunnelMin":722,"loadTunnelMax":1540,"trainingStatus":"MAINTAINING","fitnessLevelTrend":"NO_CHANGE","loadLevelTrend":"INCREASING","trainingStatusFeedbackPhrase":"MAINTAINING_AER_LOW_SHORT"},{"userProfilePK":87578117,"calendarDate":"2020-08-06","deviceId":3324959462,"timestamp":"2020-08-06T18:33:10.0","sport":"RUNNING","subSport":"GENERIC","weeklyTrainingLoadSum":1595,"loadTunnelMin":722,"loadTunnelMax":1540,"trainingStatus":"PRODUCTIVE","fitnessLevelTrend":"NO_CHANGE","loadLevelTrend":"INCREASING","trainingStatusFeedbackPhrase":"PRODUCTIVE_AER_LOW_SHORT"},{"userProfilePK":87578117,"calendarDate":"2020-08-06","deviceId":3324959462,"timestamp":"2020-08-06T18:54:13.0","sport":"RUNNING","subSport":"GENERIC","weeklyTrainingLoadSum":1629,"loadTunnelMin":722,"loadTunnelMax":1540,"trainingStatus":"PRODUCTIVE","fitnessLevelTrend":"NO_CHANGE","loadLevelTrend":"INCREASING","trainingStatusFeedbackPhrase":"PRODUCTIVE_AER_LOW_SHORT"},{"userProfilePK":87578117,"calendarDate":"2020-08-07","deviceId":3324959462,"timestamp":"2020-08-06T22:15:13.0","sport":"RUNNING","subSport":"GENERIC","weeklyTrainingLoadSum":1615,"loadTunnelMin":722,"loadTunnelMax":1540,"trainingStatus":"PRODUCTIVE","fitnessLevelTrend":"NO_CHANGE","loadLevelTrend":"INCREASING","trainingStatusFeedbackPhrase":"PRODUCTIVE_AER_LOW_SHORT"},{"userProfilePK":87578117,"calendarDate":"2020-08-07","deviceId":3324959462,"timestamp":"2020-08-07T10:56:49.0","sport":"RUNNING","subSport":"GENERIC","weeklyTrainingLoadSum":1635,"loadTunnelMin":722,"loadTunnelMax":1540,"trainingStatus":"PRODUCTIVE","fitnessLevelTrend":"NO_CHANGE","loadLevelTrend":"INCREASING","trainingStatusFeedbackPhrase":"PRODUCTIVE_AER_LOW_SHORT"},{"userProfilePK":87578117,"calendarDate":"2020-08-07","deviceId":3324959462,"timestamp":"2020-08-07T10:57:35.0","sport":"RUNNING","subSport":"GENERIC","weeklyTrainingLoadSum":1635,"loadTunnelMin":722,"loadTunnelMax":1540,"trainingStatus":"PRODUCTIVE","fitnessLevelTrend":"NO_CHANGE","loadLevelTrend":"INCREASING","trainingStatusFeedbackPhrase":"PRODUCTIVE_AER_LOW_SHORT"},{"userProfilePK":87578117,"calendarDate":"2020-08-07","deviceId":3324959462,"timestamp":"2020-08-07T11:03:47.0","sport":"RUNNING","subSport":"GENERIC","weeklyTrainingLoadSum":1651,"loadTunnelMin":722,"loadTunnelMax":1540,"trainingStatus":"PRODUCTIVE","fitnessLevelTrend":"NO_CHANGE","loadLevelTrend":"INCREASING","trainingStatusFeedbackPhrase":"PRODUCTIVE_AER_LOW_SHORT"},{"userProfilePK":87578117,"calendarDate":"2020-08-07","deviceId":3324959462,"timestamp":"2020-08-07T11:13:10.0","sport":"RUNNING","subSport":"GENERIC","weeklyTrainingLoadSum":1671,"loadTunnelMin":722,"loadTunnelMax":1540,"trainingStatus":"PRODUCTIVE","fitnessLevelTrend":"NO_CHANGE","loadLevelTrend":"INCREASING","trainingStatusFeedbackPhrase":"PRODUCTIVE_AER_LOW_SHORT"},{"userProfilePK":87578117,"calendarDate":"2020-08-07","deviceId":3324959462,"timestamp":"2020-08-07T11:24:38.0","sport":"RUNNING","subSport":"GENERIC","weeklyTrainingLoadSum":1671,"loadTunnelMin":722,"loadTunnelMax":1540,"trainingStatus":"PRODUCTIVE","fitnessLevelTrend":"NO_CHANGE","loadLevelTrend":"INCREASING","trainingStatusFeedbackPhrase":"PRODUCTIVE_AER_LOW_SHORT"},{"userProfilePK":87578117,"calendarDate":"2020-08-08","deviceId":3324959462,"timestamp":"2020-08-07T22:23:51.0","sport":"RUNNING","subSport":"GENERIC","weeklyTrainingLoadSum":1030,"loadTunnelMin":722,"loadTunnelMax":1540,"trainingStatus":"PRODUCTIVE","fitnessLevelTrend":"NO_CHANGE","loadLevelTrend":"NO_CHANGE","trainingStatusFeedbackPhrase":"PRODUCTIVE_AER_LOW_SHORT"},{"userProfilePK":87578117,"calendarDate":"2020-08-08","deviceId":3324959462,"timestamp":"2020-08-08T09:01:17.0","sport":"RUNNING","subSport":"GENERIC","weeklyTrainingLoadSum":1064,"loadTunnelMin":722,"loadTunnelMax":1540,"trainingStatus":"MAINTAINING","fitnessLevelTrend":"NO_CHANGE","loadLevelTrend":"NO_CHANGE","trainingStatusFeedbackPhrase":"MAINTAINING_AER_LOW_SHORT"},{"userProfilePK":87578117,"calendarDate":"2020-08-08","deviceId":3324959462,"timestamp":"2020-08-08T13:35:26.0","sport":"RUNNING","subSport":"GENERIC","weeklyTrainingLoadSum":1064,"loadTunnelMin":722,"loadTunnelMax":1540,"trainingStatus":"MAINTAINING","fitnessLevelTrend":"NO_CHANGE","loadLevelTrend":"NO_CHANGE","trainingStatusFeedbackPhrase":"MAINTAINING_AER_LOW_SHORT"},{"userProfilePK":87578117,"calendarDate":"2020-08-08","deviceId":3324959462,"timestamp":"2020-08-08T15:59:50.0","sport":"RUNNING","subSport":"GENERIC","weeklyTrainingLoadSum":1817,"loadTunnelMin":722,"loadTunnelMax":1540,"trainingStatus":"PRODUCTIVE","fitnessLevelTrend":"NO_CHANGE","loadLevelTrend":"INCREASING","trainingStatusFeedbackPhrase":"PRODUCTIVE_AER_LOW_SHORT"},{"userProfilePK":87578117,"calendarDate":"2020-08-08","deviceId":3324959462,"timestamp":"2020-08-08T16:20:50.0","sport":"RUNNING","subSport":"GENERIC","weeklyTrainingLoadSum":1818,"loadTunnelMin":722,"loadTunnelMax":1540,"trainingStatus":"PRODUCTIVE","fitnessLevelTrend":"NO_CHANGE","loadLevelTrend":"INCREASING","trainingStatusFeedbackPhrase":"PRODUCTIVE_AER_LOW_SHORT"},{"userProfilePK":87578117,"calendarDate":"2020-08-08","deviceId":3324959462,"timestamp":"2020-08-08T16:22:11.0","sport":"RUNNING","subSport":"GENERIC","weeklyTrainingLoadSum":1822,"loadTunnelMin":722,"loadTunnelMax":1540,"trainingStatus":"PRODUCTIVE","fitnessLevelTrend":"NO_CHANGE","loadLevelTrend":"INCREASING","trainingStatusFeedbackPhrase":"PRODUCTIVE_AER_LOW_SHORT"},{"userProfilePK":87578117,"calendarDate":"2020-08-09","deviceId":3324959462,"timestamp":"2020-08-08T22:23:51.0","sport":"RUNNING","subSport":"GENERIC","weeklyTrainingLoadSum":1529,"loadTunnelMin":722,"loadTunnelMax":1540,"trainingStatus":"PRODUCTIVE","fitnessLevelTrend":"NO_CHANGE","loadLevelTrend":"INCREASING","trainingStatusFeedbackPhrase":"PRODUCTIVE_AER_LOW_SHORT"},{"userProfilePK":87578117,"calendarDate":"2020-08-09","deviceId":3324959462,"timestamp":"2020-08-09T08:35:57.0","sport":"RUNNING","subSport":"GENERIC","weeklyTrainingLoadSum":1589,"loadTunnelMin":722,"loadTunnelMax":1540,"trainingStatus":"PRODUCTIVE","fitnessLevelTrend":"NO_CHANGE","loadLevelTrend":"INCREASING","trainingStatusFeedbackPhrase":"PRODUCTIVE_AER_LOW_SHORT"},{"userProfilePK":87578117,"calendarDate":"2020-08-09","deviceId":3324959462,"timestamp":"2020-08-09T18:25:30.0","sport":"RUNNING","subSport":"GENERIC","weeklyTrainingLoadSum":1819,"loadTunnelMin":722,"loadTunnelMax":1540,"trainingStatus":"PRODUCTIVE","fitnessLevelTrend":"NO_CHANGE","loadLevelTrend":"INCREASING","trainingStatusFeedbackPhrase":"PRODUCTIVE_AER_LOW_SHORT"},{"userProfilePK":87578117,"calendarDate":"2020-08-10","deviceId":3324959462,"timestamp":"2020-08-09T22:02:01.0","sport":"RUNNING","subSport":"GENERIC","weeklyTrainingLoadSum":1691,"loadTunnelMin":722,"loadTunnelMax":1540,"trainingStatus":"PRODUCTIVE","fitnessLevelTrend":"NO_CHANGE","loadLevelTrend":"INCREASING","trainingStatusFeedbackPhrase":"PRODUCTIVE_AER_LOW_SHORT"},{"userProfilePK":87578117,"calendarDate":"2020-08-10","deviceId":3324959462,"timestamp":"2020-08-10T15:26:26.0","sport":"RUNNING","subSport":"GENERIC","weeklyTrainingLoadSum":2475,"loadTunnelMin":722,"loadTunnelMax":1540,"trainingStatus":"PRODUCTIVE","fitnessLevelTrend":"NO_CHANGE","loadLevelTrend":"INCREASING","trainingStatusFeedbackPhrase":"PRODUCTIVE_AER_LOW_SHORT"},{"userProfilePK":87578117,"calendarDate":"2020-08-11","deviceId":3324959462,"timestamp":"2020-08-10T22:02:02.0","sport":"RUNNING","subSport":"GENERIC","weeklyTrainingLoadSum":2475,"loadTunnelMin":722,"loadTunnelMax":1540,"trainingStatus":"PRODUCTIVE","fitnessLevelTrend":"NO_CHANGE","loadLevelTrend":"INCREASING","trainingStatusFeedbackPhrase":"PRODUCTIVE_AER_LOW_SHORT"},{"userProfilePK":87578117,"calendarDate":"2020-08-12","deviceId":3324959462,"timestamp":"2020-08-11T22:02:02.0","sport":"RUNNING","subSport":"GENERIC","weeklyTrainingLoadSum":2475,"loadTunnelMin":722,"loadTunnelMax":1540,"trainingStatus":"PRODUCTIVE","fitnessLevelTrend":"NO_CHANGE","loadLevelTrend":"INCREASING","trainingStatusFeedbackPhrase":"PRODUCTIVE_AER_LOW_SHORT"},{"userProfilePK":87578117,"calendarDate":"2020-08-13","deviceId":3324959462,"timestamp":"2020-08-12T22:02:03.0","sport":"RUNNING","subSport":"GENERIC","weeklyTrainingLoadSum":1922,"loadTunnelMin":722,"loadTunnelMax":1540,"trainingStatus":"PRODUCTIVE","fitnessLevelTrend":"NO_CHANGE","loadLevelTrend":"INCREASING","trainingStatusFeedbackPhrase":"PRODUCTIVE_AER_LOW_SHORT"},{"userProfilePK":87578117,"calendarDate":"2020-08-13","deviceId":3324959462,"timestamp":"2020-08-13T07:20:27.0","sport":"RUNNING","subSport":"GENERIC","weeklyTrainingLoadSum":1973,"loadTunnelMin":722,"loadTunnelMax":1540,"trainingStatus":"PRODUCTIVE","fitnessLevelTrend":"NO_CHANGE","loadLevelTrend":"INCREASING","trainingStatusFeedbackPhrase":"PRODUCTIVE_AER_LOW_SHORT"},{"userProfilePK":87578117,"calendarDate":"2020-08-13","deviceId":3324959462,"timestamp":"2020-08-13T07:59:15.0","sport":"RUNNING","subSport":"GENERIC","weeklyTrainingLoadSum":1973,"loadTunnelMin":722,"loadTunnelMax":1540,"trainingStatus":"PRODUCTIVE","fitnessLevelTrend":"NO_CHANGE","loadLevelTrend":"INCREASING","trainingStatusFeedbackPhrase":"PRODUCTIVE_AER_LOW_SHORT"},{"userProfilePK":87578117,"calendarDate":"2020-08-14","deviceId":3324959462,"timestamp":"2020-08-13T22:02:05.0","sport":"RUNNING","subSport":"GENERIC","weeklyTrainingLoadSum":1917,"loadTunnelMin":722,"loadTunnelMax":1540,"trainingStatus":"PRODUCTIVE","fitnessLevelTrend":"NO_CHANGE","loadLevelTrend":"INCREASING","trainingStatusFeedbackPhrase":"PRODUCTIVE_AER_LOW_SHORT"},{"userProfilePK":87578117,"calendarDate":"2020-08-14","deviceId":3324959462,"timestamp":"2020-08-14T07:59:34.0","sport":"RUNNING","subSport":"GENERIC","weeklyTrainingLoadSum":2010,"loadTunnelMin":722,"loadTunnelMax":1540,"trainingStatus":"PRODUCTIVE","fitnessLevelTrend":"NO_CHANGE","loadLevelTrend":"INCREASING","trainingStatusFeedbackPhrase":"PRODUCTIVE_AER_LOW_SHORT"},{"userProfilePK":87578117,"calendarDate":"2020-08-14","deviceId":3324959462,"timestamp":"2020-08-14T14:15:47.0","sport":"RUNNING","subSport":"GENERIC","weeklyTrainingLoadSum":2060,"loadTunnelMin":722,"loadTunnelMax":1540,"trainingStatus":"PRODUCTIVE","fitnessLevelTrend":"NO_CHANGE","loadLevelTrend":"INCREASING","trainingStatusFeedbackPhrase":"PRODUCTIVE_AER_LOW_SHORT"},{"userProfilePK":87578117,"calendarDate":"2020-08-14","deviceId":3324959462,"timestamp":"2020-08-14T14:22:41.0","sport":"RUNNING","subSport":"GENERIC","weeklyTrainingLoadSum":2062,"loadTunnelMin":722,"loadTunnelMax":1540,"trainingStatus":"PRODUCTIVE","fitnessLevelTrend":"NO_CHANGE","loadLevelTrend":"INCREASING","trainingStatusFeedbackPhrase":"PRODUCTIVE_AER_LOW_SHORT"},{"userProfilePK":87578117,"calendarDate":"2020-08-14","deviceId":3324959462,"timestamp":"2020-08-14T16:42:46.0","sport":"RUNNING","subSport":"GENERIC","weeklyTrainingLoadSum":2165,"loadTunnelMin":722,"loadTunnelMax":1540,"trainingStatus":"PRODUCTIVE","fitnessLevelTrend":"NO_CHANGE","loadLevelTrend":"INCREASING","trainingStatusFeedbackPhrase":"PRODUCTIVE_AER_LOW_SHORT"},{"userProfilePK":87578117,"calendarDate":"2020-08-14","deviceId":3324959462,"timestamp":"2020-08-14T16:54:10.0","sport":"RUNNING","subSport":"GENERIC","weeklyTrainingLoadSum":2200,"loadTunnelMin":722,"loadTunnelMax":1540,"trainingStatus":"PRODUCTIVE","fitnessLevelTrend":"NO_CHANGE","loadLevelTrend":"INCREASING","trainingStatusFeedbackPhrase":"PRODUCTIVE_AER_LOW_SHORT"},{"userProfilePK":87578117,"calendarDate":"2020-08-15","deviceId":3324959462,"timestamp":"2020-08-14T22:02:06.0","sport":"RUNNING","subSport":"GENERIC","weeklyTrainingLoadSum":1408,"loadTunnelMin":722,"loadTunnelMax":1540,"trainingStatus":"PRODUCTIVE","fitnessLevelTrend":"NO_CHANGE","loadLevelTrend":"NO_CHANGE","trainingStatusFeedbackPhrase":"PRODUCTIVE_AER_LOW_SHORT"},{"userProfilePK":87578117,"calendarDate":"2020-08-15","deviceId":3324959462,"timestamp":"2020-08-15T07:27:01.0","sport":"RUNNING","subSport":"GENERIC","weeklyTrainingLoadSum":1422,"loadTunnelMin":722,"loadTunnelMax":1540,"trainingStatus":"PRODUCTIVE","fitnessLevelTrend":"NO_CHANGE","loadLevelTrend":"NO_CHANGE","trainingStatusFeedbackPhrase":"PRODUCTIVE_AER_LOW_SHORT"},{"userProfilePK":87578117,"calendarDate":"2020-08-15","deviceId":3324959462,"timestamp":"2020-08-15T08:12:03.0","sport":"RUNNING","subSport":"GENERIC","weeklyTrainingLoadSum":1422,"loadTunnelMin":722,"loadTunnelMax":1540,"trainingStatus":"PRODUCTIVE","fitnessLevelTrend":"NO_CHANGE","loadLevelTrend":"NO_CHANGE","trainingStatusFeedbackPhrase":"PRODUCTIVE_AER_LOW_SHORT"},{"userProfilePK":87578117,"calendarDate":"2020-08-15","deviceId":3324959462,"timestamp":"2020-08-15T09:15:44.0","sport":"RUNNING","subSport":"GENERIC","weeklyTrainingLoadSum":1540,"loadTunnelMin":722,"loadTunnelMax":1540,"trainingStatus":"PRODUCTIVE","fitnessLevelTrend":"NO_CHANGE","loadLevelTrend":"NO_CHANGE","trainingStatusFeedbackPhrase":"PRODUCTIVE_AER_LOW_SHORT"},{"userProfilePK":87578117,"calendarDate":"2020-08-16","deviceId":3324959462,"timestamp":"2020-08-15T22:02:06.0","sport":"RUNNING","subSport":"GENERIC","weeklyTrainingLoadSum":1250,"loadTunnelMin":722,"loadTunnelMax":1540,"trainingStatus":"PRODUCTIVE","fitnessLevelTrend":"NO_CHANGE","loadLevelTrend":"NO_CHANGE","trainingStatusFeedbackPhrase":"PRODUCTIVE_AER_LOW_SHORT"},{"userProfilePK":87578117,"calendarDate":"2020-08-17","deviceId":3324959462,"timestamp":"2020-08-16T22:02:07.0","sport":"RUNNING","subSport":"GENERIC","weeklyTrainingLoadSum":466,"loadTunnelMin":722,"loadTunnelMax":1540,"trainingStatus":"RECOVERY","fitnessLevelTrend":"NO_CHANGE","loadLevelTrend":"DECREASING","trainingStatusFeedbackPhrase":"RECOVERY_AER_LOW_SHORT"},{"userProfilePK":87578117,"calendarDate":"2020-08-18","deviceId":3324959462,"timestamp":"2020-08-17T22:02:08.0","sport":"RUNNING","subSport":"GENERIC","weeklyTrainingLoadSum":466,"loadTunnelMin":722,"loadTunnelMax":1540,"trainingStatus":"RECOVERY","fitnessLevelTrend":"NO_CHANGE","loadLevelTrend":"DECREASING","trainingStatusFeedbackPhrase":"RECOVERY_AER_LOW_SHORT"},{"userProfilePK":87578117,"calendarDate":"2020-08-19","deviceId":3324959462,"timestamp":"2020-08-18T22:02:08.0","sport":"RUNNING","subSport":"GENERIC","weeklyTrainingLoadSum":466,"loadTunnelMin":722,"loadTunnelMax":1540,"trainingStatus":"RECOVERY","fitnessLevelTrend":"NO_CHANGE","loadLevelTrend":"DECREASING","trainingStatusFeedbackPhrase":"RECOVERY_AER_LOW_SHORT"},{"userProfilePK":87578117,"calendarDate":"2020-08-20","deviceId":3324959462,"timestamp":"2020-08-19T22:02:09.0","sport":"RUNNING","subSport":"GENERIC","weeklyTrainingLoadSum":415,"loadTunnelMin":722,"loadTunnelMax":1540,"trainingStatus":"RECOVERY","fitnessLevelTrend":"NO_CHANGE","loadLevelTrend":"DECREASING","trainingStatusFeedbackPhrase":"RECOVERY_AER_LOW_SHORT"},{"userProfilePK":87578117,"calendarDate":"2020-08-21","deviceId":3324959462,"timestamp":"2020-08-20T22:02:09.0","sport":"RUNNING","subSport":"GENERIC","weeklyTrainingLoadSum":132,"loadTunnelMin":722,"loadTunnelMax":1540,"trainingStatus":"RECOVERY","fitnessLevelTrend":"NO_CHANGE","loadLevelTrend":"DECREASING","trainingStatusFeedbackPhrase":"RECOVERY_AER_LOW_SHORT"},{"userProfilePK":87578117,"calendarDate":"2020-08-21","deviceId":3324959462,"timestamp":"2020-08-21T10:26:45.0","sport":"RUNNING","subSport":"GENERIC","weeklyTrainingLoadSum":158,"loadTunnelMin":722,"loadTunnelMax":1540,"trainingStatus":"RECOVERY","fitnessLevelTrend":"NO_CHANGE","loadLevelTrend":"DECREASING","trainingStatusFeedbackPhrase":"RECOVERY_AER_LOW_SHORT"},{"userProfilePK":87578117,"calendarDate":"2020-08-22","deviceId":3324959462,"timestamp":"2020-08-21T22:02:10.0","sport":"RUNNING","subSport":"GENERIC","weeklyTrainingLoadSum":26,"loadTunnelMin":722,"loadTunnelMax":1540,"trainingStatus":"RECOVERY","fitnessLevelTrend":"NO_CHANGE","loadLevelTrend":"DECREASING","trainingStatusFeedbackPhrase":"RECOVERY_AER_LOW_SHORT"},{"userProfilePK":87578117,"calendarDate":"2020-08-23","deviceId":3324959462,"timestamp":"2020-08-22T22:02:11.0","sport":"RUNNING","subSport":"GENERIC","weeklyTrainingLoadSum":26,"loadTunnelMin":722,"loadTunnelMax":1540,"trainingStatus":"RECOVERY","fitnessLevelTrend":"NO_CHANGE","loadLevelTrend":"DECREASING","trainingStatusFeedbackPhrase":"RECOVERY_AER_LOW_SHORT"},{"userProfilePK":87578117,"calendarDate":"2020-08-23","deviceId":3324959462,"timestamp":"2020-08-23T17:03:55.0","sport":"RUNNING","subSport":"GENERIC","weeklyTrainingLoadSum":27,"loadTunnelMin":722,"loadTunnelMax":1540,"trainingStatus":"MAINTAINING","fitnessLevelTrend":"NO_CHANGE","loadLevelTrend":"DECREASING","trainingStatusFeedbackPhrase":"MAINTAINING_AER_LOW_SHORT"},{"userProfilePK":87578117,"calendarDate":"2020-08-23","deviceId":3324959462,"timestamp":"2020-08-23T17:11:04.0","sport":"RUNNING","subSport":"GENERIC","weeklyTrainingLoadSum":28,"loadTunnelMin":722,"loadTunnelMax":1540,"trainingStatus":"MAINTAINING","fitnessLevelTrend":"NO_CHANGE","loadLevelTrend":"DECREASING","trainingStatusFeedbackPhrase":"MAINTAINING_AER_LOW_SHORT"},{"userProfilePK":87578117,"calendarDate":"2020-08-23","deviceId":3324959462,"timestamp":"2020-08-23T17:12:59.0","sport":"RUNNING","subSport":"GENERIC","weeklyTrainingLoadSum":28,"loadTunnelMin":722,"loadTunnelMax":1540,"trainingStatus":"MAINTAINING","fitnessLevelTrend":"NO_CHANGE","loadLevelTrend":"DECREASING","trainingStatusFeedbackPhrase":"MAINTAINING_AER_LOW_SHORT"},{"userProfilePK":87578117,"calendarDate":"2020-08-23","deviceId":3324959462,"timestamp":"2020-08-23T17:45:04.0","sport":"RUNNING","subSport":"GENERIC","weeklyTrainingLoadSum":112,"loadTunnelMin":722,"loadTunnelMax":1540,"trainingStatus":"MAINTAINING","fitnessLevelTrend":"NO_CHANGE","loadLevelTrend":"DECREASING","trainingStatusFeedbackPhrase":"MAINTAINING_AER_LOW_SHORT"},{"userProfilePK":87578117,"calendarDate":"2020-08-23","deviceId":3324959462,"timestamp":"2020-08-23T17:47:36.0","sport":"RUNNING","subSport":"GENERIC","weeklyTrainingLoadSum":112,"loadTunnelMin":722,"loadTunnelMax":1540,"trainingStatus":"MAINTAINING","fitnessLevelTrend":"NO_CHANGE","loadLevelTrend":"DECREASING","trainingStatusFeedbackPhrase":"MAINTAINING_AER_LOW_SHORT"},{"userProfilePK":87578117,"calendarDate":"2020-08-23","deviceId":3324959462,"timestamp":"2020-08-23T18:32:59.0","sport":"RUNNING","subSport":"GENERIC","weeklyTrainingLoadSum":138,"loadTunnelMin":722,"loadTunnelMax":1540,"trainingStatus":"MAINTAINING","fitnessLevelTrend":"NO_CHANGE","loadLevelTrend":"DECREASING","trainingStatusFeedbackPhrase":"MAINTAINING_AER_LOW_SHORT"},{"userProfilePK":87578117,"calendarDate":"2020-08-24","deviceId":3324959462,"timestamp":"2020-08-23T22:06:16.0","sport":"RUNNING","subSport":"GENERIC","weeklyTrainingLoadSum":138,"loadTunnelMin":722,"loadTunnelMax":1540,"trainingStatus":"MAINTAINING","fitnessLevelTrend":"NO_CHANGE","loadLevelTrend":"DECREASING","trainingStatusFeedbackPhrase":"MAINTAINING_AER_LOW_SHORT"},{"userProfilePK":87578117,"calendarDate":"2020-08-25","deviceId":3324959462,"timestamp":"2020-08-24T22:06:17.0","sport":"RUNNING","subSport":"GENERIC","weeklyTrainingLoadSum":138,"loadTunnelMin":722,"loadTunnelMax":1540,"trainingStatus":"MAINTAINING","fitnessLevelTrend":"NO_CHANGE","loadLevelTrend":"DECREASING","trainingStatusFeedbackPhrase":"MAINTAINING_AER_LOW_SHORT"},{"userProfilePK":87578117,"calendarDate":"2020-08-26","deviceId":3324959462,"timestamp":"2020-08-25T22:06:17.0","sport":"RUNNING","subSport":"GENERIC","weeklyTrainingLoadSum":138,"loadTunnelMin":722,"loadTunnelMax":1540,"trainingStatus":"MAINTAINING","fitnessLevelTrend":"NO_CHANGE","loadLevelTrend":"DECREASING","trainingStatusFeedbackPhrase":"MAINTAINING_AER_LOW_SHORT"},{"userProfilePK":87578117,"calendarDate":"2020-08-26","deviceId":3324959462,"timestamp":"2020-08-26T17:30:40.0","sport":"RUNNING","subSport":"GENERIC","weeklyTrainingLoadSum":198,"loadTunnelMin":722,"loadTunnelMax":1540,"trainingStatus":"MAINTAINING","fitnessLevelTrend":"NO_CHANGE","loadLevelTrend":"DECREASING","trainingStatusFeedbackPhrase":"MAINTAINING_AER_LOW_SHORT"},{"userProfilePK":87578117,"calendarDate":"2020-08-26","deviceId":3324959462,"timestamp":"2020-08-26T17:55:20.0","sport":"RUNNING","subSport":"GENERIC","weeklyTrainingLoadSum":306,"loadTunnelMin":722,"loadTunnelMax":1540,"trainingStatus":"MAINTAINING","fitnessLevelTrend":"NO_CHANGE","loadLevelTrend":"DECREASING","trainingStatusFeedbackPhrase":"MAINTAINING_AER_LOW_SHORT"},{"userProfilePK":87578117,"calendarDate":"2020-08-27","deviceId":3324959462,"timestamp":"2020-08-26T22:06:18.0","sport":"RUNNING","subSport":"GENERIC","weeklyTrainingLoadSum":306,"loadTunnelMin":722,"loadTunnelMax":1540,"trainingStatus":"MAINTAINING","fitnessLevelTrend":"NO_CHANGE","loadLevelTrend":"DECREASING","trainingStatusFeedbackPhrase":"MAINTAINING_AER_LOW_SHORT"},{"userProfilePK":87578117,"calendarDate":"2020-08-27","deviceId":3324959462,"timestamp":"2020-08-27T11:21:40.0","sport":"RUNNING","subSport":"GENERIC","weeklyTrainingLoadSum":371,"loadTunnelMin":722,"loadTunnelMax":1540,"trainingStatus":"MAINTAINING","fitnessLevelTrend":"NO_CHANGE","loadLevelTrend":"DECREASING","trainingStatusFeedbackPhrase":"MAINTAINING_AER_LOW_SHORT"},{"userProfilePK":87578117,"calendarDate":"2020-08-27","deviceId":3324959462,"timestamp":"2020-08-27T19:11:49.0","sport":"RUNNING","subSport":"GENERIC","weeklyTrainingLoadSum":371,"loadTunnelMin":722,"loadTunnelMax":1540,"trainingStatus":"MAINTAINING","fitnessLevelTrend":"NO_CHANGE","loadLevelTrend":"DECREASING","trainingStatusFeedbackPhrase":"MAINTAINING_AER_LOW_SHORT"},{"userProfilePK":87578117,"calendarDate":"2020-08-28","deviceId":3324959462,"timestamp":"2020-08-27T22:06:19.0","sport":"RUNNING","subSport":"GENERIC","weeklyTrainingLoadSum":345,"loadTunnelMin":722,"loadTunnelMax":1540,"trainingStatus":"NO_STATUS","fitnessLevelTrend":"NO_RESULT","loadLevelTrend":"DECREASING","trainingStatusFeedbackPhrase":"NO_STATUS_AER_LOW_SHORT"},{"userProfilePK":87578117,"calendarDate":"2020-08-28","deviceId":3324959462,"timestamp":"2020-08-28T17:24:06.0","sport":"RUNNING","subSport":"GENERIC","weeklyTrainingLoadSum":351,"loadTunnelMin":722,"loadTunnelMax":1540,"trainingStatus":"NO_STATUS","fitnessLevelTrend":"NO_RESULT","loadLevelTrend":"DECREASING","trainingStatusFeedbackPhrase":"NO_STATUS_AER_LOW_SHORT"},{"userProfilePK":87578117,"calendarDate":"2020-08-29","deviceId":3324959462,"timestamp":"2020-08-28T22:01:44.0","sport":"RUNNING","subSport":"GENERIC","weeklyTrainingLoadSum":351,"loadTunnelMin":722,"loadTunnelMax":1540,"trainingStatus":"NO_STATUS","fitnessLevelTrend":"NO_RESULT","loadLevelTrend":"DECREASING","trainingStatusFeedbackPhrase":"NO_STATUS_AER_LOW_SHORT"},{"userProfilePK":87578117,"calendarDate":"2020-08-30","deviceId":3324959462,"timestamp":"2020-08-29T22:01:45.0","sport":"RUNNING","subSport":"GENERIC","weeklyTrainingLoadSum":239,"loadTunnelMin":559,"loadTunnelMax":1258,"trainingStatus":"NO_STATUS","fitnessLevelTrend":"NO_RESULT","loadLevelTrend":"DECREASING","trainingStatusFeedbackPhrase":"NO_STATUS_AER_LOW_SHORT"},{"userProfilePK":87578117,"calendarDate":"2020-08-30","deviceId":3324959462,"timestamp":"2020-08-30T15:36:09.0","sport":"RUNNING","subSport":"GENERIC","weeklyTrainingLoadSum":286,"loadTunnelMin":559,"loadTunnelMax":1258,"trainingStatus":"NO_STATUS","fitnessLevelTrend":"NO_RESULT","loadLevelTrend":"DECREASING","trainingStatusFeedbackPhrase":"NO_STATUS_AER_LOW_SHORT"},{"userProfilePK":87578117,"calendarDate":"2020-08-31","deviceId":3324959462,"timestamp":"2020-08-30T22:01:46.0","sport":"RUNNING","subSport":"GENERIC","weeklyTrainingLoadSum":286,"loadTunnelMin":559,"loadTunnelMax":1258,"trainingStatus":"NO_STATUS","fitnessLevelTrend":"NO_RESULT","loadLevelTrend":"DECREASING","trainingStatusFeedbackPhrase":"NO_STATUS_AER_LOW_SHORT"},{"userProfilePK":87578117,"calendarDate":"2020-09-01","deviceId":3324959462,"timestamp":"2020-08-31T22:04:00.0","sport":"RUNNING","subSport":"GENERIC","weeklyTrainingLoadSum":286,"loadTunnelMin":559,"loadTunnelMax":1258,"trainingStatus":"NO_STATUS","fitnessLevelTrend":"NO_RESULT","loadLevelTrend":"DECREASING","trainingStatusFeedbackPhrase":"NO_STATUS_AER_LOW_SHORT"},{"userProfilePK":87578117,"calendarDate":"2020-09-02","deviceId":3324959462,"timestamp":"2020-09-01T22:04:01.0","sport":"RUNNING","subSport":"GENERIC","weeklyTrainingLoadSum":118,"loadTunnelMin":559,"loadTunnelMax":1258,"trainingStatus":"NO_STATUS","fitnessLevelTrend":"NO_RESULT","loadLevelTrend":"DECREASING","trainingStatusFeedbackPhrase":"NO_STATUS_AER_LOW_SHORT"},{"userProfilePK":87578117,"calendarDate":"2020-09-03","deviceId":3324959462,"timestamp":"2020-09-02T22:04:02.0","sport":"RUNNING","subSport":"GENERIC","weeklyTrainingLoadSum":53,"loadTunnelMin":559,"loadTunnelMax":1258,"trainingStatus":"NO_STATUS","fitnessLevelTrend":"NO_RESULT","loadLevelTrend":"DECREASING","trainingStatusFeedbackPhrase":"NO_STATUS_AER_LOW_SHORT"},{"userProfilePK":87578117,"calendarDate":"2020-09-04","deviceId":3324959462,"timestamp":"2020-09-03T22:04:03.0","sport":"RUNNING","subSport":"GENERIC","weeklyTrainingLoadSum":47,"loadTunnelMin":446,"loadTunnelMax":988,"trainingStatus":"NO_STATUS","fitnessLevelTrend":"NO_RESULT","loadLevelTrend":"DECREASING","trainingStatusFeedbackPhrase":"NO_STATUS_AER_LOW_SHORT"},{"userProfilePK":87578117,"calendarDate":"2020-09-04","deviceId":3324959462,"timestamp":"2020-09-04T17:54:20.0","sport":"RUNNING","subSport":"GENERIC","weeklyTrainingLoadSum":1020,"loadTunnelMin":722,"loadTunnelMax":1540,"trainingStatus":"NO_STATUS","fitnessLevelTrend":"NO_RESULT","loadLevelTrend":"NO_CHANGE","trainingStatusFeedbackPhrase":"NO_STATUS_AER_LOW_SHORT"},{"userProfilePK":87578117,"calendarDate":"2020-09-04","deviceId":3324959462,"timestamp":"2020-09-04T18:28:04.0","sport":"RUNNING","subSport":"GENERIC","weeklyTrainingLoadSum":1086,"loadTunnelMin":722,"loadTunnelMax":1540,"trainingStatus":"NO_STATUS","fitnessLevelTrend":"NO_RESULT","loadLevelTrend":"NO_CHANGE","trainingStatusFeedbackPhrase":"NO_STATUS_AER_LOW_SHORT"},{"userProfilePK":87578117,"calendarDate":"2020-09-05","deviceId":3324959462,"timestamp":"2020-09-04T22:04:05.0","sport":"RUNNING","subSport":"GENERIC","weeklyTrainingLoadSum":1086,"loadTunnelMin":559,"loadTunnelMax":1258,"trainingStatus":"NO_STATUS","fitnessLevelTrend":"NO_RESULT","loadLevelTrend":"INCREASING","trainingStatusFeedbackPhrase":"NO_STATUS_AER_LOW_SHORT"},{"userProfilePK":87578117,"calendarDate":"2020-09-05","deviceId":3324959462,"timestamp":"2020-09-05T06:11:29.0","sport":"RUNNING","subSport":"GENERIC","weeklyTrainingLoadSum":1215,"loadTunnelMin":559,"loadTunnelMax":1258,"trainingStatus":"NO_STATUS","fitnessLevelTrend":"NO_RESULT","loadLevelTrend":"INCREASING","trainingStatusFeedbackPhrase":"NO_STATUS_AER_LOW_SHORT"},{"userProfilePK":87578117,"calendarDate":"2020-09-05","deviceId":3324959462,"timestamp":"2020-09-05T09:18:48.0","sport":"RUNNING","subSport":"GENERIC","weeklyTrainingLoadSum":1216,"loadTunnelMin":559,"loadTunnelMax":1258,"trainingStatus":"NO_STATUS","fitnessLevelTrend":"NO_RESULT","loadLevelTrend":"INCREASING","trainingStatusFeedbackPhrase":"NO_STATUS_AER_LOW_SHORT"},{"userProfilePK":87578117,"calendarDate":"2020-09-05","deviceId":3324959462,"timestamp":"2020-09-05T09:46:23.0","sport":"RUNNING","subSport":"GENERIC","weeklyTrainingLoadSum":1227,"loadTunnelMin":559,"loadTunnelMax":1258,"trainingStatus":"NO_STATUS","fitnessLevelTrend":"NO_RESULT","loadLevelTrend":"INCREASING","trainingStatusFeedbackPhrase":"NO_STATUS_AER_LOW_SHORT"},{"userProfilePK":87578117,"calendarDate":"2020-09-06","deviceId":3324959462,"timestamp":"2020-09-05T22:04:11.0","sport":"RUNNING","subSport":"GENERIC","weeklyTrainingLoadSum":1180,"loadTunnelMin":559,"loadTunnelMax":1258,"trainingStatus":"NO_STATUS","fitnessLevelTrend":"NO_RESULT","loadLevelTrend":"INCREASING","trainingStatusFeedbackPhrase":"NO_STATUS_AER_LOW_SHORT"},{"userProfilePK":87578117,"calendarDate":"2020-09-07","deviceId":3324959462,"timestamp":"2020-09-06T22:04:18.0","sport":"RUNNING","subSport":"GENERIC","weeklyTrainingLoadSum":1180,"loadTunnelMin":360,"loadTunnelMax":794,"trainingStatus":"NO_STATUS","fitnessLevelTrend":"NO_RESULT","loadLevelTrend":"INCREASING","trainingStatusFeedbackPhrase":"NO_STATUS_AER_LOW_SHORT"},{"userProfilePK":87578117,"calendarDate":"2020-09-08","deviceId":3324959462,"timestamp":"2020-09-07T22:04:26.0","sport":"RUNNING","subSport":"GENERIC","weeklyTrainingLoadSum":1180,"loadTunnelMin":360,"loadTunnelMax":794,"trainingStatus":"NO_STATUS","fitnessLevelTrend":"NO_RESULT","loadLevelTrend":"INCREASING","trainingStatusFeedbackPhrase":"NO_STATUS_AER_LOW_SHORT"},{"userProfilePK":87578117,"calendarDate":"2020-09-09","deviceId":3324959462,"timestamp":"2020-09-08T22:04:34.0","sport":"RUNNING","subSport":"GENERIC","weeklyTrainingLoadSum":1180,"loadTunnelMin":360,"loadTunnelMax":794,"trainingStatus":"NO_STATUS","fitnessLevelTrend":"NO_RESULT","loadLevelTrend":"INCREASING","trainingStatusFeedbackPhrase":"NO_STATUS_AER_LOW_SHORT"},{"userProfilePK":87578117,"calendarDate":"2020-09-10","deviceId":3324959462,"timestamp":"2020-09-09T22:04:37.0","sport":"RUNNING","subSport":"GENERIC","weeklyTrainingLoadSum":1180,"loadTunnelMin":360,"loadTunnelMax":794,"trainingStatus":"NO_STATUS","fitnessLevelTrend":"NO_RESULT","loadLevelTrend":"INCREASING","trainingStatusFeedbackPhrase":"NO_STATUS_AER_LOW_SHORT"},{"userProfilePK":87578117,"calendarDate":"2020-09-11","deviceId":3324959462,"timestamp":"2020-09-10T22:04:39.0","sport":"RUNNING","subSport":"GENERIC","weeklyTrainingLoadSum":141,"loadTunnelMin":360,"loadTunnelMax":794,"trainingStatus":"NO_STATUS","fitnessLevelTrend":"NO_RESULT","loadLevelTrend":"DECREASING","trainingStatusFeedbackPhrase":"NO_STATUS_AER_LOW_SHORT"},{"userProfilePK":87578117,"calendarDate":"2020-09-11","deviceId":3324959462,"timestamp":"2020-09-11T05:48:32.0","sport":"RUNNING","subSport":"GENERIC","weeklyTrainingLoadSum":245,"loadTunnelMin":360,"loadTunnelMax":794,"trainingStatus":"NO_STATUS","fitnessLevelTrend":"NO_RESULT","loadLevelTrend":"DECREASING","trainingStatusFeedbackPhrase":"NO_STATUS_AER_LOW_SHORT"},{"userProfilePK":87578117,"calendarDate":"2020-09-12","deviceId":3324959462,"timestamp":"2020-09-11T22:04:40.0","sport":"RUNNING","subSport":"GENERIC","weeklyTrainingLoadSum":104,"loadTunnelMin":281,"loadTunnelMax":640,"trainingStatus":"NO_STATUS","fitnessLevelTrend":"NO_RESULT","loadLevelTrend":"DECREASING","trainingStatusFeedbackPhrase":"NO_STATUS_AER_LOW_SHORT"},{"userProfilePK":87578117,"calendarDate":"2020-09-12","deviceId":3324959462,"timestamp":"2020-09-12T08:00:34.0","sport":"RUNNING","subSport":"GENERIC","weeklyTrainingLoadSum":149,"loadTunnelMin":360,"loadTunnelMax":794,"trainingStatus":"NO_STATUS","fitnessLevelTrend":"NO_RESULT","loadLevelTrend":"DECREASING","trainingStatusFeedbackPhrase":"NO_STATUS_AER_LOW_SHORT"},{"userProfilePK":87578117,"calendarDate":"2020-09-13","deviceId":3324959462,"timestamp":"2020-09-12T22:04:41.0","sport":"RUNNING","subSport":"GENERIC","weeklyTrainingLoadSum":149,"loadTunnelMin":360,"loadTunnelMax":794,"trainingStatus":"NO_STATUS","fitnessLevelTrend":"NO_RESULT","loadLevelTrend":"DECREASING","trainingStatusFeedbackPhrase":"NO_STATUS_AER_LOW_SHORT"},{"userProfilePK":87578117,"calendarDate":"2020-09-13","deviceId":3324959462,"timestamp":"2020-09-13T09:08:21.0","sport":"RUNNING","subSport":"GENERIC","weeklyTrainingLoadSum":902,"loadTunnelMin":446,"loadTunnelMax":988,"trainingStatus":"NO_STATUS","fitnessLevelTrend":"NO_RESULT","loadLevelTrend":"INCREASING","trainingStatusFeedbackPhrase":"NO_STATUS_AER_LOW_SHORT"},{"userProfilePK":87578117,"calendarDate":"2020-09-13","deviceId":3324959462,"timestamp":"2020-09-13T10:54:48.0","sport":"RUNNING","subSport":"GENERIC","weeklyTrainingLoadSum":1395,"loadTunnelMin":559,"loadTunnelMax":1258,"trainingStatus":"NO_STATUS","fitnessLevelTrend":"NO_RESULT","loadLevelTrend":"INCREASING","trainingStatusFeedbackPhrase":"NO_STATUS_AER_LOW_SHORT"},{"userProfilePK":87578117,"calendarDate":"2020-09-13","deviceId":3324959462,"timestamp":"2020-09-13T13:16:48.0","sport":"RUNNING","subSport":"GENERIC","weeklyTrainingLoadSum":1500,"loadTunnelMin":559,"loadTunnelMax":1258,"trainingStatus":"NO_STATUS","fitnessLevelTrend":"NO_RESULT","loadLevelTrend":"INCREASING","trainingStatusFeedbackPhrase":"NO_STATUS_AER_LOW_SHORT"},{"userProfilePK":87578117,"calendarDate":"2020-09-14","deviceId":3324959462,"timestamp":"2020-09-13T22:04:44.0","sport":"RUNNING","subSport":"GENERIC","weeklyTrainingLoadSum":1500,"loadTunnelMin":559,"loadTunnelMax":1258,"trainingStatus":"NO_STATUS","fitnessLevelTrend":"NO_RESULT","loadLevelTrend":"INCREASING","trainingStatusFeedbackPhrase":"NO_STATUS_AER_LOW_SHORT"},{"userProfilePK":87578117,"calendarDate":"2020-09-14","deviceId":3324959462,"timestamp":"2020-09-14T05:21:57.0","sport":"RUNNING","subSport":"GENERIC","weeklyTrainingLoadSum":1580,"loadTunnelMin":559,"loadTunnelMax":1258,"trainingStatus":"NO_STATUS","fitnessLevelTrend":"NO_RESULT","loadLevelTrend":"INCREASING","trainingStatusFeedbackPhrase":"NO_STATUS_AER_LOW_SHORT"},{"userProfilePK":87578117,"calendarDate":"2020-09-15","deviceId":3324959462,"timestamp":"2020-09-14T22:04:45.0","sport":"RUNNING","subSport":"GENERIC","weeklyTrainingLoadSum":1580,"loadTunnelMin":559,"loadTunnelMax":1258,"trainingStatus":"NO_STATUS","fitnessLevelTrend":"NO_RESULT","loadLevelTrend":"INCREASING","trainingStatusFeedbackPhrase":"NO_STATUS_AER_LOW_SHORT"},{"userProfilePK":87578117,"calendarDate":"2020-09-15","deviceId":3324959462,"timestamp":"2020-09-15T05:52:24.0","sport":"RUNNING","subSport":"GENERIC","weeklyTrainingLoadSum":1621,"loadTunnelMin":559,"loadTunnelMax":1258,"trainingStatus":"NO_STATUS","fitnessLevelTrend":"NO_RESULT","loadLevelTrend":"INCREASING","trainingStatusFeedbackPhrase":"NO_STATUS_AER_LOW_SHORT"},{"userProfilePK":87578117,"calendarDate":"2020-09-16","deviceId":3324959462,"timestamp":"2020-09-15T22:04:46.0","sport":"RUNNING","subSport":"GENERIC","weeklyTrainingLoadSum":1621,"loadTunnelMin":559,"loadTunnelMax":1258,"trainingStatus":"NO_STATUS","fitnessLevelTrend":"NO_RESULT","loadLevelTrend":"INCREASING","trainingStatusFeedbackPhrase":"NO_STATUS_AER_LOW_SHORT"},{"userProfilePK":87578117,"calendarDate":"2020-09-17","deviceId":3324959462,"timestamp":"2020-09-16T22:04:47.0","sport":"RUNNING","subSport":"GENERIC","weeklyTrainingLoadSum":1621,"loadTunnelMin":559,"loadTunnelMax":1258,"trainingStatus":"NO_STATUS","fitnessLevelTrend":"NO_RESULT","loadLevelTrend":"INCREASING","trainingStatusFeedbackPhrase":"NO_STATUS_AER_LOW_SHORT"},{"userProfilePK":87578117,"calendarDate":"2020-09-17","deviceId":3324959462,"timestamp":"2020-09-17T05:49:48.0","sport":"RUNNING","subSport":"GENERIC","weeklyTrainingLoadSum":1730,"loadTunnelMin":559,"loadTunnelMax":1258,"trainingStatus":"NO_STATUS","fitnessLevelTrend":"NO_RESULT","loadLevelTrend":"INCREASING","trainingStatusFeedbackPhrase":"NO_STATUS_AER_LOW_SHORT"},{"userProfilePK":87578117,"calendarDate":"2020-09-18","deviceId":3324959462,"timestamp":"2020-09-17T22:04:48.0","sport":"RUNNING","subSport":"GENERIC","weeklyTrainingLoadSum":1626,"loadTunnelMin":559,"loadTunnelMax":1258,"trainingStatus":"NO_STATUS","fitnessLevelTrend":"NO_RESULT","loadLevelTrend":"INCREASING","trainingStatusFeedbackPhrase":"NO_STATUS_AER_LOW_SHORT"},{"userProfilePK":87578117,"calendarDate":"2020-09-19","deviceId":3324959462,"timestamp":"2020-09-18T23:13:44.0","sport":"RUNNING","subSport":"GENERIC","weeklyTrainingLoadSum":1621,"loadTunnelMin":559,"loadTunnelMax":1258,"trainingStatus":"NO_STATUS","fitnessLevelTrend":"NO_RESULT","loadLevelTrend":"INCREASING","trainingStatusFeedbackPhrase":"NO_STATUS_AER_LOW_SHORT"},{"userProfilePK":87578117,"calendarDate":"2020-09-19","deviceId":3324959462,"timestamp":"2020-09-19T08:08:17.0","sport":"RUNNING","subSport":"GENERIC","weeklyTrainingLoadSum":2281,"loadTunnelMin":722,"loadTunnelMax":1540,"trainingStatus":"PRODUCTIVE","fitnessLevelTrend":"INCREASING","loadLevelTrend":"INCREASING","trainingStatusFeedbackPhrase":"PRODUCTIVE_AER_LOW_SHORT"},{"userProfilePK":87578117,"calendarDate":"2020-09-20","deviceId":3324959462,"timestamp":"2020-09-19T22:04:50.0","sport":"RUNNING","subSport":"GENERIC","weeklyTrainingLoadSum":930,"loadTunnelMin":722,"loadTunnelMax":1540,"trainingStatus":"PRODUCTIVE","fitnessLevelTrend":"INCREASING","loadLevelTrend":"NO_CHANGE","trainingStatusFeedbackPhrase":"PRODUCTIVE_AER_LOW_SHORT"},{"userProfilePK":87578117,"calendarDate":"2020-09-20","deviceId":3324959462,"timestamp":"2020-09-20T16:50:23.0","sport":"RUNNING","subSport":"GENERIC","weeklyTrainingLoadSum":1001,"loadTunnelMin":722,"loadTunnelMax":1540,"trainingStatus":"PRODUCTIVE","fitnessLevelTrend":"INCREASING","loadLevelTrend":"NO_CHANGE","trainingStatusFeedbackPhrase":"PRODUCTIVE_AER_LOW_SHORT"},{"userProfilePK":87578117,"calendarDate":"2020-09-20","deviceId":3324959462,"timestamp":"2020-09-20T16:51:05.0","sport":"RUNNING","subSport":"GENERIC","weeklyTrainingLoadSum":1002,"loadTunnelMin":722,"loadTunnelMax":1540,"trainingStatus":"PRODUCTIVE","fitnessLevelTrend":"INCREASING","loadLevelTrend":"NO_CHANGE","trainingStatusFeedbackPhrase":"PRODUCTIVE_AER_LOW_SHORT"},{"userProfilePK":87578117,"calendarDate":"2020-09-21","deviceId":3324959462,"timestamp":"2020-09-20T22:04:51.0","sport":"RUNNING","subSport":"GENERIC","weeklyTrainingLoadSum":922,"loadTunnelMin":722,"loadTunnelMax":1540,"trainingStatus":"PRODUCTIVE","fitnessLevelTrend":"INCREASING","loadLevelTrend":"NO_CHANGE","trainingStatusFeedbackPhrase":"PRODUCTIVE_AER_LOW_SHORT"},{"userProfilePK":87578117,"calendarDate":"2020-09-22","deviceId":3324959462,"timestamp":"2020-09-21T22:04:52.0","sport":"RUNNING","subSport":"GENERIC","weeklyTrainingLoadSum":881,"loadTunnelMin":722,"loadTunnelMax":1540,"trainingStatus":"PRODUCTIVE","fitnessLevelTrend":"INCREASING","loadLevelTrend":"NO_CHANGE","trainingStatusFeedbackPhrase":"PRODUCTIVE_AER_LOW_SHORT"},{"userProfilePK":87578117,"calendarDate":"2020-09-23","deviceId":3324959462,"timestamp":"2020-09-22T22:04:53.0","sport":"RUNNING","subSport":"GENERIC","weeklyTrainingLoadSum":881,"loadTunnelMin":722,"loadTunnelMax":1540,"trainingStatus":"PRODUCTIVE","fitnessLevelTrend":"INCREASING","loadLevelTrend":"NO_CHANGE","trainingStatusFeedbackPhrase":"PRODUCTIVE_AER_LOW_SHORT"},{"userProfilePK":87578117,"calendarDate":"2020-09-23","deviceId":3324959462,"timestamp":"2020-09-23T05:49:15.0","sport":"RUNNING","subSport":"GENERIC","weeklyTrainingLoadSum":987,"loadTunnelMin":722,"loadTunnelMax":1540,"trainingStatus":"PRODUCTIVE","fitnessLevelTrend":"INCREASING","loadLevelTrend":"NO_CHANGE","trainingStatusFeedbackPhrase":"PRODUCTIVE_AER_LOW_SHORT"},{"userProfilePK":87578117,"calendarDate":"2020-09-24","deviceId":3324959462,"timestamp":"2020-09-23T22:04:55.0","sport":"RUNNING","subSport":"GENERIC","weeklyTrainingLoadSum":878,"loadTunnelMin":722,"loadTunnelMax":1540,"trainingStatus":"PRODUCTIVE","fitnessLevelTrend":"INCREASING","loadLevelTrend":"NO_CHANGE","trainingStatusFeedbackPhrase":"PRODUCTIVE_AER_LOW_SHORT"},{"userProfilePK":87578117,"calendarDate":"2020-09-25","deviceId":3324959462,"timestamp":"2020-09-24T22:04:56.0","sport":"RUNNING","subSport":"GENERIC","weeklyTrainingLoadSum":878,"loadTunnelMin":722,"loadTunnelMax":1540,"trainingStatus":"PRODUCTIVE","fitnessLevelTrend":"INCREASING","loadLevelTrend":"NO_CHANGE","trainingStatusFeedbackPhrase":"PRODUCTIVE_AER_LOW_SHORT"},{"userProfilePK":87578117,"calendarDate":"2020-09-25","deviceId":3324959462,"timestamp":"2020-09-25T06:26:22.0","sport":"RUNNING","subSport":"GENERIC","weeklyTrainingLoadSum":936,"loadTunnelMin":722,"loadTunnelMax":1540,"trainingStatus":"PRODUCTIVE","fitnessLevelTrend":"INCREASING","loadLevelTrend":"NO_CHANGE","trainingStatusFeedbackPhrase":"PRODUCTIVE_AER_LOW_SHORT"},{"userProfilePK":87578117,"calendarDate":"2020-09-25","deviceId":3324959462,"timestamp":"2020-09-25T17:15:51.0","sport":"RUNNING","subSport":"GENERIC","weeklyTrainingLoadSum":1114,"loadTunnelMin":722,"loadTunnelMax":1540,"trainingStatus":"PRODUCTIVE","fitnessLevelTrend":"INCREASING","loadLevelTrend":"NO_CHANGE","trainingStatusFeedbackPhrase":"PRODUCTIVE_AER_LOW_SHORT"},{"userProfilePK":87578117,"calendarDate":"2020-09-25","deviceId":3324959462,"timestamp":"2020-09-25T17:28:12.0","sport":"RUNNING","subSport":"GENERIC","weeklyTrainingLoadSum":1144,"loadTunnelMin":722,"loadTunnelMax":1540,"trainingStatus":"PRODUCTIVE","fitnessLevelTrend":"INCREASING","loadLevelTrend":"NO_CHANGE","trainingStatusFeedbackPhrase":"PRODUCTIVE_AER_LOW_SHORT"},{"userProfilePK":87578117,"calendarDate":"2020-09-26","deviceId":3324959462,"timestamp":"2020-09-25T22:04:57.0","sport":"RUNNING","subSport":"GENERIC","weeklyTrainingLoadSum":444,"loadTunnelMin":722,"loadTunnelMax":1540,"trainingStatus":"PRODUCTIVE","fitnessLevelTrend":"INCREASING","loadLevelTrend":"DECREASING","trainingStatusFeedbackPhrase":"PRODUCTIVE_AER_LOW_SHORT"},{"userProfilePK":87578117,"calendarDate":"2020-09-26","deviceId":3324959462,"timestamp":"2020-09-26T06:58:46.0","sport":"RUNNING","subSport":"GENERIC","weeklyTrainingLoadSum":576,"loadTunnelMin":722,"loadTunnelMax":1540,"trainingStatus":"PEAKING","fitnessLevelTrend":"INCREASING","loadLevelTrend":"DECREASING","trainingStatusFeedbackPhrase":"PEAKING_AER_LOW_SHORT"},{"userProfilePK":87578117,"calendarDate":"2020-09-26","deviceId":3324959462,"timestamp":"2020-09-26T07:32:59.0","sport":"RUNNING","subSport":"GENERIC","weeklyTrainingLoadSum":722,"loadTunnelMin":722,"loadTunnelMax":1540,"trainingStatus":"PEAKING","fitnessLevelTrend":"INCREASING","loadLevelTrend":"DECREASING","trainingStatusFeedbackPhrase":"PEAKING_AER_LOW_SHORT"},{"userProfilePK":87578117,"calendarDate":"2020-09-27","deviceId":3324959462,"timestamp":"2020-09-26T22:06:00.0","sport":"RUNNING","subSport":"GENERIC","weeklyTrainingLoadSum":650,"loadTunnelMin":722,"loadTunnelMax":1540,"trainingStatus":"PEAKING","fitnessLevelTrend":"INCREASING","loadLevelTrend":"DECREASING","trainingStatusFeedbackPhrase":"PEAKING_AER_LOW_SHORT"},{"userProfilePK":87578117,"calendarDate":"2020-09-27","deviceId":3324959462,"timestamp":"2020-09-27T09:10:01.0","sport":"RUNNING","subSport":"GENERIC","weeklyTrainingLoadSum":768,"loadTunnelMin":722,"loadTunnelMax":1540,"trainingStatus":"RECOVERY","fitnessLevelTrend":"NO_CHANGE","loadLevelTrend":"DECREASING","trainingStatusFeedbackPhrase":"RECOVERY_AER_LOW_SHORT"},{"userProfilePK":87578117,"calendarDate":"2020-09-28","deviceId":3324959462,"timestamp":"2020-09-27T22:06:00.0","sport":"RUNNING","subSport":"GENERIC","weeklyTrainingLoadSum":768,"loadTunnelMin":722,"loadTunnelMax":1540,"trainingStatus":"RECOVERY","fitnessLevelTrend":"NO_CHANGE","loadLevelTrend":"DECREASING","trainingStatusFeedbackPhrase":"RECOVERY_AER_LOW_SHORT"},{"userProfilePK":87578117,"calendarDate":"2020-09-29","deviceId":3324959462,"timestamp":"2020-09-28T22:06:01.0","sport":"RUNNING","subSport":"GENERIC","weeklyTrainingLoadSum":768,"loadTunnelMin":722,"loadTunnelMax":1540,"trainingStatus":"RECOVERY","fitnessLevelTrend":"NO_CHANGE","loadLevelTrend":"DECREASING","trainingStatusFeedbackPhrase":"RECOVERY_AER_LOW_SHORT"},{"userProfilePK":87578117,"calendarDate":"2020-09-29","deviceId":3324959462,"timestamp":"2020-09-29T05:43:10.0","sport":"RUNNING","subSport":"GENERIC","weeklyTrainingLoadSum":873,"loadTunnelMin":722,"loadTunnelMax":1540,"trainingStatus":"PEAKING","fitnessLevelTrend":"INCREASING","loadLevelTrend":"DECREASING","trainingStatusFeedbackPhrase":"PEAKING_AER_LOW_SHORT"},{"userProfilePK":87578117,"calendarDate":"2020-09-30","deviceId":3324959462,"timestamp":"2020-09-29T22:06:03.0","sport":"RUNNING","subSport":"GENERIC","weeklyTrainingLoadSum":767,"loadTunnelMin":722,"loadTunnelMax":1540,"trainingStatus":"PEAKING","fitnessLevelTrend":"INCREASING","loadLevelTrend":"DECREASING","trainingStatusFeedbackPhrase":"PEAKING_AER_LOW_SHORT"},{"userProfilePK":87578117,"calendarDate":"2020-09-30","deviceId":3324959462,"timestamp":"2020-09-30T11:09:00.0","sport":"RUNNING","subSport":"GENERIC","weeklyTrainingLoadSum":767,"loadTunnelMin":722,"loadTunnelMax":1540,"trainingStatus":"PEAKING","fitnessLevelTrend":"INCREASING","loadLevelTrend":"DECREASING","trainingStatusFeedbackPhrase":"PEAKING_AER_LOW_SHORT"},{"userProfilePK":87578117,"calendarDate":"2020-09-30","deviceId":3324959462,"timestamp":"2020-09-30T11:36:50.0","sport":"RUNNING","subSport":"GENERIC","weeklyTrainingLoadSum":787,"loadTunnelMin":722,"loadTunnelMax":1540,"trainingStatus":"PEAKING","fitnessLevelTrend":"INCREASING","loadLevelTrend":"DECREASING","trainingStatusFeedbackPhrase":"PEAKING_AER_LOW_SHORT"},{"userProfilePK":87578117,"calendarDate":"2020-10-01","deviceId":3324959462,"timestamp":"2020-09-30T22:06:04.0","sport":"RUNNING","subSport":"GENERIC","weeklyTrainingLoadSum":787,"loadTunnelMin":722,"loadTunnelMax":1540,"trainingStatus":"PEAKING","fitnessLevelTrend":"INCREASING","loadLevelTrend":"DECREASING","trainingStatusFeedbackPhrase":"PEAKING_AER_LOW_SHORT"},{"userProfilePK":87578117,"calendarDate":"2020-10-02","deviceId":3324959462,"timestamp":"2020-10-01T22:06:05.0","sport":"RUNNING","subSport":"GENERIC","weeklyTrainingLoadSum":521,"loadTunnelMin":722,"loadTunnelMax":1540,"trainingStatus":"PEAKING","fitnessLevelTrend":"INCREASING","loadLevelTrend":"DECREASING","trainingStatusFeedbackPhrase":"PEAKING_AER_LOW_SHORT"},{"userProfilePK":87578117,"calendarDate":"2020-10-02","deviceId":3324959462,"timestamp":"2020-10-02T06:03:54.0","sport":"RUNNING","subSport":"GENERIC","weeklyTrainingLoadSum":607,"loadTunnelMin":722,"loadTunnelMax":1540,"trainingStatus":"MAINTAINING","fitnessLevelTrend":"INCREASING","loadLevelTrend":"DECREASING","trainingStatusFeedbackPhrase":"MAINTAINING_AER_LOW_SHORT"},{"userProfilePK":87578117,"calendarDate":"2020-10-03","deviceId":3324959462,"timestamp":"2020-10-02T22:06:07.0","sport":"RUNNING","subSport":"GENERIC","weeklyTrainingLoadSum":329,"loadTunnelMin":559,"loadTunnelMax":1258,"trainingStatus":"MAINTAINING","fitnessLevelTrend":"INCREASING","loadLevelTrend":"DECREASING","trainingStatusFeedbackPhrase":"MAINTAINING_AER_LOW_SHORT"},{"userProfilePK":87578117,"calendarDate":"2020-10-03","deviceId":3324959462,"timestamp":"2020-10-03T09:51:43.0","sport":"RUNNING","subSport":"GENERIC","weeklyTrainingLoadSum":344,"loadTunnelMin":559,"loadTunnelMax":1258,"trainingStatus":"MAINTAINING","fitnessLevelTrend":"INCREASING","loadLevelTrend":"DECREASING","trainingStatusFeedbackPhrase":"MAINTAINING_AER_LOW_SHORT"},{"userProfilePK":87578117,"calendarDate":"2020-10-04","deviceId":3324959462,"timestamp":"2020-10-03T22:06:08.0","sport":"RUNNING","subSport":"GENERIC","weeklyTrainingLoadSum":226,"loadTunnelMin":559,"loadTunnelMax":1258,"trainingStatus":"MAINTAINING","fitnessLevelTrend":"INCREASING","loadLevelTrend":"DECREASING","trainingStatusFeedbackPhrase":"MAINTAINING_AER_LOW_SHORT"},{"userProfilePK":87578117,"calendarDate":"2020-10-04","deviceId":3324959462,"timestamp":"2020-10-04T15:06:43.0","sport":"RUNNING","subSport":"GENERIC","weeklyTrainingLoadSum":226,"loadTunnelMin":559,"loadTunnelMax":1258,"trainingStatus":"MAINTAINING","fitnessLevelTrend":"INCREASING","loadLevelTrend":"DECREASING","trainingStatusFeedbackPhrase":"MAINTAINING_AER_LOW_SHORT"},{"userProfilePK":87578117,"calendarDate":"2020-10-05","deviceId":3324959462,"timestamp":"2020-10-04T22:06:09.0","sport":"RUNNING","subSport":"GENERIC","weeklyTrainingLoadSum":226,"loadTunnelMin":559,"loadTunnelMax":1258,"trainingStatus":"MAINTAINING","fitnessLevelTrend":"INCREASING","loadLevelTrend":"DECREASING","trainingStatusFeedbackPhrase":"MAINTAINING_AER_LOW_SHORT"},{"userProfilePK":87578117,"calendarDate":"2020-10-06","deviceId":3324959462,"timestamp":"2020-10-05T22:06:10.0","sport":"RUNNING","subSport":"GENERIC","weeklyTrainingLoadSum":121,"loadTunnelMin":559,"loadTunnelMax":1258,"trainingStatus":"MAINTAINING","fitnessLevelTrend":"INCREASING","loadLevelTrend":"DECREASING","trainingStatusFeedbackPhrase":"MAINTAINING_AER_LOW_SHORT"},{"userProfilePK":87578117,"calendarDate":"2020-10-06","deviceId":3324959462,"timestamp":"2020-10-06T06:19:22.0","sport":"RUNNING","subSport":"GENERIC","weeklyTrainingLoadSum":240,"loadTunnelMin":722,"loadTunnelMax":1540,"trainingStatus":"MAINTAINING","fitnessLevelTrend":"NO_CHANGE","loadLevelTrend":"DECREASING","trainingStatusFeedbackPhrase":"MAINTAINING_AER_LOW_SHORT"},{"userProfilePK":87578117,"calendarDate":"2020-10-07","deviceId":3324959462,"timestamp":"2020-10-06T22:06:11.0","sport":"RUNNING","subSport":"GENERIC","weeklyTrainingLoadSum":220,"loadTunnelMin":722,"loadTunnelMax":1540,"trainingStatus":"MAINTAINING","fitnessLevelTrend":"NO_CHANGE","loadLevelTrend":"DECREASING","trainingStatusFeedbackPhrase":"MAINTAINING_AER_LOW_SHORT"},{"userProfilePK":87578117,"calendarDate":"2020-10-08","deviceId":3324959462,"timestamp":"2020-10-07T22:06:11.0","sport":"RUNNING","subSport":"GENERIC","weeklyTrainingLoadSum":220,"loadTunnelMin":722,"loadTunnelMax":1540,"trainingStatus":"MAINTAINING","fitnessLevelTrend":"NO_CHANGE","loadLevelTrend":"DECREASING","trainingStatusFeedbackPhrase":"MAINTAINING_AER_LOW_SHORT"},{"userProfilePK":87578117,"calendarDate":"2020-10-08","deviceId":3324959462,"timestamp":"2020-10-08T05:51:33.0","sport":"RUNNING","subSport":"GENERIC","weeklyTrainingLoadSum":319,"loadTunnelMin":722,"loadTunnelMax":1540,"trainingStatus":"MAINTAINING","fitnessLevelTrend":"INCREASING","loadLevelTrend":"DECREASING","trainingStatusFeedbackPhrase":"MAINTAINING_AER_LOW_SHORT"},{"userProfilePK":87578117,"calendarDate":"2020-10-09","deviceId":3324959462,"timestamp":"2020-10-08T22:06:13.0","sport":"RUNNING","subSport":"GENERIC","weeklyTrainingLoadSum":233,"loadTunnelMin":722,"loadTunnelMax":1540,"trainingStatus":"MAINTAINING","fitnessLevelTrend":"INCREASING","loadLevelTrend":"DECREASING","trainingStatusFeedbackPhrase":"MAINTAINING_AER_LOW_SHORT"},{"userProfilePK":87578117,"calendarDate":"2020-10-10","deviceId":3324959462,"timestamp":"2020-10-09T22:06:14.0","sport":"RUNNING","subSport":"GENERIC","weeklyTrainingLoadSum":218,"loadTunnelMin":722,"loadTunnelMax":1540,"trainingStatus":"MAINTAINING","fitnessLevelTrend":"INCREASING","loadLevelTrend":"DECREASING","trainingStatusFeedbackPhrase":"MAINTAINING_AER_LOW_SHORT"},{"userProfilePK":87578117,"calendarDate":"2020-10-11","deviceId":3324959462,"timestamp":"2020-10-10T22:06:15.0","sport":"RUNNING","subSport":"GENERIC","weeklyTrainingLoadSum":218,"loadTunnelMin":446,"loadTunnelMax":988,"trainingStatus":"MAINTAINING","fitnessLevelTrend":"INCREASING","loadLevelTrend":"DECREASING","trainingStatusFeedbackPhrase":"MAINTAINING_AER_LOW_SHORT"},{"userProfilePK":87578117,"calendarDate":"2020-10-12","deviceId":3324959462,"timestamp":"2020-10-11T22:06:16.0","sport":"RUNNING","subSport":"GENERIC","weeklyTrainingLoadSum":218,"loadTunnelMin":360,"loadTunnelMax":794,"trainingStatus":"MAINTAINING","fitnessLevelTrend":"INCREASING","loadLevelTrend":"DECREASING","trainingStatusFeedbackPhrase":"MAINTAINING_AER_LOW_SHORT"},{"userProfilePK":87578117,"calendarDate":"2020-10-13","deviceId":3324959462,"timestamp":"2020-10-12T22:06:17.0","sport":"RUNNING","subSport":"GENERIC","weeklyTrainingLoadSum":99,"loadTunnelMin":360,"loadTunnelMax":794,"trainingStatus":"MAINTAINING","fitnessLevelTrend":"NO_CHANGE","loadLevelTrend":"DECREASING","trainingStatusFeedbackPhrase":"MAINTAINING_AER_LOW_SHORT"},{"userProfilePK":87578117,"calendarDate":"2020-10-14","deviceId":3324959462,"timestamp":"2020-10-13T22:06:18.0","sport":"RUNNING","subSport":"GENERIC","weeklyTrainingLoadSum":99,"loadTunnelMin":360,"loadTunnelMax":794,"trainingStatus":"MAINTAINING","fitnessLevelTrend":"NO_CHANGE","loadLevelTrend":"DECREASING","trainingStatusFeedbackPhrase":"MAINTAINING_AER_LOW_SHORT"},{"userProfilePK":87578117,"calendarDate":"2020-10-15","deviceId":3324959462,"timestamp":"2020-10-14T22:06:19.0","sport":"RUNNING","subSport":"GENERIC","weeklyTrainingLoadSum":0,"loadTunnelMin":360,"loadTunnelMax":794,"trainingStatus":"DETRAINING","fitnessLevelTrend":"NO_CHANGE","loadLevelTrend":"DECREASING","trainingStatusFeedbackPhrase":"DETRAINING_AER_LOW_SHORT"},{"userProfilePK":87578117,"calendarDate":"2020-10-16","deviceId":3324959462,"timestamp":"2020-10-15T22:06:20.0","sport":"RUNNING","subSport":"GENERIC","weeklyTrainingLoadSum":0,"loadTunnelMin":360,"loadTunnelMax":794,"trainingStatus":"DETRAINING","fitnessLevelTrend":"NO_CHANGE","loadLevelTrend":"DECREASING","trainingStatusFeedbackPhrase":"DETRAINING_AER_LOW_SHORT"},{"userProfilePK":87578117,"calendarDate":"2020-10-17","deviceId":3324959462,"timestamp":"2020-10-16T22:06:21.0","sport":"RUNNING","subSport":"GENERIC","weeklyTrainingLoadSum":0,"loadTunnelMin":226,"loadTunnelMax":484,"trainingStatus":"DETRAINING","fitnessLevelTrend":"NO_CHANGE","loadLevelTrend":"DECREASING","trainingStatusFeedbackPhrase":"DETRAINING_AER_LOW_SHORT"},{"userProfilePK":87578117,"calendarDate":"2020-10-17","deviceId":3324959462,"timestamp":"2020-10-17T09:35:43.0","sport":"RUNNING","subSport":"GENERIC","weeklyTrainingLoadSum":22,"loadTunnelMin":226,"loadTunnelMax":484,"trainingStatus":"MAINTAINING","fitnessLevelTrend":"NO_CHANGE","loadLevelTrend":"DECREASING","trainingStatusFeedbackPhrase":"MAINTAINING_AER_LOW_SHORT"},{"userProfilePK":87578117,"calendarDate":"2020-10-17","deviceId":3324959462,"timestamp":"2020-10-17T10:20:48.0","sport":"RUNNING","subSport":"GENERIC","weeklyTrainingLoadSum":29,"loadTunnelMin":226,"loadTunnelMax":484,"trainingStatus":"MAINTAINING","fitnessLevelTrend":"NO_CHANGE","loadLevelTrend":"DECREASING","trainingStatusFeedbackPhrase":"MAINTAINING_AER_LOW_SHORT"},{"userProfilePK":87578117,"calendarDate":"2020-10-18","deviceId":3324959462,"timestamp":"2020-10-17T22:06:24.0","sport":"RUNNING","subSport":"GENERIC","weeklyTrainingLoadSum":29,"loadTunnelMin":226,"loadTunnelMax":484,"trainingStatus":"MAINTAINING","fitnessLevelTrend":"NO_CHANGE","loadLevelTrend":"DECREASING","trainingStatusFeedbackPhrase":"MAINTAINING_AER_LOW_SHORT"},{"userProfilePK":87578117,"calendarDate":"2020-10-18","deviceId":3324959462,"timestamp":"2020-10-18T18:27:47.0","sport":"RUNNING","subSport":"GENERIC","weeklyTrainingLoadSum":340,"loadTunnelMin":281,"loadTunnelMax":640,"trainingStatus":"MAINTAINING","fitnessLevelTrend":"NO_CHANGE","loadLevelTrend":"NO_CHANGE","trainingStatusFeedbackPhrase":"MAINTAINING_AER_LOW_SHORT"},{"userProfilePK":87578117,"calendarDate":"2020-10-19","deviceId":3324959462,"timestamp":"2020-10-18T22:06:25.0","sport":"RUNNING","subSport":"GENERIC","weeklyTrainingLoadSum":340,"loadTunnelMin":281,"loadTunnelMax":640,"trainingStatus":"MAINTAINING","fitnessLevelTrend":"NO_CHANGE","loadLevelTrend":"NO_CHANGE","trainingStatusFeedbackPhrase":"MAINTAINING_AER_LOW_SHORT"},{"userProfilePK":87578117,"calendarDate":"2020-10-20","deviceId":3324959462,"timestamp":"2020-10-19T22:06:26.0","sport":"RUNNING","subSport":"GENERIC","weeklyTrainingLoadSum":340,"loadTunnelMin":281,"loadTunnelMax":640,"trainingStatus":"MAINTAINING","fitnessLevelTrend":"NO_CHANGE","loadLevelTrend":"NO_CHANGE","trainingStatusFeedbackPhrase":"MAINTAINING_AER_LOW_SHORT"},{"userProfilePK":87578117,"calendarDate":"2020-10-20","deviceId":3324959462,"timestamp":"2020-10-20T18:33:44.0","sport":"RUNNING","subSport":"GENERIC","weeklyTrainingLoadSum":421,"loadTunnelMin":281,"loadTunnelMax":640,"trainingStatus":"PRODUCTIVE","fitnessLevelTrend":"INCREASING","loadLevelTrend":"NO_CHANGE","trainingStatusFeedbackPhrase":"PRODUCTIVE_AER_LOW_SHORT"},{"userProfilePK":87578117,"calendarDate":"2020-10-21","deviceId":3324959462,"timestamp":"2020-10-20T22:06:27.0","sport":"RUNNING","subSport":"GENERIC","weeklyTrainingLoadSum":421,"loadTunnelMin":281,"loadTunnelMax":640,"trainingStatus":"PRODUCTIVE","fitnessLevelTrend":"INCREASING","loadLevelTrend":"NO_CHANGE","trainingStatusFeedbackPhrase":"PRODUCTIVE_AER_LOW_SHORT"},{"userProfilePK":87578117,"calendarDate":"2020-10-22","deviceId":3324959462,"timestamp":"2020-10-21T22:06:29.0","sport":"RUNNING","subSport":"GENERIC","weeklyTrainingLoadSum":421,"loadTunnelMin":281,"loadTunnelMax":640,"trainingStatus":"PRODUCTIVE","fitnessLevelTrend":"INCREASING","loadLevelTrend":"NO_CHANGE","trainingStatusFeedbackPhrase":"PRODUCTIVE_AER_LOW_SHORT"},{"userProfilePK":87578117,"calendarDate":"2020-10-23","deviceId":3324959462,"timestamp":"2020-10-22T22:06:30.0","sport":"RUNNING","subSport":"GENERIC","weeklyTrainingLoadSum":421,"loadTunnelMin":226,"loadTunnelMax":484,"trainingStatus":"PRODUCTIVE","fitnessLevelTrend":"INCREASING","loadLevelTrend":"INCREASING","trainingStatusFeedbackPhrase":"PRODUCTIVE_AER_LOW_SHORT"},{"userProfilePK":87578117,"calendarDate":"2020-10-24","deviceId":3324959462,"timestamp":"2020-10-23T22:06:31.0","sport":"RUNNING","subSport":"GENERIC","weeklyTrainingLoadSum":392,"loadTunnelMin":176,"loadTunnelMax":396,"trainingStatus":"PRODUCTIVE","fitnessLevelTrend":"INCREASING","loadLevelTrend":"INCREASING","trainingStatusFeedbackPhrase":"PRODUCTIVE_AER_LOW_SHORT"},{"userProfilePK":87578117,"calendarDate":"2020-10-24","deviceId":3324959462,"timestamp":"2020-10-24T04:55:02.0","sport":"RUNNING","subSport":"GENERIC","weeklyTrainingLoadSum":392,"loadTunnelMin":176,"loadTunnelMax":396,"trainingStatus":"PRODUCTIVE","fitnessLevelTrend":"INCREASING","loadLevelTrend":"INCREASING","trainingStatusFeedbackPhrase":"PRODUCTIVE_AER_LOW_SHORT"},{"userProfilePK":87578117,"calendarDate":"2020-10-24","deviceId":3324959462,"timestamp":"2020-10-24T11:43:52.0","sport":"RUNNING","subSport":"GENERIC","weeklyTrainingLoadSum":407,"loadTunnelMin":176,"loadTunnelMax":396,"trainingStatus":"PRODUCTIVE","fitnessLevelTrend":"INCREASING","loadLevelTrend":"INCREASING","trainingStatusFeedbackPhrase":"PRODUCTIVE_AER_LOW_SHORT"},{"userProfilePK":87578117,"calendarDate":"2020-10-25","deviceId":3324959462,"timestamp":"2020-10-24T22:06:33.0","sport":"RUNNING","subSport":"GENERIC","weeklyTrainingLoadSum":96,"loadTunnelMin":176,"loadTunnelMax":396,"trainingStatus":"RECOVERY","fitnessLevelTrend":"NO_CHANGE","loadLevelTrend":"DECREASING","trainingStatusFeedbackPhrase":"RECOVERY_AER_LOW_SHORT"},{"userProfilePK":87578117,"calendarDate":"2020-10-26","deviceId":3324959462,"timestamp":"2020-10-25T23:06:34.0","sport":"RUNNING","subSport":"GENERIC","weeklyTrainingLoadSum":96,"loadTunnelMin":176,"loadTunnelMax":396,"trainingStatus":"RECOVERY","fitnessLevelTrend":"NO_CHANGE","loadLevelTrend":"DECREASING","trainingStatusFeedbackPhrase":"RECOVERY_AER_LOW_SHORT"},{"userProfilePK":87578117,"calendarDate":"2020-10-27","deviceId":3324959462,"timestamp":"2020-10-26T23:06:35.0","sport":"RUNNING","subSport":"GENERIC","weeklyTrainingLoadSum":15,"loadTunnelMin":176,"loadTunnelMax":396,"trainingStatus":"RECOVERY","fitnessLevelTrend":"NO_CHANGE","loadLevelTrend":"DECREASING","trainingStatusFeedbackPhrase":"RECOVERY_BELOW_TARGETS"},{"userProfilePK":87578117,"calendarDate":"2020-10-28","deviceId":3324959462,"timestamp":"2020-10-27T23:06:36.0","sport":"RUNNING","subSport":"GENERIC","weeklyTrainingLoadSum":15,"loadTunnelMin":176,"loadTunnelMax":396,"trainingStatus":"RECOVERY","fitnessLevelTrend":"NO_CHANGE","loadLevelTrend":"DECREASING","trainingStatusFeedbackPhrase":"RECOVERY_BELOW_TARGETS"},{"userProfilePK":87578117,"calendarDate":"2020-10-29","deviceId":3324959462,"timestamp":"2020-10-28T23:06:37.0","sport":"RUNNING","subSport":"GENERIC","weeklyTrainingLoadSum":15,"loadTunnelMin":176,"loadTunnelMax":396,"trainingStatus":"RECOVERY","fitnessLevelTrend":"NO_CHANGE","loadLevelTrend":"DECREASING","trainingStatusFeedbackPhrase":"RECOVERY_BELOW_TARGETS"}]