[{"userProfilePK":87578117,"calendarDate":"2021-05-17","deviceId":3324959462,"timestamp":"2021-05-16T22:19:34.0","sport":"RUNNING","subSport":"GENERIC","weeklyTrainingLoadSum":638,"loadTunnelMin":559,"loadTunnelMax":1258,"trainingStatus":"MAINTAINING","fitnessLevelTrend":"NO_CHANGE","loadLevelTrend":"DECREASING","trainingStatusFeedbackPhrase":"MAINTAINING_AER_LOW_SHORT"},{"userProfilePK":87578117,"calendarDate":"2021-05-18","deviceId":3324959462,"timestamp":"2021-05-17T22:19:36.0","sport":"RUNNING","subSport":"GENERIC","weeklyTrainingLoadSum":638,"loadTunnelMin":559,"loadTunnelMax":1258,"trainingStatus":"MAINTAINING","fitnessLevelTrend":"NO_CHANGE","loadLevelTrend":"DECREASING","trainingStatusFeedbackPhrase":"MAINTAINING_AER_LOW_SHORT"},{"userProfilePK":87578117,"calendarDate":"2021-05-19","deviceId":3324959462,"timestamp":"2021-05-18T22:19:37.0","sport":"RUNNING","subSport":"GENERIC","weeklyTrainingLoadSum":638,"loadTunnelMin":559,"loadTunnelMax":1258,"trainingStatus":"MAINTAINING","fitnessLevelTrend":"NO_CHANGE","loadLevelTrend":"DECREASING","trainingStatusFeedbackPhrase":"MAINTAINING_AER_LOW_SHORT"},{"userProfilePK":87578117,"calendarDate":"2021-05-20","deviceId":3324959462,"timestamp":"2021-05-19T22:19:39.0","sport":"RUNNING","subSport":"GENERIC","weeklyTrainingLoadSum":638,"loadTunnelMin":559,"loadTunnelMax":1258,"trainingStatus":"MAINTAINING","fitnessLevelTrend":"NO_CHANGE","loadLevelTrend":"NO_CHANGE","trainingStatusFeedbackPhrase":"MAINTAINING_AER_LOW_SHORT"},{"userProfilePK":87578117,"calendarDate":"2021-05-20","deviceId":3324959462,"timestamp":"2021-05-20T06:03:58.0","sport":"RUNNING","subSport":"GENERIC","weeklyTrainingLoadSum":791,"loadTunnelMin":559,"loadTunnelMax":1258,"trainingStatus":"MAINTAINING","fitnessLevelTrend":"NO_CHANGE","loadLevelTrend":"NO_CHANGE","trainingStatusFeedbackPhrase":"MAINTAINING_AER_LOW_SHORT"},{"userProfilePK":87578117,"calendarDate":"2021-05-21","deviceId":3324959462,"timestamp":"2021-05-20T22:19:40.0","sport":"RUNNING","subSport":"GENERIC","weeklyTrainingLoadSum":618,"loadTunnelMin":559,"loadTunnelMax":1258,"trainingStatus":"RECOVERY","fitnessLevelTrend":"NO_CHANGE","loadLevelTrend":"DECREASING","trainingStatusFeedbackPhrase":"RECOVERY_AER_LOW_SHORT"},{"userProfilePK":87578117,"calendarDate":"2021-05-21","deviceId":3324959462,"timestamp":"2021-05-21T06:41:24.0","sport":"RUNNING","subSport":"GENERIC","weeklyTrainingLoadSum":698,"loadTunnelMin":559,"loadTunnelMax":1258,"trainingStatus":"MAINTAINING","fitnessLevelTrend":"NO_CHANGE","loadLevelTrend":"NO_CHANGE","trainingStatusFeedbackPhrase":"MAINTAINING_AER_LOW_SHORT"},{"userProfilePK":87578117,"calendarDate":"2021-05-22","deviceId":3324959462,"timestamp":"2021-05-21T22:19:42.0","sport":"RUNNING","subSport":"GENERIC","weeklyTrainingLoadSum":233,"loadTunnelMin":360,"loadTunnelMax":794,"trainingStatus":"RECOVERY","fitnessLevelTrend":"NO_CHANGE","loadLevelTrend":"DECREASING","trainingStatusFeedbackPhrase":"RECOVERY_AER_LOW_SHORT"},{"userProfilePK":87578117,"calendarDate":"2021-05-23","deviceId":3324959462,"timestamp":"2021-05-22T22:19:43.0","sport":"RUNNING","subSport":"GENERIC","weeklyTrainingLoadSum":233,"loadTunnelMin":360,"loadTunnelMax":794,"trainingStatus":"RECOVERY","fitnessLevelTrend":"NO_CHANGE","loadLevelTrend":"DECREASING","trainingStatusFeedbackPhrase":"RECOVERY_AER_LOW_SHORT"},{"userProfilePK":87578117,"calendarDate":"2021-05-23","deviceId":3324959462,"timestamp":"2021-05-23T07:10:36.0","sport":"RUNNING","subSport":"GENERIC","weeklyTrainingLoadSum":233,"loadTunnelMin":360,"loadTunnelMax":794,"trainingStatus":"RECOVERY","fitnessLevelTrend":"NO_CHANGE","loadLevelTrend":"DECREASING","trainingStatusFeedbackPhrase":"RECOVERY_AER_LOW_SHORT"},{"userProfilePK":87578117,"calendarDate":"2021-05-23","deviceId":3324959462,"timestamp":"2021-05-23T10:31:03.0","sport":"RUNNING","subSport":"GENERIC","weeklyTrainingLoadSum":902,"loadTunnelMin":446,"loadTunnelMax":988,"trainingStatus":"PRODUCTIVE","fitnessLevelTrend":"NO_CHANGE","loadLevelTrend":"INCREASING","trainingStatusFeedbackPhrase":"PRODUCTIVE_AER_LOW_SHORT"},{"userProfilePK":87578117,"calendarDate":"2021-05-24","deviceId":3324959462,"timestamp":"2021-05-23T22:19:47.0","sport":"RUNNING","subSport":"GENERIC","weeklyTrainingLoadSum":902,"loadTunnelMin":446,"loadTunnelMax":988,"trainingStatus":"PRODUCTIVE","fitnessLevelTrend":"NO_CHANGE","loadLevelTrend":"INCREASING","trainingStatusFeedbackPhrase":"PRODUCTIVE_AER_LOW_SHORT"},{"userProfilePK":87578117,"calendarDate":"2021-05-25","deviceId":3324959462,"timestamp":"2021-05-24T22:19:48.0","sport":"RUNNING","subSport":"GENERIC","weeklyTrainingLoadSum":902,"loadTunnelMin":360,"loadTunnelMax":794,"trainingStatus":"PRODUCTIVE","fitnessLevelTrend":"NO_CHANGE","loadLevelTrend":"INCREASING","trainingStatusFeedbackPhrase":"PRODUCTIVE_AER_LOW_SHORT"},{"userProfilePK":87578117,"calendarDate":"2021-05-26","deviceId":3324959462,"timestamp":"2021-05-25T22:19:49.0","sport":"RUNNING","subSport":"GENERIC","weeklyTrainingLoadSum":902,"loadTunnelMin":360,"loadTunnelMax":794,"trainingStatus":"PRODUCTIVE","fitnessLevelTrend":"NO_CHANGE","loadLevelTrend":"INCREASING","trainingStatusFeedbackPhrase":"PRODUCTIVE_AER_LOW_SHORT"},{"userProfilePK":87578117,"calendarDate":"2021-05-26","deviceId":3324959462,"timestamp":"2021-05-26T05:58:30.0","sport":"RUNNING","subSport":"GENERIC","weeklyTrainingLoadSum":1287,"loadTunnelMin":446,"loadTunnelMax":988,"trainingStatus":"PRODUCTIVE","fitnessLevelTrend":"NO_CHANGE","loadLevelTrend":"INCREASING","trainingStatusFeedbackPhrase":"PRODUCTIVE_AER_LOW_SHORT"},{"userProfilePK":87578117,"calendarDate":"2021-05-27","deviceId":3324959462,"timestamp":"2021-05-26T22:19:51.0","sport":"RUNNING","subSport":"GENERIC","weeklyTrainingLoadSum":1134,"loadTunnelMin":446,"loadTunnelMax":988,"trainingStatus":"PRODUCTIVE","fitnessLevelTrend":"NO_CHANGE","loadLevelTrend":"INCREASING","trainingStatusFeedbackPhrase":"PRODUCTIVE_AER_LOW_SHORT"},{"userProfilePK":87578117,"calendarDate":"2021-05-28","deviceId":3324959462,"timestamp":"2021-05-28T17:15:19.0","sport":"RUNNING","subSport":"GENERIC","weeklyTrainingLoadSum":1904,"loadTunnelMin":559,"loadTunnelMax":1258,"trainingStatus":"PRODUCTIVE","fitnessLevelTrend":"NO_CHANGE","loadLevelTrend":"INCREASING","trainingStatusFeedbackPhrase":"PRODUCTIVE_AER_LOW_SHORT"},{"userProfilePK":87578117,"calendarDate":"2021-05-28","deviceId":3324959462,"timestamp":"2021-05-28T17:28:03.0","sport":"RUNNING","subSport":"GENERIC","weeklyTrainingLoadSum":1945,"loadTunnelMin":559,"loadTunnelMax":1258,"trainingStatus":"PRODUCTIVE","fitnessLevelTrend":"NO_CHANGE","loadLevelTrend":"INCREASING","trainingStatusFeedbackPhrase":"PRODUCTIVE_AER_LOW_SHORT"},{"userProfilePK":87578117,"calendarDate":"2021-05-29","deviceId":3324959462,"timestamp":"2021-05-28T22:19:53.0","sport":"RUNNING","subSport":"GENERIC","weeklyTrainingLoadSum":1945,"loadTunnelMin":559,"loadTunnelMax":1258,"trainingStatus":"NO_STATUS","fitnessLevelTrend":"NO_RESULT","loadLevelTrend":"INCREASING","trainingStatusFeedbackPhrase":"NO_STATUS_AER_LOW_SHORT"},{"userProfilePK":87578117,"calendarDate":"2021-05-29","deviceId":3324959462,"timestamp":"2021-05-29T07:26:32.0","sport":"RUNNING","subSport":"GENERIC","weeklyTrainingLoadSum":2070,"loadTunnelMin":559,"loadTunnelMax":1258,"trainingStatus":"NO_STATUS","fitnessLevelTrend":"NO_RESULT","loadLevelTrend":"INCREASING","trainingStatusFeedbackPhrase":"NO_STATUS_AER_LOW_SHORT"},{"userProfilePK":87578117,"calendarDate":"2021-05-30","deviceId":3324959462,"timestamp":"2021-05-29T22:19:54.0","sport":"RUNNING","subSport":"GENERIC","weeklyTrainingLoadSum":1401,"loadTunnelMin":559,"loadTunnelMax":1258,"trainingStatus":"NO_STATUS","fitnessLevelTrend":"NO_RESULT","loadLevelTrend":"INCREASING","trainingStatusFeedbackPhrase":"NO_STATUS_AER_LOW_SHORT"},{"userProfilePK":87578117,"calendarDate":"2021-05-30","deviceId":3324959462,"timestamp":"2021-05-30T16:16:30.0","sport":"RUNNING","subSport":"GENERIC","weeklyTrainingLoadSum":1470,"loadTunnelMin":559,"loadTunnelMax":1258,"trainingStatus":"NO_STATUS","fitnessLevelTrend":"NO_RESULT","loadLevelTrend":"INCREASING","trainingStatusFeedbackPhrase":"NO_STATUS_AER_LOW_SHORT"},{"userProfilePK":87578117,"calendarDate":"2021-05-31","deviceId":3324959462,"timestamp":"2021-05-30T22:19:57.0","sport":"RUNNING","subSport":"GENERIC","weeklyTrainingLoadSum":1470,"loadTunnelMin":559,"loadTunnelMax":1258,"trainingStatus":"NO_STATUS","fitnessLevelTrend":"NO_RESULT","loadLevelTrend":"INCREASING","trainingStatusFeedbackPhrase":"NO_STATUS_AER_LOW_SHORT"},{"userProfilePK":87578117,"calendarDate":"2021-06-01","deviceId":3324959462,"timestamp":"2021-05-31T22:19:59.0","sport":"RUNNING","subSport":"GENERIC","weeklyTrainingLoadSum":1470,"loadTunnelMin":559,"loadTunnelMax":1258,"trainingStatus":"NO_STATUS","fitnessLevelTrend":"NO_RESULT","loadLevelTrend":"INCREASING","trainingStatusFeedbackPhrase":"NO_STATUS_AER_LOW_SHORT"},{"userProfilePK":87578117,"calendarDate":"2021-06-02","deviceId":3324959462,"timestamp":"2021-06-01T22:20:00.0","sport":"RUNNING","subSport":"GENERIC","weeklyTrainingLoadSum":1085,"loadTunnelMin":559,"loadTunnelMax":1258,"trainingStatus":"NO_STATUS","fitnessLevelTrend":"NO_RESULT","loadLevelTrend":"INCREASING","trainingStatusFeedbackPhrase":"NO_STATUS_AER_LOW_SHORT"},{"userProfilePK":87578117,"calendarDate":"2021-06-02","deviceId":3324959462,"timestamp":"2021-06-02T12:31:36.0","sport":"RUNNING","subSport":"GENERIC","weeklyTrainingLoadSum":1704,"loadTunnelMin":722,"loadTunnelMax":1540,"trainingStatus":"NO_STATUS","fitnessLevelTrend":"NO_RESULT","loadLevelTrend":"INCREASING","trainingStatusFeedbackPhrase":"NO_STATUS_AER_LOW_SHORT"},{"userProfilePK":87578117,"calendarDate":"2021-06-03","deviceId":3324959462,"timestamp":"2021-06-02T22:20:03.0","sport":"RUNNING","subSport":"GENERIC","weeklyTrainingLoadSum":1704,"loadTunnelMin":722,"loadTunnelMax":1540,"trainingStatus":"NO_STATUS","fitnessLevelTrend":"NO_RESULT","loadLevelTrend":"INCREASING","trainingStatusFeedbackPhrase":"NO_STATUS_AER_LOW_SHORT"},{"userProfilePK":87578117,"calendarDate":"2021-06-04","deviceId":3324959462,"timestamp":"2021-06-03T22:20:04.0","sport":"RUNNING","subSport":"GENERIC","weeklyTrainingLoadSum":813,"loadTunnelMin":722,"loadTunnelMax":1540,"trainingStatus":"NO_STATUS","fitnessLevelTrend":"NO_RESULT","loadLevelTrend":"NO_CHANGE","trainingStatusFeedbackPhrase":"NO_STATUS_AER_LOW_SHORT"},{"userProfilePK":87578117,"calendarDate":"2021-06-05","deviceId":3324959462,"timestamp":"2021-06-04T22:20:06.0","sport":"RUNNING","subSport":"GENERIC","weeklyTrainingLoadSum":688,"loadTunnelMin":722,"loadTunnelMax":1540,"trainingStatus":"NO_STATUS","fitnessLevelTrend":"NO_RESULT","loadLevelTrend":"DECREASING","trainingStatusFeedbackPhrase":"NO_STATUS_AER_LOW_SHORT"},{"userProfilePK":87578117,"calendarDate":"2021-06-06","deviceId":3324959462,"timestamp":"2021-06-05T22:20:07.0","sport":"RUNNING","subSport":"GENERIC","weeklyTrainingLoadSum":619,"loadTunnelMin":722,"loadTunnelMax":1540,"trainingStatus":"NO_STATUS","fitnessLevelTrend":"NO_RESULT","loadLevelTrend":"DECREASING","trainingStatusFeedbackPhrase":"NO_STATUS_AER_LOW_SHORT"},{"userProfilePK":87578117,"calendarDate":"2021-06-06","deviceId":3324959462,"timestamp":"2021-06-06T07:46:26.0","sport":"RUNNING","subSport":"GENERIC","weeklyTrainingLoadSum":655,"loadTunnelMin":722,"loadTunnelMax":1540,"trainingStatus":"NO_STATUS","fitnessLevelTrend":"NO_RESULT","loadLevelTrend":"DECREASING","trainingStatusFeedbackPhrase":"NO_STATUS_AER_LOW_SHORT"},{"userProfilePK":87578117,"calendarDate":"2021-06-07","deviceId":3324959462,"timestamp":"2021-06-06T22:20:10.0","sport":"RUNNING","subSport":"GENERIC","weeklyTrainingLoadSum":655,"loadTunnelMin":722,"loadTunnelMax":1540,"trainingStatus":"NO_STATUS","fitnessLevelTrend":"NO_RESULT","loadLevelTrend":"DECREASING","trainingStatusFeedbackPhrase":"NO_STATUS_AER_LOW_SHORT"},{"userProfilePK":87578117,"calendarDate":"2021-06-08","deviceId":3324959462,"timestamp":"2021-06-07T22:20:11.0","sport":"RUNNING","subSport":"GENERIC","weeklyTrainingLoadSum":655,"loadTunnelMin":722,"loadTunnelMax":1540,"trainingStatus":"NO_STATUS","fitnessLevelTrend":"NO_RESULT","loadLevelTrend":"DECREASING","trainingStatusFeedbackPhrase":"NO_STATUS_AER_LOW_SHORT"},{"userProfilePK":87578117,"calendarDate":"2021-06-09","deviceId":3324959462,"timestamp":"2021-06-08T22:20:13.0","sport":"RUNNING","subSport":"GENERIC","weeklyTrainingLoadSum":36,"loadTunnelMin":722,"loadTunnelMax":1540,"trainingStatus":"NO_STATUS","fitnessLevelTrend":"NO_RESULT","loadLevelTrend":"DECREASING","trainingStatusFeedbackPhrase":"NO_STATUS_AER_LOW_SHORT"},{"userProfilePK":87578117,"calendarDate":"2021-06-09","deviceId":3324959462,"timestamp":"2021-06-09T12:07:24.0","sport":"RUNNING","subSport":"GENERIC","weeklyTrainingLoadSum":91,"loadTunnelMin":722,"loadTunnelMax":1540,"trainingStatus":"NO_STATUS","fitnessLevelTrend":"NO_RESULT","loadLevelTrend":"DECREASING","trainingStatusFeedbackPhrase":"NO_STATUS_AER_LOW_SHORT"},{"userProfilePK":87578117,"calendarDate":"2021-06-10","deviceId":3324959462,"timestamp":"2021-06-09T22:20:15.0","sport":"RUNNING","subSport":"GENERIC","weeklyTrainingLoadSum":91,"loadTunnelMin":722,"loadTunnelMax":1540,"trainingStatus":"NO_STATUS","fitnessLevelTrend":"NO_RESULT","loadLevelTrend":"DECREASING","trainingStatusFeedbackPhrase":"NO_STATUS_AER_LOW_SHORT"},{"userProfilePK":87578117,"calendarDate":"2021-06-10","deviceId":3324959462,"timestamp":"2021-06-10T11:56:03.0","sport":"RUNNING","subSport":"GENERIC","weeklyTrainingLoadSum":515,"loadTunnelMin":722,"loadTunnelMax":1540,"trainingStatus":"NO_STATUS","fitnessLevelTrend":"NO_RESULT","loadLevelTrend":"DECREASING","trainingStatusFeedbackPhrase":"NO_STATUS_AER_LOW_SHORT"},{"userProfilePK":87578117,"calendarDate":"2021-06-11","deviceId":3324959462,"timestamp":"2021-06-10T22:20:16.0","sport":"RUNNING","subSport":"GENERIC","weeklyTrainingLoadSum":515,"loadTunnelMin":722,"loadTunnelMax":1540,"trainingStatus":"NO_STATUS","fitnessLevelTrend":"NO_RESULT","loadLevelTrend":"DECREASING","trainingStatusFeedbackPhrase":"NO_STATUS_AER_LOW_SHORT"},{"userProfilePK":87578117,"calendarDate":"2021-06-12","deviceId":3324959462,"timestamp":"2021-06-11T22:20:17.0","sport":"RUNNING","subSport":"GENERIC","weeklyTrainingLoadSum":515,"loadTunnelMin":559,"loadTunnelMax":1258,"trainingStatus":"NO_STATUS","fitnessLevelTrend":"NO_RESULT","loadLevelTrend":"DECREASING","trainingStatusFeedbackPhrase":"NO_STATUS_AER_LOW_SHORT"},{"userProfilePK":87578117,"calendarDate":"2021-06-12","deviceId":3324959462,"timestamp":"2021-06-12T09:45:43.0","sport":"RUNNING","subSport":"GENERIC","weeklyTrainingLoadSum":591,"loadTunnelMin":722,"loadTunnelMax":1540,"trainingStatus":"MAINTAINING","fitnessLevelTrend":"NO_CHANGE","loadLevelTrend":"DECREASING","trainingStatusFeedbackPhrase":"MAINTAINING_AER_LOW_SHORT"},{"userProfilePK":87578117,"calendarDate":"2021-06-13","deviceId":3324959462,"timestamp":"2021-06-12T22:20:20.0","sport":"RUNNING","subSport":"GENERIC","weeklyTrainingLoadSum":555,"loadTunnelMin":722,"loadTunnelMax":1540,"trainingStatus":"MAINTAINING","fitnessLevelTrend":"NO_CHANGE","loadLevelTrend":"DECREASING","trainingStatusFeedbackPhrase":"MAINTAINING_AER_LOW_SHORT"},{"userProfilePK":87578117,"calendarDate":"2021-06-13","deviceId":3324959462,"timestamp":"2021-06-13T08:02:43.0","sport":"RUNNING","subSport":"GENERIC","weeklyTrainingLoadSum":680,"loadTunnelMin":722,"loadTunnelMax":1540,"trainingStatus":"MAINTAINING","fitnessLevelTrend":"NO_CHANGE","loadLevelTrend":"DECREASING","trainingStatusFeedbackPhrase":"MAINTAINING_AER_LOW_SHORT"},{"userProfilePK":87578117,"calendarDate":"2021-06-14","deviceId":3324959462,"timestamp":"2021-06-13T22:20:22.0","sport":"RUNNING","subSport":"GENERIC","weeklyTrainingLoadSum":680,"loadTunnelMin":722,"loadTunnelMax":1540,"trainingStatus":"MAINTAINING","fitnessLevelTrend":"NO_CHANGE","loadLevelTrend":"DECREASING","trainingStatusFeedbackPhrase":"MAINTAINING_AER_LOW_SHORT"},{"userProfilePK":87578117,"calendarDate":"2021-06-15","deviceId":3324959462,"timestamp":"2021-06-14T22:20:23.0","sport":"RUNNING","subSport":"GENERIC","weeklyTrainingLoadSum":680,"loadTunnelMin":722,"loadTunnelMax":1540,"trainingStatus":"MAINTAINING","fitnessLevelTrend":"NO_CHANGE","loadLevelTrend":"DECREASING","trainingStatusFeedbackPhrase":"MAINTAINING_AER_LOW_SHORT"},{"userProfilePK":87578117,"calendarDate":"2021-06-15","deviceId":3324959462,"timestamp":"2021-06-15T11:46:51.0","sport":"RUNNING","subSport":"GENERIC","weeklyTrainingLoadSum":680,"loadTunnelMin":722,"loadTunnelMax":1540,"trainingStatus":"MAINTAINING","fitnessLevelTrend":"NO_CHANGE","loadLevelTrend":"DECREASING","trainingStatusFeedbackPhrase":"MAINTAINING_AER_LOW_SHORT"},{"userProfilePK":87578117,"calendarDate":"2021-06-15","deviceId":3324959462,"timestamp":"2021-06-15T12:28:56.0","sport":"RUNNING","subSport":"GENERIC","weeklyTrainingLoadSum":1070,"loadTunnelMin":722,"loadTunnelMax":1540,"trainingStatus":"MAINTAINING","fitnessLevelTrend":"NO_CHANGE","loadLevelTrend":"NO_CHANGE","trainingStatusFeedbackPhrase":"MAINTAINING_AER_LOW_SHORT"},{"userProfilePK":87578117,"calendarDate":"2021-06-16","deviceId":3324959462,"timestamp":"2021-06-15T22:20:25.0","sport":"RUNNING","subSport":"GENERIC","weeklyTrainingLoadSum":1015,"loadTunnelMin":722,"loadTunnelMax":1540,"trainingStatus":"MAINTAINING","fitnessLevelTrend":"NO_CHANGE","loadLevelTrend":"NO_CHANGE","trainingStatusFeedbackPhrase":"MAINTAINING_AER_LOW_SHORT"},{"userProfilePK":87578117,"calendarDate":"2021-06-16","deviceId":3324959462,"timestamp":"2021-06-16T06:00:17.0","sport":"RUNNING","subSport":"GENERIC","weeklyTrainingLoadSum":1212,"loadTunnelMin":722,"loadTunnelMax":1540,"trainingStatus":"MAINTAINING","fitnessLevelTrend":"NO_CHANGE","loadLevelTrend":"NO_CHANGE","trainingStatusFeedbackPhrase":"MAINTAINING_AER_LOW_SHORT"},{"userProfilePK":87578117,"calendarDate":"2021-06-17","deviceId":3324959462,"timestamp":"2021-06-16T22:20:26.0","sport":"RUNNING","subSport":"GENERIC","weeklyTrainingLoadSum":788,"loadTunnelMin":722,"loadTunnelMax":1540,"trainingStatus":"RECOVERY","fitnessLevelTrend":"NO_CHANGE","loadLevelTrend":"DECREASING","trainingStatusFeedbackPhrase":"RECOVERY_AER_LOW_SHORT"},{"userProfilePK":87578117,"calendarDate":"2021-06-17","deviceId":3324959462,"timestamp":"2021-06-17T11:46:28.0","sport":"RUNNING","subSport":"GENERIC","weeklyTrainingLoadSum":826,"loadTunnelMin":722,"loadTunnelMax":1540,"trainingStatus":"RECOVERY","fitnessLevelTrend":"NO_CHANGE","loadLevelTrend":"DECREASING","trainingStatusFeedbackPhrase":"RECOVERY_AER_LOW_SHORT"},{"userProfilePK":87578117,"calendarDate":"2021-06-18","deviceId":3324959462,"timestamp":"2021-06-17T22:25:36.0","sport":"RUNNING","subSport":"GENERIC","weeklyTrainingLoadSum":826,"loadTunnelMin":722,"loadTunnelMax":1540,"trainingStatus":"RECOVERY","fitnessLevelTrend":"NO_CHANGE","loadLevelTrend":"DECREASING","trainingStatusFeedbackPhrase":"RECOVERY_AER_LOW_SHORT"},{"userProfilePK":87578117,"calendarDate":"2021-06-19","deviceId":3324959462,"timestamp":"2021-06-18T22:25:37.0","sport":"RUNNING","subSport":"GENERIC","weeklyTrainingLoadSum":750,"loadTunnelMin":722,"loadTunnelMax":1540,"trainingStatus":"RECOVERY","fitnessLevelTrend":"NO_CHANGE","loadLevelTrend":"DECREASING","trainingStatusFeedbackPhrase":"RECOVERY_AER_LOW_SHORT"},{"userProfilePK":87578117,"calendarDate":"2021-06-20","deviceId":3324959462,"timestamp":"2021-06-19T22:25:38.0","sport":"RUNNING","subSport":"GENERIC","weeklyTrainingLoadSum":625,"loadTunnelMin":559,"loadTunnelMax":1258,"trainingStatus":"RECOVERY","fitnessLevelTrend":"NO_CHANGE","loadLevelTrend":"DECREASING","trainingStatusFeedbackPhrase":"RECOVERY_AER_LOW_SHORT"},{"userProfilePK":87578117,"calendarDate":"2021-06-21","deviceId":3324959462,"timestamp":"2021-06-20T22:25:40.0","sport":"RUNNING","subSport":"GENERIC","weeklyTrainingLoadSum":625,"loadTunnelMin":559,"loadTunnelMax":1258,"trainingStatus":"RECOVERY","fitnessLevelTrend":"NO_CHANGE","loadLevelTrend":"DECREASING","trainingStatusFeedbackPhrase":"RECOVERY_AER_LOW_SHORT"},{"userProfilePK":87578117,"calendarDate":"2021-06-22","deviceId":3324959462,"timestamp":"2021-06-21T22:25:42.0","sport":"RUNNING","subSport":"GENERIC","weeklyTrainingLoadSum":235,"loadTunnelMin":559,"loadTunnelMax":1258,"trainingStatus":"RECOVERY","fitnessLevelTrend":"NO_CHANGE","loadLevelTrend":"DECREASING","trainingStatusFeedbackPhrase":"RECOVERY_AER_LOW_SHORT"},{"userProfilePK":87578117,"calendarDate":"2021-06-22","deviceId":3324959462,"timestamp":"2021-06-22T12:10:09.0","sport":"RUNNING","subSport":"GENERIC","weeklyTrainingLoadSum":314,"loadTunnelMin":559,"loadTunnelMax":1258,"trainingStatus":"RECOVERY","fitnessLevelTrend":"NO_CHANGE","loadLevelTrend":"DECREASING","trainingStatusFeedbackPhrase":"RECOVERY_AER_LOW_SHORT"},{"userProfilePK":87578117,"calendarDate":"2021-06-23","deviceId":3324959462,"timestamp":"2021-06-22T22:25:44.0","sport":"RUNNING","subSport":"GENERIC","weeklyTrainingLoadSum":117,"loadTunnelMin":559,"loadTunnelMax":1258,"trainingStatus":"RECOVERY","fitnessLevelTrend":"NO_CHANGE","loadLevelTrend":"DECREASING","trainingStatusFeedbackPhrase":"RECOVERY_AER_LOW_SHORT"},{"userProfilePK":87578117,"calendarDate":"2021-06-23","deviceId":3324959462,"timestamp":"2021-06-23T11:37:20.0","sport":"RUNNING","subSport":"GENERIC","weeklyTrainingLoadSum":117,"loadTunnelMin":559,"loadTunnelMax":1258,"trainingStatus":"RECOVERY","fitnessLevelTrend":"NO_CHANGE","loadLevelTrend":"DECREASING","trainingStatusFeedbackPhrase":"RECOVERY_AER_LOW_SHORT"},{"userProfilePK":87578117,"calendarDate":"2021-06-23","deviceId":3324959462,"timestamp":"2021-06-23T12:16:29.0","sport":"RUNNING","subSport":"GENERIC","weeklyTrainingLoadSum":508,"loadTunnelMin":722,"loadTunnelMax":1540,"trainingStatus":"MAINTAINING","fitnessLevelTrend":"NO_CHANGE","loadLevelTrend":"DECREASING","trainingStatusFeedbackPhrase":"MAINTAINING_AER_LOW_SHORT"},{"userProfilePK":87578117,"calendarDate":"2021-06-24","deviceId":3324959462,"timestamp":"2021-06-24T05:07:32.0","sport":"RUNNING","subSport":"GENERIC","weeklyTrainingLoadSum":581,"loadTunnelMin":722,"loadTunnelMax":1540,"trainingStatus":"MAINTAINING","fitnessLevelTrend":"NO_CHANGE","loadLevelTrend":"DECREASING","trainingStatusFeedbackPhrase":"MAINTAINING_AER_LOW_SHORT"},{"userProfilePK":87578117,"calendarDate":"2021-06-24","deviceId":3324959462,"timestamp":"2021-06-24T05:44:37.0","sport":"RUNNING","subSport":"GENERIC","weeklyTrainingLoadSum":988,"loadTunnelMin":722,"loadTunnelMax":1540,"trainingStatus":"MAINTAINING","fitnessLevelTrend":"NO_CHANGE","loadLevelTrend":"NO_CHANGE","trainingStatusFeedbackPhrase":"MAINTAINING_AER_LOW_SHORT"},{"userProfilePK":87578117,"calendarDate":"2021-06-25","deviceId":3324959462,"timestamp":"2021-06-24T22:25:46.0","sport":"RUNNING","subSport":"GENERIC","weeklyTrainingLoadSum":988,"loadTunnelMin":559,"loadTunnelMax":1258,"trainingStatus":"MAINTAINING","fitnessLevelTrend":"NO_CHANGE","loadLevelTrend":"INCREASING","trainingStatusFeedbackPhrase":"MAINTAINING_AER_LOW_SHORT"},{"userProfilePK":87578117,"calendarDate":"2021-06-26","deviceId":3324959462,"timestamp":"2021-06-25T22:25:48.0","sport":"RUNNING","subSport":"GENERIC","weeklyTrainingLoadSum":988,"loadTunnelMin":559,"loadTunnelMax":1258,"trainingStatus":"MAINTAINING","fitnessLevelTrend":"NO_CHANGE","loadLevelTrend":"INCREASING","trainingStatusFeedbackPhrase":"MAINTAINING_AER_LOW_SHORT"},{"userProfilePK":87578117,"calendarDate":"2021-06-27","deviceId":3324959462,"timestamp":"2021-06-26T22:25:50.0","sport":"RUNNING","subSport":"GENERIC","weeklyTrainingLoadSum":988,"loadTunnelMin":559,"loadTunnelMax":1258,"trainingStatus":"MAINTAINING","fitnessLevelTrend":"NO_CHANGE","loadLevelTrend":"INCREASING","trainingStatusFeedbackPhrase":"MAINTAINING_AER_LOW_SHORT"},{"userProfilePK":87578117,"calendarDate":"2021-06-28","deviceId":3324959462,"timestamp":"2021-06-27T22:25:51.0","sport":"RUNNING","subSport":"GENERIC","weeklyTrainingLoadSum":988,"loadTunnelMin":559,"loadTunnelMax":1258,"trainingStatus":"MAINTAINING","fitnessLevelTrend":"NO_CHANGE","loadLevelTrend":"INCREASING","trainingStatusFeedbackPhrase":"MAINTAINING_AER_LOW_SHORT"},{"userProfilePK":87578117,"calendarDate":"2021-06-28","deviceId":3324959462,"timestamp":"2021-06-28T18:55:39.0","sport":"RUNNING","subSport":"GENERIC","weeklyTrainingLoadSum":1311,"loadTunnelMin":559,"loadTunnelMax":1258,"trainingStatus":"PRODUCTIVE","fitnessLevelTrend":"NO_CHANGE","loadLevelTrend":"INCREASING","trainingStatusFeedbackPhrase":"PRODUCTIVE_AER_LOW_SHORT"},{"userProfilePK":87578117,"calendarDate":"2021-06-29","deviceId":3324959462,"timestamp":"2021-06-28T22:25:53.0","sport":"RUNNING","subSport":"GENERIC","weeklyTrainingLoadSum":1232,"loadTunnelMin":559,"loadTunnelMax":1258,"trainingStatus":"PRODUCTIVE","fitnessLevelTrend":"NO_CHANGE","loadLevelTrend":"INCREASING","trainingStatusFeedbackPhrase":"PRODUCTIVE_AER_LOW_SHORT"},{"userProfilePK":87578117,"calendarDate":"2021-06-29","deviceId":3324959462,"timestamp":"2021-06-29T05:59:43.0","sport":"RUNNING","subSport":"GENERIC","weeklyTrainingLoadSum":1734,"loadTunnelMin":722,"loadTunnelMax":1540,"trainingStatus":"PRODUCTIVE","fitnessLevelTrend":"NO_CHANGE","loadLevelTrend":"INCREASING","trainingStatusFeedbackPhrase":"PRODUCTIVE_AER_LOW_SHORT"},{"userProfilePK":87578117,"calendarDate":"2021-06-29","deviceId":3324959462,"timestamp":"2021-06-29T11:58:41.0","sport":"RUNNING","subSport":"GENERIC","weeklyTrainingLoadSum":1793,"loadTunnelMin":722,"loadTunnelMax":1540,"trainingStatus":"PRODUCTIVE","fitnessLevelTrend":"NO_CHANGE","loadLevelTrend":"INCREASING","trainingStatusFeedbackPhrase":"PRODUCTIVE_AER_LOW_SHORT"},{"userProfilePK":87578117,"calendarDate":"2021-06-29","deviceId":3324959462,"timestamp":"2021-06-29T12:05:54.0","sport":"RUNNING","subSport":"GENERIC","weeklyTrainingLoadSum":1805,"loadTunnelMin":722,"loadTunnelMax":1540,"trainingStatus":"PRODUCTIVE","fitnessLevelTrend":"NO_CHANGE","loadLevelTrend":"INCREASING","trainingStatusFeedbackPhrase":"PRODUCTIVE_AER_LOW_SHORT"},{"userProfilePK":87578117,"calendarDate":"2021-06-30","deviceId":3324959462,"timestamp":"2021-06-29T22:25:57.0","sport":"RUNNING","subSport":"GENERIC","weeklyTrainingLoadSum":1414,"loadTunnelMin":559,"loadTunnelMax":1258,"trainingStatus":"PRODUCTIVE","fitnessLevelTrend":"NO_CHANGE","loadLevelTrend":"INCREASING","trainingStatusFeedbackPhrase":"PRODUCTIVE_AER_LOW_SHORT"},{"userProfilePK":87578117,"calendarDate":"2021-07-01","deviceId":3324959462,"timestamp":"2021-06-30T22:25:58.0","sport":"RUNNING","subSport":"GENERIC","weeklyTrainingLoadSum":896,"loadTunnelMin":559,"loadTunnelMax":1258,"trainingStatus":"PRODUCTIVE","fitnessLevelTrend":"NO_CHANGE","loadLevelTrend":"NO_CHANGE","trainingStatusFeedbackPhrase":"PRODUCTIVE_AER_LOW_SHORT"},{"userProfilePK":87578117,"calendarDate":"2021-07-01","deviceId":3324959462,"timestamp":"2021-07-01T05:57:21.0","sport":"RUNNING","subSport":"GENERIC","weeklyTrainingLoadSum":1572,"loadTunnelMin":722,"loadTunnelMax":1540,"trainingStatus":"PRODUCTIVE","fitnessLevelTrend":"NO_CHANGE","loadLevelTrend":"INCREASING","trainingStatusFeedbackPhrase":"PRODUCTIVE_AER_LOW_SHORT"},{"userProfilePK":87578117,"calendarDate":"2021-07-01","deviceId":3324959462,"timestamp":"2021-07-01T12:15:05.0","sport":"RUNNING","subSport":"GENERIC","weeklyTrainingLoadSum":1617,"loadTunnelMin":722,"loadTunnelMax":1540,"trainingStatus":"PRODUCTIVE","fitnessLevelTrend":"NO_CHANGE","loadLevelTrend":"INCREASING","trainingStatusFeedbackPhrase":"PRODUCTIVE_AER_LOW_SHORT"},{"userProfilePK":87578117,"calendarDate":"2021-07-02","deviceId":3324959462,"timestamp":"2021-07-01T22:26:00.0","sport":"RUNNING","subSport":"GENERIC","weeklyTrainingLoadSum":1617,"loadTunnelMin":722,"loadTunnelMax":1540,"trainingStatus":"PRODUCTIVE","fitnessLevelTrend":"NO_CHANGE","loadLevelTrend":"INCREASING","trainingStatusFeedbackPhrase":"PRODUCTIVE_AER_LOW_SHORT"},{"userProfilePK":87578117,"calendarDate":"2021-07-02","deviceId":3324959462,"timestamp":"2021-07-02T06:56:37.0","sport":"RUNNING","subSport":"GENERIC","weeklyTrainingLoadSum":1706,"loadTunnelMin":722,"loadTunnelMax":1540,"trainingStatus":"PRODUCTIVE","fitnessLevelTrend":"NO_CHANGE","loadLevelTrend":"INCREASING","trainingStatusFeedbackPhrase":"PRODUCTIVE_AER_LOW_SHORT"},{"userProfilePK":87578117,"calendarDate":"2021-07-02","deviceId":3324959462,"timestamp":"2021-07-02T11:57:10.0","sport":"RUNNING","subSport":"GENERIC","weeklyTrainingLoadSum":1735,"loadTunnelMin":722,"loadTunnelMax":1540,"trainingStatus":"UNPRODUCTIVE","fitnessLevelTrend":"DECREASING","loadLevelTrend":"INCREASING","trainingStatusFeedbackPhrase":"UNPRODUCTIVE_AER_LOW_SHORT"},{"userProfilePK":87578117,"calendarDate":"2021-07-03","deviceId":3324959462,"timestamp":"2021-07-02T22:26:01.0","sport":"RUNNING","subSport":"GENERIC","weeklyTrainingLoadSum":1735,"loadTunnelMin":722,"loadTunnelMax":1540,"trainingStatus":"UNPRODUCTIVE","fitnessLevelTrend":"DECREASING","loadLevelTrend":"INCREASING","trainingStatusFeedbackPhrase":"UNPRODUCTIVE_AER_LOW_SHORT"},{"userProfilePK":87578117,"calendarDate":"2021-07-03","deviceId":3324959462,"timestamp":"2021-07-03T09:59:07.0","sport":"RUNNING","subSport":"GENERIC","weeklyTrainingLoadSum":1776,"loadTunnelMin":722,"loadTunnelMax":1540,"trainingStatus":"UNPRODUCTIVE","fitnessLevelTrend":"DECREASING","loadLevelTrend":"INCREASING","trainingStatusFeedbackPhrase":"UNPRODUCTIVE_AER_LOW_SHORT"},{"userProfilePK":87578117,"calendarDate":"2021-07-04","deviceId":3324959462,"timestamp":"2021-07-03T22:26:04.0","sport":"RUNNING","subSport":"GENERIC","weeklyTrainingLoadSum":1776,"loadTunnelMin":722,"loadTunnelMax":1540,"trainingStatus":"UNPRODUCTIVE","fitnessLevelTrend":"DECREASING","loadLevelTrend":"INCREASING","trainingStatusFeedbackPhrase":"UNPRODUCTIVE_AER_LOW_SHORT"},{"userProfilePK":87578117,"calendarDate":"2021-07-04","deviceId":3324959462,"timestamp":"2021-07-04T07:03:52.0","sport":"RUNNING","subSport":"GENERIC","weeklyTrainingLoadSum":1979,"loadTunnelMin":722,"loadTunnelMax":1540,"trainingStatus":"OVERREACHING","fitnessLevelTrend":"DECREASING","loadLevelTrend":"INCREASING","trainingStatusFeedbackPhrase":"OVERREACHING_AER_LOW_SHORT"},{"userProfilePK":87578117,"calendarDate":"2021-07-05","deviceId":3324959462,"timestamp":"2021-07-04T22:26:05.0","sport":"RUNNING","subSport":"GENERIC","weeklyTrainingLoadSum":1656,"loadTunnelMin":722,"loadTunnelMax":1540,"trainingStatus":"OVERREACHING","fitnessLevelTrend":"DECREASING","loadLevelTrend":"INCREASING","trainingStatusFeedbackPhrase":"OVERREACHING_AER_LOW_SHORT"},{"userProfilePK":87578117,"calendarDate":"2021-07-05","deviceId":3324959462,"timestamp":"2021-07-05T06:22:42.0","sport":"RUNNING","subSport":"GENERIC","weeklyTrainingLoadSum":1747,"loadTunnelMin":722,"loadTunnelMax":1540,"trainingStatus":"UNPRODUCTIVE","fitnessLevelTrend":"DECREASING","loadLevelTrend":"INCREASING","trainingStatusFeedbackPhrase":"UNPRODUCTIVE_AER_LOW_SHORT"},{"userProfilePK":87578117,"calendarDate":"2021-07-06","deviceId":3324959462,"timestamp":"2021-07-05T22:26:07.0","sport":"RUNNING","subSport":"GENERIC","weeklyTrainingLoadSum":1174,"loadTunnelMin":722,"loadTunnelMax":1540,"trainingStatus":"UNPRODUCTIVE","fitnessLevelTrend":"DECREASING","loadLevelTrend":"NO_CHANGE","trainingStatusFeedbackPhrase":"UNPRODUCTIVE_AER_LOW_SHORT"},{"userProfilePK":87578117,"calendarDate":"2021-07-06","deviceId":3324959462,"timestamp":"2021-07-06T05:57:31.0","sport":"RUNNING","subSport":"GENERIC","weeklyTrainingLoadSum":1584,"loadTunnelMin":722,"loadTunnelMax":1540,"trainingStatus":"UNPRODUCTIVE","fitnessLevelTrend":"DECREASING","loadLevelTrend":"INCREASING","trainingStatusFeedbackPhrase":"UNPRODUCTIVE_AER_LOW_SHORT"},{"userProfilePK":87578117,"calendarDate":"2021-07-07","deviceId":3324959462,"timestamp":"2021-07-06T22:26:09.0","sport":"RUNNING","subSport":"GENERIC","weeklyTrainingLoadSum":1584,"loadTunnelMin":722,"loadTunnelMax":1540,"trainingStatus":"UNPRODUCTIVE","fitnessLevelTrend":"DECREASING","loadLevelTrend":"INCREASING","trainingStatusFeedbackPhrase":"UNPRODUCTIVE_AER_LOW_SHORT"},{"userProfilePK":87578117,"calendarDate":"2021-07-07","deviceId":3324959462,"timestamp":"2021-07-07T11:54:11.0","sport":"RUNNING","subSport":"GENERIC","weeklyTrainingLoadSum":1921,"loadTunnelMin":722,"loadTunnelMax":1540,"trainingStatus":"OVERREACHING","fitnessLevelTrend":"DECREASING","loadLevelTrend":"INCREASING","trainingStatusFeedbackPhrase":"OVERREACHING_AER_LOW_SHORT"},{"userProfilePK":87578117,"calendarDate":"2021-07-07","deviceId":3324959462,"timestamp":"2021-07-07T17:44:20.0","sport":"RUNNING","subSport":"GENERIC","weeklyTrainingLoadSum":2449,"loadTunnelMin":722,"loadTunnelMax":1540,"trainingStatus":"OVERREACHING","fitnessLevelTrend":"DECREASING","loadLevelTrend":"INCREASING","trainingStatusFeedbackPhrase":"OVERREACHING_AER_LOW_SHORT"},{"userProfilePK":87578117,"calendarDate":"2021-07-08","deviceId":3324959462,"timestamp":"2021-07-07T22:26:11.0","sport":"RUNNING","subSport":"GENERIC","weeklyTrainingLoadSum":1728,"loadTunnelMin":722,"loadTunnelMax":1540,"trainingStatus":"OVERREACHING","fitnessLevelTrend":"DECREASING","loadLevelTrend":"INCREASING","trainingStatusFeedbackPhrase":"OVERREACHING_AER_LOW_SHORT"},{"userProfilePK":87578117,"calendarDate":"2021-07-08","deviceId":3324959462,"timestamp":"2021-07-08T12:12:47.0","sport":"RUNNING","subSport":"GENERIC","weeklyTrainingLoadSum":1759,"loadTunnelMin":722,"loadTunnelMax":1540,"trainingStatus":"UNPRODUCTIVE","fitnessLevelTrend":"DECREASING","loadLevelTrend":"INCREASING","trainingStatusFeedbackPhrase":"UNPRODUCTIVE_AER_LOW_SHORT"},{"userProfilePK":87578117,"calendarDate":"2021-07-08","deviceId":3324959462,"timestamp":"2021-07-08T20:33:56.0","sport":"RUNNING","subSport":"GENERIC","weeklyTrainingLoadSum":1816,"loadTunnelMin":722,"loadTunnelMax":1540,"trainingStatus":"UNPRODUCTIVE","fitnessLevelTrend":"DECREASING","loadLevelTrend":"INCREASING","trainingStatusFeedbackPhrase":"UNPRODUCTIVE_AER_LOW_SHORT"},{"userProfilePK":87578117,"calendarDate":"2021-07-09","deviceId":3324959462,"timestamp":"2021-07-08T22:26:13.0","sport":"RUNNING","subSport":"GENERIC","weeklyTrainingLoadSum":1698,"loadTunnelMin":722,"loadTunnelMax":1540,"trainingStatus":"UNPRODUCTIVE","fitnessLevelTrend":"DECREASING","loadLevelTrend":"INCREASING","trainingStatusFeedbackPhrase":"UNPRODUCTIVE_AER_LOW_SHORT"},{"userProfilePK":87578117,"calendarDate":"2021-07-10","deviceId":3324959462,"timestamp":"2021-07-09T22:26:15.0","sport":"RUNNING","subSport":"GENERIC","weeklyTrainingLoadSum":1657,"loadTunnelMin":722,"loadTunnelMax":1540,"trainingStatus":"UNPRODUCTIVE","fitnessLevelTrend":"DECREASING","loadLevelTrend":"INCREASING","trainingStatusFeedbackPhrase":"UNPRODUCTIVE_AER_LOW_SHORT"},{"userProfilePK":87578117,"calendarDate":"2021-07-11","deviceId":3324959462,"timestamp":"2021-07-10T22:26:17.0","sport":"RUNNING","subSport":"GENERIC","weeklyTrainingLoadSum":1454,"loadTunnelMin":722,"loadTunnelMax":1540,"trainingStatus":"UNPRODUCTIVE","fitnessLevelTrend":"DECREASING","loadLevelTrend":"INCREASING","trainingStatusFeedbackPhrase":"UNPRODUCTIVE_AER_LOW_SHORT"},{"userProfilePK":87578117,"calendarDate":"2021-07-12","deviceId":3324959462,"timestamp":"2021-07-11T22:26:19.0","sport":"RUNNING","subSport":"GENERIC","weeklyTrainingLoadSum":1363,"loadTunnelMin":722,"loadTunnelMax":1540,"trainingStatus":"UNPRODUCTIVE","fitnessLevelTrend":"DECREASING","loadLevelTrend":"NO_CHANGE","trainingStatusFeedbackPhrase":"UNPRODUCTIVE_AER_LOW_SHORT"},{"userProfilePK":87578117,"calendarDate":"2021-07-12","deviceId":3324959462,"timestamp":"2021-07-12T18:52:12.0","sport":"RUNNING","subSport":"GENERIC","weeklyTrainingLoadSum":1595,"loadTunnelMin":722,"loadTunnelMax":1540,"trainingStatus":"UNPRODUCTIVE","fitnessLevelTrend":"DECREASING","loadLevelTrend":"INCREASING","trainingStatusFeedbackPhrase":"UNPRODUCTIVE_AER_LOW_SHORT"},{"userProfilePK":87578117,"calendarDate":"2021-07-13","deviceId":3324959462,"timestamp":"2021-07-12T22:26:20.0","sport":"RUNNING","subSport":"GENERIC","weeklyTrainingLoadSum":1185,"loadTunnelMin":722,"loadTunnelMax":1540,"trainingStatus":"UNPRODUCTIVE","fitnessLevelTrend":"DECREASING","loadLevelTrend":"NO_CHANGE","trainingStatusFeedbackPhrase":"UNPRODUCTIVE_AER_LOW_SHORT"},{"userProfilePK":87578117,"calendarDate":"2021-07-13","deviceId":3324959462,"timestamp":"2021-07-13T14:25:58.0","sport":"RUNNING","subSport":"GENERIC","weeklyTrainingLoadSum":1869,"loadTunnelMin":722,"loadTunnelMax":1540,"trainingStatus":"OVERREACHING","fitnessLevelTrend":"DECREASING","loadLevelTrend":"INCREASING","trainingStatusFeedbackPhrase":"OVERREACHING_AER_LOW_SHORT"},{"userProfilePK":87578117,"calendarDate":"2021-07-14","deviceId":3324959462,"timestamp":"2021-07-13T22:26:22.0","sport":"RUNNING","subSport":"GENERIC","weeklyTrainingLoadSum":1004,"loadTunnelMin":722,"loadTunnelMax":1540,"trainingStatus":"OVERREACHING","fitnessLevelTrend":"DECREASING","loadLevelTrend":"DECREASING","trainingStatusFeedbackPhrase":"OVERREACHING_AER_LOW_SHORT"},{"userProfilePK":87578117,"calendarDate":"2021-07-14","deviceId":3324959462,"timestamp":"2021-07-14T14:14:01.0","sport":"RUNNING","subSport":"GENERIC","weeklyTrainingLoadSum":1004,"loadTunnelMin":722,"loadTunnelMax":1540,"trainingStatus":"OVERREACHING","fitnessLevelTrend":"DECREASING","loadLevelTrend":"DECREASING","trainingStatusFeedbackPhrase":"OVERREACHING_AER_LOW_SHORT"},{"userProfilePK":87578117,"calendarDate":"2021-07-14","deviceId":3324959462,"timestamp":"2021-07-14T14:14:35.0","sport":"RUNNING","subSport":"GENERIC","weeklyTrainingLoadSum":1004,"loadTunnelMin":722,"loadTunnelMax":1540,"trainingStatus":"OVERREACHING","fitnessLevelTrend":"DECREASING","loadLevelTrend":"DECREASING","trainingStatusFeedbackPhrase":"OVERREACHING_AER_LOW_SHORT"},{"userProfilePK":87578117,"calendarDate":"2021-07-14","deviceId":3324959462,"timestamp":"2021-07-14T16:40:10.0","sport":"RUNNING","subSport":"GENERIC","weeklyTrainingLoadSum":1088,"loadTunnelMin":722,"loadTunnelMax":1540,"trainingStatus":"RECOVERY","fitnessLevelTrend":"NO_CHANGE","loadLevelTrend":"DECREASING","trainingStatusFeedbackPhrase":"RECOVERY_AER_LOW_SHORT"},{"userProfilePK":87578117,"calendarDate":"2021-07-14","deviceId":3324959462,"timestamp":"2021-07-14T18:23:11.0","sport":"RUNNING","subSport":"GENERIC","weeklyTrainingLoadSum":1123,"loadTunnelMin":722,"loadTunnelMax":1540,"trainingStatus":"RECOVERY","fitnessLevelTrend":"NO_CHANGE","loadLevelTrend":"DECREASING","trainingStatusFeedbackPhrase":"RECOVERY_AER_LOW_SHORT"},{"userProfilePK":87578117,"calendarDate":"2021-07-15","deviceId":3324959462,"timestamp":"2021-07-14T22:26:25.0","sport":"RUNNING","subSport":"GENERIC","weeklyTrainingLoadSum":1035,"loadTunnelMin":722,"loadTunnelMax":1540,"trainingStatus":"RECOVERY","fitnessLevelTrend":"NO_CHANGE","loadLevelTrend":"DECREASING","trainingStatusFeedbackPhrase":"RECOVERY_AER_LOW_SHORT"},{"userProfilePK":87578117,"calendarDate":"2021-07-15","deviceId":3324959462,"timestamp":"2021-07-15T02:05:51.0","sport":"RUNNING","subSport":"GENERIC","weeklyTrainingLoadSum":1035,"loadTunnelMin":722,"loadTunnelMax":1540,"trainingStatus":"RECOVERY","fitnessLevelTrend":"NO_CHANGE","loadLevelTrend":"DECREASING","trainingStatusFeedbackPhrase":"RECOVERY_AER_LOW_SHORT"},{"userProfilePK":87578117,"calendarDate":"2021-07-15","deviceId":3324959462,"timestamp":"2021-07-15T08:27:23.0","sport":"RUNNING","subSport":"GENERIC","weeklyTrainingLoadSum":1046,"loadTunnelMin":722,"loadTunnelMax":1540,"trainingStatus":"RECOVERY","fitnessLevelTrend":"NO_CHANGE","loadLevelTrend":"DECREASING","trainingStatusFeedbackPhrase":"RECOVERY_AER_LOW_SHORT"},{"userProfilePK":87578117,"calendarDate":"2021-07-15","deviceId":3324959462,"timestamp":"2021-07-15T14:05:02.0","sport":"RUNNING","subSport":"GENERIC","weeklyTrainingLoadSum":1821,"loadTunnelMin":722,"loadTunnelMax":1540,"trainingStatus":"PRODUCTIVE","fitnessLevelTrend":"NO_CHANGE","loadLevelTrend":"INCREASING","trainingStatusFeedbackPhrase":"PRODUCTIVE_AER_LOW_SHORT"},{"userProfilePK":87578117,"calendarDate":"2021-07-15","deviceId":3324959462,"timestamp":"2021-07-15T15:11:54.0","sport":"RUNNING","subSport":"GENERIC","weeklyTrainingLoadSum":1861,"loadTunnelMin":722,"loadTunnelMax":1540,"trainingStatus":"PRODUCTIVE","fitnessLevelTrend":"NO_CHANGE","loadLevelTrend":"INCREASING","trainingStatusFeedbackPhrase":"PRODUCTIVE_AER_LOW_SHORT"},{"userProfilePK":87578117,"calendarDate":"2021-07-15","deviceId":3324959462,"timestamp":"2021-07-15T16:06:11.0","sport":"RUNNING","subSport":"GENERIC","weeklyTrainingLoadSum":1883,"loadTunnelMin":722,"loadTunnelMax":1540,"trainingStatus":"PRODUCTIVE","fitnessLevelTrend":"NO_CHANGE","loadLevelTrend":"INCREASING","trainingStatusFeedbackPhrase":"PRODUCTIVE_AER_LOW_SHORT"},{"userProfilePK":87578117,"calendarDate":"2021-07-16","deviceId":3324959462,"timestamp":"2021-07-15T22:26:27.0","sport":"RUNNING","subSport":"GENERIC","weeklyTrainingLoadSum":1883,"loadTunnelMin":722,"loadTunnelMax":1540,"trainingStatus":"PRODUCTIVE","fitnessLevelTrend":"NO_CHANGE","loadLevelTrend":"INCREASING","trainingStatusFeedbackPhrase":"PRODUCTIVE_AER_LOW_SHORT"},{"userProfilePK":87578117,"calendarDate":"2021-07-16","deviceId":3324959462,"timestamp":"2021-07-16T16:40:11.0","sport":"RUNNING","subSport":"GENERIC","weeklyTrainingLoadSum":2092,"loadTunnelMin":722,"loadTunnelMax":1540,"trainingStatus":"PRODUCTIVE","fitnessLevelTrend":"NO_CHANGE","loadLevelTrend":"INCREASING","trainingStatusFeedbackPhrase":"PRODUCTIVE_AER_LOW_SHORT"},{"userProfilePK":87578117,"calendarDate":"2021-07-17","deviceId":3324959462,"timestamp":"2021-07-16T22:03:27.0","sport":"RUNNING","subSport":"GENERIC","weeklyTrainingLoadSum":2092,"loadTunnelMin":722,"loadTunnelMax":1540,"trainingStatus":"PRODUCTIVE","fitnessLevelTrend":"NO_CHANGE","loadLevelTrend":"INCREASING","trainingStatusFeedbackPhrase":"PRODUCTIVE_AER_LOW_SHORT"},{"userProfilePK":87578117,"calendarDate":"2021-07-17","deviceId":3324959462,"timestamp":"2021-07-17T06:53:04.0","sport":"RUNNING","subSport":"GENERIC","weeklyTrainingLoadSum":2266,"loadTunnelMin":722,"loadTunnelMax":1540,"trainingStatus":"PRODUCTIVE","fitnessLevelTrend":"NO_CHANGE","loadLevelTrend":"INCREASING","trainingStatusFeedbackPhrase":"PRODUCTIVE_AER_LOW_SHORT"},{"userProfilePK":87578117,"calendarDate":"2021-07-17","deviceId":3324959462,"timestamp":"2021-07-17T08:27:46.0","sport":"RUNNING","subSport":"GENERIC","weeklyTrainingLoadSum":2327,"loadTunnelMin":722,"loadTunnelMax":1540,"trainingStatus":"PRODUCTIVE","fitnessLevelTrend":"NO_CHANGE","loadLevelTrend":"INCREASING","trainingStatusFeedbackPhrase":"PRODUCTIVE_AER_LOW_SHORT"},{"userProfilePK":87578117,"calendarDate":"2021-07-17","deviceId":3324959462,"timestamp":"2021-07-17T18:34:30.0","sport":"RUNNING","subSport":"GENERIC","weeklyTrainingLoadSum":2385,"loadTunnelMin":722,"loadTunnelMax":1540,"trainingStatus":"PRODUCTIVE","fitnessLevelTrend":"NO_CHANGE","loadLevelTrend":"INCREASING","trainingStatusFeedbackPhrase":"PRODUCTIVE_ABOVE_TARGETS"},{"userProfilePK":87578117,"calendarDate":"2021-07-18","deviceId":3324959462,"timestamp":"2021-07-17T22:03:29.0","sport":"RUNNING","subSport":"GENERIC","weeklyTrainingLoadSum":2385,"loadTunnelMin":722,"loadTunnelMax":1540,"trainingStatus":"PRODUCTIVE","fitnessLevelTrend":"NO_CHANGE","loadLevelTrend":"INCREASING","trainingStatusFeedbackPhrase":"PRODUCTIVE_ABOVE_TARGETS"},{"userProfilePK":87578117,"calendarDate":"2021-07-19","deviceId":3324959462,"timestamp":"2021-07-18T22:03:31.0","sport":"RUNNING","subSport":"GENERIC","weeklyTrainingLoadSum":2153,"loadTunnelMin":722,"loadTunnelMax":1540,"trainingStatus":"PRODUCTIVE","fitnessLevelTrend":"NO_CHANGE","loadLevelTrend":"INCREASING","trainingStatusFeedbackPhrase":"PRODUCTIVE_ABOVE_TARGETS"},{"userProfilePK":87578117,"calendarDate":"2021-07-19","deviceId":3324959462,"timestamp":"2021-07-19T06:23:04.0","sport":"RUNNING","subSport":"GENERIC","weeklyTrainingLoadSum":2219,"loadTunnelMin":722,"loadTunnelMax":1540,"trainingStatus":"PRODUCTIVE","fitnessLevelTrend":"NO_CHANGE","loadLevelTrend":"INCREASING","trainingStatusFeedbackPhrase":"PRODUCTIVE_ABOVE_TARGETS"},{"userProfilePK":87578117,"calendarDate":"2021-07-19","deviceId":3324959462,"timestamp":"2021-07-19T14:57:38.0","sport":"RUNNING","subSport":"GENERIC","weeklyTrainingLoadSum":2311,"loadTunnelMin":722,"loadTunnelMax":1540,"trainingStatus":"PRODUCTIVE","fitnessLevelTrend":"NO_CHANGE","loadLevelTrend":"INCREASING","trainingStatusFeedbackPhrase":"PRODUCTIVE_ABOVE_TARGETS"},{"userProfilePK":87578117,"calendarDate":"2021-07-19","deviceId":3324959462,"timestamp":"2021-07-19T17:18:16.0","sport":"RUNNING","subSport":"GENERIC","weeklyTrainingLoadSum":2322,"loadTunnelMin":722,"loadTunnelMax":1540,"trainingStatus":"PRODUCTIVE","fitnessLevelTrend":"NO_CHANGE","loadLevelTrend":"INCREASING","trainingStatusFeedbackPhrase":"PRODUCTIVE_ABOVE_TARGETS"},{"userProfilePK":87578117,"calendarDate":"2021-07-19","deviceId":3324959462,"timestamp":"2021-07-19T17:28:48.0","sport":"RUNNING","subSport":"GENERIC","weeklyTrainingLoadSum":2323,"loadTunnelMin":722,"loadTunnelMax":1540,"trainingStatus":"PRODUCTIVE","fitnessLevelTrend":"NO_CHANGE","loadLevelTrend":"INCREASING","trainingStatusFeedbackPhrase":"PRODUCTIVE_ABOVE_TARGETS"},{"userProfilePK":87578117,"calendarDate":"2021-07-20","deviceId":3324959462,"timestamp":"2021-07-19T22:03:32.0","sport":"RUNNING","subSport":"GENERIC","weeklyTrainingLoadSum":1639,"loadTunnelMin":722,"loadTunnelMax":1540,"trainingStatus":"PRODUCTIVE","fitnessLevelTrend":"NO_CHANGE","loadLevelTrend":"NO_CHANGE","trainingStatusFeedbackPhrase":"PRODUCTIVE_ABOVE_TARGETS"},{"userProfilePK":87578117,"calendarDate":"2021-07-20","deviceId":3324959462,"timestamp":"2021-07-20T06:04:38.0","sport":"RUNNING","subSport":"GENERIC","weeklyTrainingLoadSum":2196,"loadTunnelMin":722,"loadTunnelMax":1540,"trainingStatus":"PRODUCTIVE","fitnessLevelTrend":"NO_CHANGE","loadLevelTrend":"INCREASING","trainingStatusFeedbackPhrase":"PRODUCTIVE_ABOVE_TARGETS"},{"userProfilePK":87578117,"calendarDate":"2021-07-20","deviceId":3324959462,"timestamp":"2021-07-20T16:06:27.0","sport":"RUNNING","subSport":"GENERIC","weeklyTrainingLoadSum":2378,"loadTunnelMin":722,"loadTunnelMax":1540,"trainingStatus":"OVERREACHING","fitnessLevelTrend":"DECREASING","loadLevelTrend":"INCREASING","trainingStatusFeedbackPhrase":"OVERREACHING_ABOVE_TARGETS"},{"userProfilePK":87578117,"calendarDate":"2021-07-20","deviceId":3324959462,"timestamp":"2021-07-20T16:11:26.0","sport":"RUNNING","subSport":"GENERIC","weeklyTrainingLoadSum":3274,"loadTunnelMin":722,"loadTunnelMax":1540,"trainingStatus":"OVERREACHING","fitnessLevelTrend":"DECREASING","loadLevelTrend":"INCREASING","trainingStatusFeedbackPhrase":"OVERREACHING_ABOVE_TARGETS"},{"userProfilePK":87578117,"calendarDate":"2021-07-21","deviceId":3324959462,"timestamp":"2021-07-20T22:03:34.0","sport":"RUNNING","subSport":"GENERIC","weeklyTrainingLoadSum":3155,"loadTunnelMin":722,"loadTunnelMax":1540,"trainingStatus":"OVERREACHING","fitnessLevelTrend":"DECREASING","loadLevelTrend":"INCREASING","trainingStatusFeedbackPhrase":"OVERREACHING_ABOVE_TARGETS"},{"userProfilePK":87578117,"calendarDate":"2021-07-21","deviceId":3324959462,"timestamp":"2021-07-21T15:04:44.0","sport":"RUNNING","subSport":"GENERIC","weeklyTrainingLoadSum":3283,"loadTunnelMin":722,"loadTunnelMax":1540,"trainingStatus":"OVERREACHING","fitnessLevelTrend":"DECREASING","loadLevelTrend":"INCREASING","trainingStatusFeedbackPhrase":"OVERREACHING_ABOVE_TARGETS"},{"userProfilePK":87578117,"calendarDate":"2021-07-22","deviceId":3324959462,"timestamp":"2021-07-21T22:03:35.0","sport":"RUNNING","subSport":"GENERIC","weeklyTrainingLoadSum":2435,"loadTunnelMin":722,"loadTunnelMax":1540,"trainingStatus":"OVERREACHING","fitnessLevelTrend":"DECREASING","loadLevelTrend":"INCREASING","trainingStatusFeedbackPhrase":"OVERREACHING_ABOVE_TARGETS"},{"userProfilePK":87578117,"calendarDate":"2021-07-22","deviceId":3324959462,"timestamp":"2021-07-22T06:13:35.0","sport":"RUNNING","subSport":"GENERIC","weeklyTrainingLoadSum":2480,"loadTunnelMin":722,"loadTunnelMax":1540,"trainingStatus":"OVERREACHING","fitnessLevelTrend":"DECREASING","loadLevelTrend":"INCREASING","trainingStatusFeedbackPhrase":"OVERREACHING_ABOVE_TARGETS"},{"userProfilePK":87578117,"calendarDate":"2021-07-22","deviceId":3324959462,"timestamp":"2021-07-22T10:33:30.0","sport":"RUNNING","subSport":"GENERIC","weeklyTrainingLoadSum":2534,"loadTunnelMin":722,"loadTunnelMax":1540,"trainingStatus":"OVERREACHING","fitnessLevelTrend":"DECREASING","loadLevelTrend":"INCREASING","trainingStatusFeedbackPhrase":"OVERREACHING_ABOVE_TARGETS"},{"userProfilePK":87578117,"calendarDate":"2021-07-22","deviceId":3324959462,"timestamp":"2021-07-22T10:39:26.0","sport":"RUNNING","subSport":"GENERIC","weeklyTrainingLoadSum":2593,"loadTunnelMin":722,"loadTunnelMax":1540,"trainingStatus":"OVERREACHING","fitnessLevelTrend":"DECREASING","loadLevelTrend":"INCREASING","trainingStatusFeedbackPhrase":"OVERREACHING_ABOVE_TARGETS"},{"userProfilePK":87578117,"calendarDate":"2021-07-23","deviceId":3324959462,"timestamp":"2021-07-22T22:03:37.0","sport":"RUNNING","subSport":"GENERIC","weeklyTrainingLoadSum":2384,"loadTunnelMin":722,"loadTunnelMax":1540,"trainingStatus":"OVERREACHING","fitnessLevelTrend":"DECREASING","loadLevelTrend":"INCREASING","trainingStatusFeedbackPhrase":"OVERREACHING_ABOVE_TARGETS"},{"userProfilePK":87578117,"calendarDate":"2021-07-24","deviceId":3324959462,"timestamp":"2021-07-23T22:03:39.0","sport":"RUNNING","subSport":"GENERIC","weeklyTrainingLoadSum":2091,"loadTunnelMin":722,"loadTunnelMax":1540,"trainingStatus":"OVERREACHING","fitnessLevelTrend":"DECREASING","loadLevelTrend":"NO_CHANGE","trainingStatusFeedbackPhrase":"OVERREACHING_ABOVE_TARGETS"},{"userProfilePK":87578117,"calendarDate":"2021-07-25","deviceId":3324959462,"timestamp":"2021-07-24T22:03:40.0","sport":"RUNNING","subSport":"GENERIC","weeklyTrainingLoadSum":2091,"loadTunnelMin":722,"loadTunnelMax":1540,"trainingStatus":"OVERREACHING","fitnessLevelTrend":"DECREASING","loadLevelTrend":"NO_CHANGE","trainingStatusFeedbackPhrase":"OVERREACHING_ABOVE_TARGETS"},{"userProfilePK":87578117,"calendarDate":"2021-07-26","deviceId":3324959462,"timestamp":"2021-07-25T22:03:42.0","sport":"RUNNING","subSport":"GENERIC","weeklyTrainingLoadSum":1921,"loadTunnelMin":722,"loadTunnelMax":1540,"trainingStatus":"OVERREACHING","fitnessLevelTrend":"DECREASING","loadLevelTrend":"NO_CHANGE","trainingStatusFeedbackPhrase":"OVERREACHING_ABOVE_TARGETS"},{"userProfilePK":87578117,"calendarDate":"2021-07-26","deviceId":3324959462,"timestamp":"2021-07-26T06:19:21.0","sport":"RUNNING","subSport":"GENERIC","weeklyTrainingLoadSum":2251,"loadTunnelMin":722,"loadTunnelMax":1540,"trainingStatus":"OVERREACHING","fitnessLevelTrend":"DECREASING","loadLevelTrend":"NO_CHANGE","trainingStatusFeedbackPhrase":"OVERREACHING_ABOVE_TARGETS"},{"userProfilePK":87578117,"calendarDate":"2021-07-27","deviceId":3324959462,"timestamp":"2021-07-26T22:03:43.0","sport":"RUNNING","subSport":"GENERIC","weeklyTrainingLoadSum":616,"loadTunnelMin":722,"loadTunnelMax":1540,"trainingStatus":"OVERREACHING","fitnessLevelTrend":"DECREASING","loadLevelTrend":"DECREASING","trainingStatusFeedbackPhrase":"OVERREACHING_ABOVE_TARGETS"},{"userProfilePK":87578117,"calendarDate":"2021-07-27","deviceId":3324959462,"timestamp":"2021-07-27T12:01:11.0","sport":"RUNNING","subSport":"GENERIC","weeklyTrainingLoadSum":652,"loadTunnelMin":722,"loadTunnelMax":1540,"trainingStatus":"UNPRODUCTIVE","fitnessLevelTrend":"DECREASING","loadLevelTrend":"DECREASING","trainingStatusFeedbackPhrase":"UNPRODUCTIVE_ABOVE_TARGETS"},{"userProfilePK":87578117,"calendarDate":"2021-07-27","deviceId":3324959462,"timestamp":"2021-07-27T12:08:40.0","sport":"RUNNING","subSport":"GENERIC","weeklyTrainingLoadSum":1437,"loadTunnelMin":722,"loadTunnelMax":1540,"trainingStatus":"UNPRODUCTIVE","fitnessLevelTrend":"DECREASING","loadLevelTrend":"DECREASING","trainingStatusFeedbackPhrase":"UNPRODUCTIVE_ABOVE_TARGETS"},{"userProfilePK":87578117,"calendarDate":"2021-07-28","deviceId":3324959462,"timestamp":"2021-07-27T22:03:45.0","sport":"RUNNING","subSport":"GENERIC","weeklyTrainingLoadSum":1309,"loadTunnelMin":722,"loadTunnelMax":1540,"trainingStatus":"UNPRODUCTIVE","fitnessLevelTrend":"DECREASING","loadLevelTrend":"DECREASING","trainingStatusFeedbackPhrase":"UNPRODUCTIVE_ABOVE_TARGETS"},{"userProfilePK":87578117,"calendarDate":"2021-07-29","deviceId":3324959462,"timestamp":"2021-07-28T22:03:47.0","sport":"RUNNING","subSport":"GENERIC","weeklyTrainingLoadSum":1151,"loadTunnelMin":722,"loadTunnelMax":1540,"trainingStatus":"UNPRODUCTIVE","fitnessLevelTrend":"DECREASING","loadLevelTrend":"DECREASING","trainingStatusFeedbackPhrase":"UNPRODUCTIVE_ABOVE_TARGETS"},{"userProfilePK":87578117,"calendarDate":"2021-07-29","deviceId":3324959462,"timestamp":"2021-07-29T06:14:21.0","sport":"RUNNING","subSport":"GENERIC","weeklyTrainingLoadSum":1524,"loadTunnelMin":722,"loadTunnelMax":1540,"trainingStatus":"UNPRODUCTIVE","fitnessLevelTrend":"DECREASING","loadLevelTrend":"DECREASING","trainingStatusFeedbackPhrase":"UNPRODUCTIVE_ABOVE_TARGETS"},{"userProfilePK":87578117,"calendarDate":"2021-07-30","deviceId":3324959462,"timestamp":"2021-07-29T22:03:48.0","sport":"RUNNING","subSport":"GENERIC","weeklyTrainingLoadSum":1524,"loadTunnelMin":722,"loadTunnelMax":1540,"trainingStatus":"UNPRODUCTIVE","fitnessLevelTrend":"DECREASING","loadLevelTrend":"DECREASING","trainingStatusFeedbackPhrase":"UNPRODUCTIVE_ABOVE_TARGETS"},{"userProfilePK":87578117,"calendarDate":"2021-07-30","deviceId":3324959462,"timestamp":"2021-07-30T07:33:34.0","sport":"RUNNING","subSport":"GENERIC","weeklyTrainingLoadSum":1594,"loadTunnelMin":722,"loadTunnelMax":1540,"trainingStatus":"PRODUCTIVE","fitnessLevelTrend":"NO_CHANGE","loadLevelTrend":"DECREASING","trainingStatusFeedbackPhrase":"PRODUCTIVE_ABOVE_TARGETS"},{"userProfilePK":87578117,"calendarDate":"2021-07-30","deviceId":3324959462,"timestamp":"2021-07-30T07:36:45.0","sport":"RUNNING","subSport":"GENERIC","weeklyTrainingLoadSum":2266,"loadTunnelMin":722,"loadTunnelMax":1540,"trainingStatus":"PRODUCTIVE","fitnessLevelTrend":"NO_CHANGE","loadLevelTrend":"NO_CHANGE","trainingStatusFeedbackPhrase":"PRODUCTIVE_ABOVE_TARGETS"},{"userProfilePK":87578117,"calendarDate":"2021-07-30","deviceId":3324959462,"timestamp":"2021-07-30T09:55:01.0","sport":"RUNNING","subSport":"GENERIC","weeklyTrainingLoadSum":2325,"loadTunnelMin":722,"loadTunnelMax":1540,"trainingStatus":"PRODUCTIVE","fitnessLevelTrend":"NO_CHANGE","loadLevelTrend":"NO_CHANGE","trainingStatusFeedbackPhrase":"PRODUCTIVE_ABOVE_TARGETS"},{"userProfilePK":87578117,"calendarDate":"2021-07-30","deviceId":3324959462,"timestamp":"2021-07-30T12:53:15.0","sport":"RUNNING","subSport":"GENERIC","weeklyTrainingLoadSum":2325,"loadTunnelMin":722,"loadTunnelMax":1540,"trainingStatus":"PRODUCTIVE","fitnessLevelTrend":"NO_CHANGE","loadLevelTrend":"NO_CHANGE","trainingStatusFeedbackPhrase":"PRODUCTIVE_ABOVE_TARGETS"},{"userProfilePK":87578117,"calendarDate":"2021-07-30","deviceId":3324959462,"timestamp":"2021-07-30T13:27:17.0","sport":"RUNNING","subSport":"GENERIC","weeklyTrainingLoadSum":2695,"loadTunnelMin":722,"loadTunnelMax":1540,"trainingStatus":"PRODUCTIVE","fitnessLevelTrend":"NO_CHANGE","loadLevelTrend":"INCREASING","trainingStatusFeedbackPhrase":"PRODUCTIVE_ABOVE_TARGETS"},{"userProfilePK":87578117,"calendarDate":"2021-07-31","deviceId":3324959462,"timestamp":"2021-07-30T22:03:53.0","sport":"RUNNING","subSport":"GENERIC","weeklyTrainingLoadSum":2695,"loadTunnelMin":722,"loadTunnelMax":1540,"trainingStatus":"PRODUCTIVE","fitnessLevelTrend":"NO_CHANGE","loadLevelTrend":"INCREASING","trainingStatusFeedbackPhrase":"PRODUCTIVE_ABOVE_TARGETS"},{"userProfilePK":87578117,"calendarDate":"2021-08-01","deviceId":3324959462,"timestamp":"2021-07-31T22:03:54.0","sport":"RUNNING","subSport":"GENERIC","weeklyTrainingLoadSum":2695,"loadTunnelMin":722,"loadTunnelMax":1540,"trainingStatus":"PRODUCTIVE","fitnessLevelTrend":"NO_CHANGE","loadLevelTrend":"INCREASING","trainingStatusFeedbackPhrase":"PRODUCTIVE_ABOVE_TARGETS"},{"userProfilePK":87578117,"calendarDate":"2021-08-02","deviceId":3324959462,"timestamp":"2021-08-01T22:03:56.0","sport":"RUNNING","subSport":"GENERIC","weeklyTrainingLoadSum":1580,"loadTunnelMin":722,"loadTunnelMax":1540,"trainingStatus":"PRODUCTIVE","fitnessLevelTrend":"NO_CHANGE","loadLevelTrend":"DECREASING","trainingStatusFeedbackPhrase":"PRODUCTIVE_ABOVE_TARGETS"},{"userProfilePK":87578117,"calendarDate":"2021-08-02","deviceId":3324959462,"timestamp":"2021-08-02T09:58:20.0","sport":"RUNNING","subSport":"GENERIC","weeklyTrainingLoadSum":2128,"loadTunnelMin":722,"loadTunnelMax":1540,"trainingStatus":"PRODUCTIVE","fitnessLevelTrend":"NO_CHANGE","loadLevelTrend":"NO_CHANGE","trainingStatusFeedbackPhrase":"PRODUCTIVE_ABOVE_TARGETS"},{"userProfilePK":87578117,"calendarDate":"2021-08-02","deviceId":3324959462,"timestamp":"2021-08-02T10:33:51.0","sport":"RUNNING","subSport":"GENERIC","weeklyTrainingLoadSum":2145,"loadTunnelMin":722,"loadTunnelMax":1540,"trainingStatus":"PRODUCTIVE","fitnessLevelTrend":"NO_CHANGE","loadLevelTrend":"NO_CHANGE","trainingStatusFeedbackPhrase":"PRODUCTIVE_ABOVE_TARGETS"},{"userProfilePK":87578117,"calendarDate":"2021-08-02","deviceId":3324959462,"timestamp":"2021-08-02T18:35:33.0","sport":"RUNNING","subSport":"GENERIC","weeklyTrainingLoadSum":2156,"loadTunnelMin":722,"loadTunnelMax":1540,"trainingStatus":"PRODUCTIVE","fitnessLevelTrend":"NO_CHANGE","loadLevelTrend":"NO_CHANGE","trainingStatusFeedbackPhrase":"PRODUCTIVE_ABOVE_TARGETS"},{"userProfilePK":87578117,"calendarDate":"2021-08-03","deviceId":3324959462,"timestamp":"2021-08-02T22:03:59.0","sport":"RUNNING","subSport":"GENERIC","weeklyTrainingLoadSum":2120,"loadTunnelMin":722,"loadTunnelMax":1540,"trainingStatus":"PRODUCTIVE","fitnessLevelTrend":"NO_CHANGE","loadLevelTrend":"NO_CHANGE","trainingStatusFeedbackPhrase":"PRODUCTIVE_ABOVE_TARGETS"},{"userProfilePK":87578117,"calendarDate":"2021-08-03","deviceId":3324959462,"timestamp":"2021-08-03T11:54:28.0","sport":"RUNNING","subSport":"GENERIC","weeklyTrainingLoadSum":2148,"loadTunnelMin":722,"loadTunnelMax":1540,"trainingStatus":"PRODUCTIVE","fitnessLevelTrend":"NO_CHANGE","loadLevelTrend":"NO_CHANGE","trainingStatusFeedbackPhrase":"PRODUCTIVE_ABOVE_TARGETS"},{"userProfilePK":87578117,"calendarDate":"2021-08-03","deviceId":3324959462,"timestamp":"2021-08-03T16:00:14.0","sport":"RUNNING","subSport":"GENERIC","weeklyTrainingLoadSum":2653,"loadTunnelMin":722,"loadTunnelMax":1540,"trainingStatus":"PRODUCTIVE","fitnessLevelTrend":"NO_CHANGE","loadLevelTrend":"NO_CHANGE","trainingStatusFeedbackPhrase":"PRODUCTIVE_ABOVE_TARGETS"},{"userProfilePK":87578117,"calendarDate":"2021-08-04","deviceId":3324959462,"timestamp":"2021-08-03T22:04:01.0","sport":"RUNNING","subSport":"GENERIC","weeklyTrainingLoadSum":2653,"loadTunnelMin":722,"loadTunnelMax":1540,"trainingStatus":"PRODUCTIVE","fitnessLevelTrend":"NO_CHANGE","loadLevelTrend":"INCREASING","trainingStatusFeedbackPhrase":"PRODUCTIVE_ABOVE_TARGETS"},{"userProfilePK":87578117,"calendarDate":"2021-08-04","deviceId":3324959462,"timestamp":"2021-08-04T12:22:47.0","sport":"RUNNING","subSport":"GENERIC","weeklyTrainingLoadSum":2747,"loadTunnelMin":722,"loadTunnelMax":1540,"trainingStatus":"PRODUCTIVE","fitnessLevelTrend":"NO_CHANGE","loadLevelTrend":"INCREASING","trainingStatusFeedbackPhrase":"PRODUCTIVE_ABOVE_TARGETS"},{"userProfilePK":87578117,"calendarDate":"2021-08-05","deviceId":3324959462,"timestamp":"2021-08-04T22:04:03.0","sport":"RUNNING","subSport":"GENERIC","weeklyTrainingLoadSum":1702,"loadTunnelMin":722,"loadTunnelMax":1540,"trainingStatus":"PRODUCTIVE","fitnessLevelTrend":"NO_CHANGE","loadLevelTrend":"DECREASING","trainingStatusFeedbackPhrase":"PRODUCTIVE_ABOVE_TARGETS"},{"userProfilePK":87578117,"calendarDate":"2021-08-05","deviceId":3324959462,"timestamp":"2021-08-05T16:20:48.0","sport":"RUNNING","subSport":"GENERIC","weeklyTrainingLoadSum":1716,"loadTunnelMin":722,"loadTunnelMax":1540,"trainingStatus":"PRODUCTIVE","fitnessLevelTrend":"NO_CHANGE","loadLevelTrend":"DECREASING","trainingStatusFeedbackPhrase":"PRODUCTIVE_ABOVE_TARGETS"},{"userProfilePK":87578117,"calendarDate":"2021-08-05","deviceId":3324959462,"timestamp":"2021-08-05T19:20:33.0","sport":"RUNNING","subSport":"GENERIC","weeklyTrainingLoadSum":2361,"loadTunnelMin":722,"loadTunnelMax":1540,"trainingStatus":"PRODUCTIVE","fitnessLevelTrend":"NO_CHANGE","loadLevelTrend":"NO_CHANGE","trainingStatusFeedbackPhrase":"PRODUCTIVE_ABOVE_TARGETS"},{"userProfilePK":87578117,"calendarDate":"2021-08-06","deviceId":3324959462,"timestamp":"2021-08-05T22:04:05.0","sport":"RUNNING","subSport":"GENERIC","weeklyTrainingLoadSum":1862,"loadTunnelMin":722,"loadTunnelMax":1540,"trainingStatus":"PRODUCTIVE","fitnessLevelTrend":"NO_CHANGE","loadLevelTrend":"DECREASING","trainingStatusFeedbackPhrase":"PRODUCTIVE_ABOVE_TARGETS"},{"userProfilePK":87578117,"calendarDate":"2021-08-06","deviceId":3324959462,"timestamp":"2021-08-06T08:27:24.0","sport":"RUNNING","subSport":"GENERIC","weeklyTrainingLoadSum":2021,"loadTunnelMin":722,"loadTunnelMax":1540,"trainingStatus":"PRODUCTIVE","fitnessLevelTrend":"NO_CHANGE","loadLevelTrend":"NO_CHANGE","trainingStatusFeedbackPhrase":"PRODUCTIVE_ABOVE_TARGETS"},{"userProfilePK":87578117,"calendarDate":"2021-08-07","deviceId":3324959462,"timestamp":"2021-08-06T22:04:06.0","sport":"RUNNING","subSport":"GENERIC","weeklyTrainingLoadSum":2021,"loadTunnelMin":722,"loadTunnelMax":1540,"trainingStatus":"PRODUCTIVE","fitnessLevelTrend":"NO_CHANGE","loadLevelTrend":"NO_CHANGE","trainingStatusFeedbackPhrase":"PRODUCTIVE_ABOVE_TARGETS"},{"userProfilePK":87578117,"calendarDate":"2021-08-07","deviceId":3324959462,"timestamp":"2021-08-07T11:42:42.0","sport":"RUNNING","subSport":"GENERIC","weeklyTrainingLoadSum":2021,"loadTunnelMin":722,"loadTunnelMax":1540,"trainingStatus":"PRODUCTIVE","fitnessLevelTrend":"NO_CHANGE","loadLevelTrend":"NO_CHANGE","trainingStatusFeedbackPhrase":"PRODUCTIVE_ABOVE_TARGETS"},{"userProfilePK":87578117,"calendarDate":"2021-08-07","deviceId":3324959462,"timestamp":"2021-08-07T11:55:53.0","sport":"RUNNING","subSport":"GENERIC","weeklyTrainingLoadSum":2030,"loadTunnelMin":722,"loadTunnelMax":1540,"trainingStatus":"PRODUCTIVE","fitnessLevelTrend":"NO_CHANGE","loadLevelTrend":"NO_CHANGE","trainingStatusFeedbackPhrase":"PRODUCTIVE_ABOVE_TARGETS"},{"userProfilePK":87578117,"calendarDate":"2021-08-07","deviceId":3324959462,"timestamp":"2021-08-07T16:59:31.0","sport":"RUNNING","subSport":"GENERIC","weeklyTrainingLoadSum":2040,"loadTunnelMin":722,"loadTunnelMax":1540,"trainingStatus":"PRODUCTIVE","fitnessLevelTrend":"NO_CHANGE","loadLevelTrend":"NO_CHANGE","trainingStatusFeedbackPhrase":"PRODUCTIVE_ABOVE_TARGETS"},{"userProfilePK":87578117,"calendarDate":"2021-08-07","deviceId":3324959462,"timestamp":"2021-08-07T17:06:07.0","sport":"RUNNING","subSport":"GENERIC","weeklyTrainingLoadSum":2040,"loadTunnelMin":722,"loadTunnelMax":1540,"trainingStatus":"PRODUCTIVE","fitnessLevelTrend":"NO_CHANGE","loadLevelTrend":"NO_CHANGE","trainingStatusFeedbackPhrase":"PRODUCTIVE_ABOVE_TARGETS"},{"userProfilePK":87578117,"calendarDate":"2021-08-07","deviceId":3324959462,"timestamp":"2021-08-07T17:43:16.0","sport":"RUNNING","subSport":"GENERIC","weeklyTrainingLoadSum":2239,"loadTunnelMin":722,"loadTunnelMax":1540,"trainingStatus":"PRODUCTIVE","fitnessLevelTrend":"NO_CHANGE","loadLevelTrend":"NO_CHANGE","trainingStatusFeedbackPhrase":"PRODUCTIVE_ABOVE_TARGETS"},{"userProfilePK":87578117,"calendarDate":"2021-08-08","deviceId":3324959462,"timestamp":"2021-08-07T22:04:08.0","sport":"RUNNING","subSport":"GENERIC","weeklyTrainingLoadSum":2239,"loadTunnelMin":722,"loadTunnelMax":1540,"trainingStatus":"PRODUCTIVE","fitnessLevelTrend":"NO_CHANGE","loadLevelTrend":"NO_CHANGE","trainingStatusFeedbackPhrase":"PRODUCTIVE_ABOVE_TARGETS"},{"userProfilePK":87578117,"calendarDate":"2021-08-09","deviceId":3324959462,"timestamp":"2021-08-08T22:04:10.0","sport":"RUNNING","subSport":"GENERIC","weeklyTrainingLoadSum":1663,"loadTunnelMin":722,"loadTunnelMax":1540,"trainingStatus":"PRODUCTIVE","fitnessLevelTrend":"NO_CHANGE","loadLevelTrend":"DECREASING","trainingStatusFeedbackPhrase":"PRODUCTIVE_ABOVE_TARGETS"},{"userProfilePK":87578117,"calendarDate":"2021-08-09","deviceId":3324959462,"timestamp":"2021-08-09T04:38:37.0","sport":"RUNNING","subSport":"GENERIC","weeklyTrainingLoadSum":1719,"loadTunnelMin":722,"loadTunnelMax":1540,"trainingStatus":"PRODUCTIVE","fitnessLevelTrend":"NO_CHANGE","loadLevelTrend":"DECREASING","trainingStatusFeedbackPhrase":"PRODUCTIVE_ABOVE_TARGETS"},{"userProfilePK":87578117,"calendarDate":"2021-08-09","deviceId":3324959462,"timestamp":"2021-08-09T09:14:01.0","sport":"RUNNING","subSport":"GENERIC","weeklyTrainingLoadSum":2388,"loadTunnelMin":722,"loadTunnelMax":1540,"trainingStatus":"PRODUCTIVE","fitnessLevelTrend":"NO_CHANGE","loadLevelTrend":"NO_CHANGE","trainingStatusFeedbackPhrase":"PRODUCTIVE_ABOVE_TARGETS"},{"userProfilePK":87578117,"calendarDate":"2021-08-10","deviceId":3324959462,"timestamp":"2021-08-09T22:04:12.0","sport":"RUNNING","subSport":"GENERIC","weeklyTrainingLoadSum":1855,"loadTunnelMin":722,"loadTunnelMax":1540,"trainingStatus":"PRODUCTIVE","fitnessLevelTrend":"NO_CHANGE","loadLevelTrend":"DECREASING","trainingStatusFeedbackPhrase":"PRODUCTIVE_ABOVE_TARGETS"},{"userProfilePK":87578117,"calendarDate":"2021-08-10","deviceId":3324959462,"timestamp":"2021-08-10T19:25:36.0","sport":"RUNNING","subSport":"GENERIC","weeklyTrainingLoadSum":1975,"loadTunnelMin":722,"loadTunnelMax":1540,"trainingStatus":"PRODUCTIVE","fitnessLevelTrend":"NO_CHANGE","loadLevelTrend":"DECREASING","trainingStatusFeedbackPhrase":"PRODUCTIVE_ABOVE_TARGETS"},{"userProfilePK":87578117,"calendarDate":"2021-08-11","deviceId":3324959462,"timestamp":"2021-08-10T22:04:14.0","sport":"RUNNING","subSport":"GENERIC","weeklyTrainingLoadSum":1881,"loadTunnelMin":722,"loadTunnelMax":1540,"trainingStatus":"PRODUCTIVE","fitnessLevelTrend":"NO_CHANGE","loadLevelTrend":"DECREASING","trainingStatusFeedbackPhrase":"PRODUCTIVE_ABOVE_TARGETS"},{"userProfilePK":87578117,"calendarDate":"2021-08-11","deviceId":3324959462,"timestamp":"2021-08-11T05:59:02.0","sport":"RUNNING","subSport":"GENERIC","weeklyTrainingLoadSum":2459,"loadTunnelMin":722,"loadTunnelMax":1540,"trainingStatus":"PRODUCTIVE","fitnessLevelTrend":"NO_CHANGE","loadLevelTrend":"NO_CHANGE","trainingStatusFeedbackPhrase":"PRODUCTIVE_ABOVE_TARGETS"},{"userProfilePK":87578117,"calendarDate":"2021-08-12","deviceId":3324959462,"timestamp":"2021-08-11T22:04:16.0","sport":"RUNNING","subSport":"GENERIC","weeklyTrainingLoadSum":1800,"loadTunnelMin":722,"loadTunnelMax":1540,"trainingStatus":"PRODUCTIVE","fitnessLevelTrend":"NO_CHANGE","loadLevelTrend":"DECREASING","trainingStatusFeedbackPhrase":"PRODUCTIVE_ABOVE_TARGETS"},{"userProfilePK":87578117,"calendarDate":"2021-08-12","deviceId":3324959462,"timestamp":"2021-08-12T06:41:42.0","sport":"RUNNING","subSport":"GENERIC","weeklyTrainingLoadSum":2625,"loadTunnelMin":722,"loadTunnelMax":1540,"trainingStatus":"PRODUCTIVE","fitnessLevelTrend":"NO_CHANGE","loadLevelTrend":"NO_CHANGE","trainingStatusFeedbackPhrase":"PRODUCTIVE_ABOVE_TARGETS"},{"userProfilePK":87578117,"calendarDate":"2021-08-13","deviceId":3324959462,"timestamp":"2021-08-12T22:04:18.0","sport":"RUNNING","subSport":"GENERIC","weeklyTrainingLoadSum":2466,"loadTunnelMin":722,"loadTunnelMax":1540,"trainingStatus":"PRODUCTIVE","fitnessLevelTrend":"NO_CHANGE","loadLevelTrend":"NO_CHANGE","trainingStatusFeedbackPhrase":"PRODUCTIVE_ABOVE_TARGETS"},{"userProfilePK":87578117,"calendarDate":"2021-08-13","deviceId":3324959462,"timestamp":"2021-08-13T18:19:10.0","sport":"RUNNING","subSport":"GENERIC","weeklyTrainingLoadSum":2911,"loadTunnelMin":722,"loadTunnelMax":1540,"trainingStatus":"PRODUCTIVE","fitnessLevelTrend":"NO_CHANGE","loadLevelTrend":"INCREASING","trainingStatusFeedbackPhrase":"PRODUCTIVE_ABOVE_TARGETS"},{"userProfilePK":87578117,"calendarDate":"2021-08-13","deviceId":3324959462,"timestamp":"2021-08-13T18:26:33.0","sport":"RUNNING","subSport":"GENERIC","weeklyTrainingLoadSum":3779,"loadTunnelMin":722,"loadTunnelMax":1540,"trainingStatus":"PRODUCTIVE","fitnessLevelTrend":"NO_CHANGE","loadLevelTrend":"INCREASING","trainingStatusFeedbackPhrase":"PRODUCTIVE_ABOVE_TARGETS"},{"userProfilePK":87578117,"calendarDate":"2021-08-13","deviceId":3324959462,"timestamp":"2021-08-13T18:26:36.0","sport":"RUNNING","subSport":"GENERIC","weeklyTrainingLoadSum":3907,"loadTunnelMin":722,"loadTunnelMax":1540,"trainingStatus":"PRODUCTIVE","fitnessLevelTrend":"NO_CHANGE","loadLevelTrend":"INCREASING","trainingStatusFeedbackPhrase":"PRODUCTIVE_ABOVE_TARGETS"},{"userProfilePK":87578117,"calendarDate":"2021-08-13","deviceId":3324959462,"timestamp":"2021-08-13T18:26:38.0","sport":"RUNNING","subSport":"GENERIC","weeklyTrainingLoadSum":4803,"loadTunnelMin":722,"loadTunnelMax":1540,"trainingStatus":"PRODUCTIVE","fitnessLevelTrend":"NO_CHANGE","loadLevelTrend":"INCREASING","trainingStatusFeedbackPhrase":"PRODUCTIVE_ABOVE_TARGETS"},{"userProfilePK":87578117,"calendarDate":"2021-08-13","deviceId":3324959462,"timestamp":"2021-08-13T18:26:40.0","sport":"RUNNING","subSport":"GENERIC","weeklyTrainingLoadSum":5193,"loadTunnelMin":722,"loadTunnelMax":1540,"trainingStatus":"PRODUCTIVE","fitnessLevelTrend":"NO_CHANGE","loadLevelTrend":"INCREASING","trainingStatusFeedbackPhrase":"PRODUCTIVE_ABOVE_TARGETS"},{"userProfilePK":87578117,"calendarDate":"2021-08-13","deviceId":3324959462,"timestamp":"2021-08-13T18:26:42.0","sport":"RUNNING","subSport":"GENERIC","weeklyTrainingLoadSum":5677,"loadTunnelMin":722,"loadTunnelMax":1540,"trainingStatus":"PRODUCTIVE","fitnessLevelTrend":"NO_CHANGE","loadLevelTrend":"INCREASING","trainingStatusFeedbackPhrase":"PRODUCTIVE_ABOVE_TARGETS"},{"userProfilePK":87578117,"calendarDate":"2021-08-14","deviceId":3324959462,"timestamp":"2021-08-13T22:04:20.0","sport":"RUNNING","subSport":"GENERIC","weeklyTrainingLoadSum":5459,"loadTunnelMin":722,"loadTunnelMax":1540,"trainingStatus":"PRODUCTIVE","fitnessLevelTrend":"NO_CHANGE","loadLevelTrend":"INCREASING","trainingStatusFeedbackPhrase":"PRODUCTIVE_ABOVE_TARGETS"},{"userProfilePK":87578117,"calendarDate":"2021-08-15","deviceId":3324959462,"timestamp":"2021-08-14T22:04:22.0","sport":"RUNNING","subSport":"GENERIC","weeklyTrainingLoadSum":5459,"loadTunnelMin":722,"loadTunnelMax":1540,"trainingStatus":"PRODUCTIVE","fitnessLevelTrend":"NO_CHANGE","loadLevelTrend":"INCREASING","trainingStatusFeedbackPhrase":"PRODUCTIVE_ABOVE_TARGETS"},{"userProfilePK":87578117,"calendarDate":"2021-08-15","deviceId":3324959462,"timestamp":"2021-08-15T11:30:07.0","sport":"RUNNING","subSport":"GENERIC","weeklyTrainingLoadSum":5463,"loadTunnelMin":722,"loadTunnelMax":1540,"trainingStatus":"PRODUCTIVE","fitnessLevelTrend":"NO_CHANGE","loadLevelTrend":"INCREASING","trainingStatusFeedbackPhrase":"PRODUCTIVE_ABOVE_TARGETS"},{"userProfilePK":87578117,"calendarDate":"2021-08-15","deviceId":3324959462,"timestamp":"2021-08-15T18:21:12.0","sport":"RUNNING","subSport":"GENERIC","weeklyTrainingLoadSum":5759,"loadTunnelMin":722,"loadTunnelMax":1540,"trainingStatus":"PRODUCTIVE","fitnessLevelTrend":"NO_CHANGE","loadLevelTrend":"INCREASING","trainingStatusFeedbackPhrase":"PRODUCTIVE_ABOVE_TARGETS"},{"userProfilePK":87578117,"calendarDate":"2021-08-16","deviceId":3324959462,"timestamp":"2021-08-15T22:04:25.0","sport":"RUNNING","subSport":"GENERIC","weeklyTrainingLoadSum":4166,"loadTunnelMin":722,"loadTunnelMax":1540,"trainingStatus":"PRODUCTIVE","fitnessLevelTrend":"NO_CHANGE","loadLevelTrend":"INCREASING","trainingStatusFeedbackPhrase":"PRODUCTIVE_AER_LOW_SHORT"},{"userProfilePK":87578117,"calendarDate":"2021-08-16","deviceId":3324959462,"timestamp":"2021-08-16T14:34:40.0","sport":"RUNNING","subSport":"GENERIC","weeklyTrainingLoadSum":4980,"loadTunnelMin":722,"loadTunnelMax":1540,"trainingStatus":"PRODUCTIVE","fitnessLevelTrend":"NO_CHANGE","loadLevelTrend":"INCREASING","trainingStatusFeedbackPhrase":"PRODUCTIVE_AER_LOW_SHORT"},{"userProfilePK":87578117,"calendarDate":"2021-08-17","deviceId":3324959462,"timestamp":"2021-08-16T22:04:26.0","sport":"RUNNING","subSport":"GENERIC","weeklyTrainingLoadSum":4732,"loadTunnelMin":722,"loadTunnelMax":1540,"trainingStatus":"PRODUCTIVE","fitnessLevelTrend":"NO_CHANGE","loadLevelTrend":"INCREASING","trainingStatusFeedbackPhrase":"PRODUCTIVE_AER_LOW_SHORT"},{"userProfilePK":87578117,"calendarDate":"2021-08-17","deviceId":3324959462,"timestamp":"2021-08-17T05:02:39.0","sport":"RUNNING","subSport":"GENERIC","weeklyTrainingLoadSum":4732,"loadTunnelMin":722,"loadTunnelMax":1540,"trainingStatus":"PRODUCTIVE","fitnessLevelTrend":"NO_CHANGE","loadLevelTrend":"INCREASING","trainingStatusFeedbackPhrase":"PRODUCTIVE_AER_LOW_SHORT"},{"userProfilePK":87578117,"calendarDate":"2021-08-17","deviceId":3324959462,"timestamp":"2021-08-17T07:39:03.0","sport":"RUNNING","subSport":"GENERIC","weeklyTrainingLoadSum":4831,"loadTunnelMin":722,"loadTunnelMax":1540,"trainingStatus":"PRODUCTIVE","fitnessLevelTrend":"NO_CHANGE","loadLevelTrend":"INCREASING","trainingStatusFeedbackPhrase":"PRODUCTIVE_AER_LOW_SHORT"},{"userProfilePK":87578117,"calendarDate":"2021-08-17","deviceId":3324959462,"timestamp":"2021-08-17T11:19:08.0","sport":"RUNNING","subSport":"GENERIC","weeklyTrainingLoadSum":4855,"loadTunnelMin":722,"loadTunnelMax":1540,"trainingStatus":"PRODUCTIVE","fitnessLevelTrend":"NO_CHANGE","loadLevelTrend":"INCREASING","trainingStatusFeedbackPhrase":"PRODUCTIVE_AER_LOW_SHORT"},{"userProfilePK":87578117,"calendarDate":"2021-08-18","deviceId":3324959462,"timestamp":"2021-08-17T22:04:28.0","sport":"RUNNING","subSport":"GENERIC","weeklyTrainingLoadSum":3381,"loadTunnelMin":722,"loadTunnelMax":1540,"trainingStatus":"PRODUCTIVE","fitnessLevelTrend":"NO_CHANGE","loadLevelTrend":"NO_CHANGE","trainingStatusFeedbackPhrase":"PRODUCTIVE_AER_LOW_SHORT"},{"userProfilePK":87578117,"calendarDate":"2021-08-18","deviceId":3324959462,"timestamp":"2021-08-18T11:02:05.0","sport":"RUNNING","subSport":"GENERIC","weeklyTrainingLoadSum":3407,"loadTunnelMin":722,"loadTunnelMax":1540,"trainingStatus":"PRODUCTIVE","fitnessLevelTrend":"NO_CHANGE","loadLevelTrend":"INCREASING","trainingStatusFeedbackPhrase":"PRODUCTIVE_AER_LOW_SHORT"},{"userProfilePK":87578117,"calendarDate":"2021-08-19","deviceId":3324959462,"timestamp":"2021-08-18T22:04:31.0","sport":"RUNNING","subSport":"GENERIC","weeklyTrainingLoadSum":1708,"loadTunnelMin":722,"loadTunnelMax":1540,"trainingStatus":"PRODUCTIVE","fitnessLevelTrend":"NO_CHANGE","loadLevelTrend":"DECREASING","trainingStatusFeedbackPhrase":"PRODUCTIVE_AER_LOW_SHORT"},{"userProfilePK":87578117,"calendarDate":"2021-08-20","deviceId":3324959462,"timestamp":"2021-08-19T22:04:32.0","sport":"RUNNING","subSport":"GENERIC","weeklyTrainingLoadSum":1263,"loadTunnelMin":722,"loadTunnelMax":1540,"trainingStatus":"PRODUCTIVE","fitnessLevelTrend":"NO_CHANGE","loadLevelTrend":"DECREASING","trainingStatusFeedbackPhrase":"PRODUCTIVE_AER_LOW_SHORT"},{"userProfilePK":87578117,"calendarDate":"2021-08-21","deviceId":3324959462,"timestamp":"2021-08-20T22:04:34.0","sport":"RUNNING","subSport":"GENERIC","weeklyTrainingLoadSum":1263,"loadTunnelMin":722,"loadTunnelMax":1540,"trainingStatus":"PRODUCTIVE","fitnessLevelTrend":"NO_CHANGE","loadLevelTrend":"DECREASING","trainingStatusFeedbackPhrase":"PRODUCTIVE_AER_LOW_SHORT"},{"userProfilePK":87578117,"calendarDate":"2021-08-21","deviceId":3324959462,"timestamp":"2021-08-21T16:25:00.0","sport":"RUNNING","subSport":"GENERIC","weeklyTrainingLoadSum":1717,"loadTunnelMin":722,"loadTunnelMax":1540,"trainingStatus":"PRODUCTIVE","fitnessLevelTrend":"NO_CHANGE","loadLevelTrend":"DECREASING","trainingStatusFeedbackPhrase":"PRODUCTIVE_AER_LOW_SHORT"},{"userProfilePK":87578117,"calendarDate":"2021-08-22","deviceId":3324959462,"timestamp":"2021-08-21T22:04:36.0","sport":"RUNNING","subSport":"GENERIC","weeklyTrainingLoadSum":1417,"loadTunnelMin":722,"loadTunnelMax":1540,"trainingStatus":"PRODUCTIVE","fitnessLevelTrend":"NO_CHANGE","loadLevelTrend":"DECREASING","trainingStatusFeedbackPhrase":"PRODUCTIVE_AER_LOW_SHORT"},{"userProfilePK":87578117,"calendarDate":"2021-08-23","deviceId":3324959462,"timestamp":"2021-08-22T22:04:37.0","sport":"RUNNING","subSport":"GENERIC","weeklyTrainingLoadSum":603,"loadTunnelMin":722,"loadTunnelMax":1540,"trainingStatus":"RECOVERY","fitnessLevelTrend":"NO_CHANGE","loadLevelTrend":"DECREASING","trainingStatusFeedbackPhrase":"RECOVERY_AER_LOW_SHORT"},{"userProfilePK":87578117,"calendarDate":"2021-08-24","deviceId":3324959462,"timestamp":"2021-08-23T22:04:39.0","sport":"RUNNING","subSport":"GENERIC","weeklyTrainingLoadSum":480,"loadTunnelMin":722,"loadTunnelMax":1540,"trainingStatus":"RECOVERY","fitnessLevelTrend":"NO_CHANGE","loadLevelTrend":"DECREASING","trainingStatusFeedbackPhrase":"RECOVERY_AER_LOW_SHORT"},{"userProfilePK":87578117,"calendarDate":"2021-08-24","deviceId":3324959462,"timestamp":"2021-08-24T09:42:38.0","sport":"RUNNING","subSport":"GENERIC","weeklyTrainingLoadSum":1098,"loadTunnelMin":722,"loadTunnelMax":1540,"trainingStatus":"RECOVERY","fitnessLevelTrend":"NO_CHANGE","loadLevelTrend":"DECREASING","trainingStatusFeedbackPhrase":"RECOVERY_AER_LOW_SHORT"},{"userProfilePK":87578117,"calendarDate":"2021-08-24","deviceId":3324959462,"timestamp":"2021-08-24T09:59:58.0","sport":"RUNNING","subSport":"GENERIC","weeklyTrainingLoadSum":1173,"loadTunnelMin":722,"loadTunnelMax":1540,"trainingStatus":"RECOVERY","fitnessLevelTrend":"NO_CHANGE","loadLevelTrend":"DECREASING","trainingStatusFeedbackPhrase":"RECOVERY_AER_LOW_SHORT"},{"userProfilePK":87578117,"calendarDate":"2021-08-25","deviceId":3324959462,"timestamp":"2021-08-24T22:04:42.0","sport":"RUNNING","subSport":"GENERIC","weeklyTrainingLoadSum":1147,"loadTunnelMin":722,"loadTunnelMax":1540,"trainingStatus":"RECOVERY","fitnessLevelTrend":"NO_CHANGE","loadLevelTrend":"DECREASING","trainingStatusFeedbackPhrase":"RECOVERY_AER_LOW_SHORT"},{"userProfilePK":87578117,"calendarDate":"2021-08-25","deviceId":3324959462,"timestamp":"2021-08-25T05:41:03.0","sport":"RUNNING","subSport":"GENERIC","weeklyTrainingLoadSum":1219,"loadTunnelMin":722,"loadTunnelMax":1540,"trainingStatus":"RECOVERY","fitnessLevelTrend":"NO_CHANGE","loadLevelTrend":"DECREASING","trainingStatusFeedbackPhrase":"RECOVERY_AER_LOW_SHORT"}]