[{"userProfilePK":87578117,"calendarDate":"2021-02-06","deviceId":3324959462,"timestamp":"2021-02-05T23:05:37.0","sport":"RUNNING","subSport":"GENERIC","weeklyTrainingLoadSum":1280,"loadTunnelMin":722,"loadTunnelMax":1540,"trainingStatus":"PRODUCTIVE","fitnessLevelTrend":"NO_CHANGE","loadLevelTrend":"INCREASING","trainingStatusFeedbackPhrase":"PRODUCTIVE_AER_LOW_SHORT"},{"userProfilePK":87578117,"calendarDate":"2021-02-07","deviceId":3324959462,"timestamp":"2021-02-06T23:05:39.0","sport":"RUNNING","subSport":"GENERIC","weeklyTrainingLoadSum":1155,"loadTunnelMin":722,"loadTunnelMax":1540,"trainingStatus":"PRODUCTIVE","fitnessLevelTrend":"NO_CHANGE","loadLevelTrend":"NO_CHANGE","trainingStatusFeedbackPhrase":"PRODUCTIVE_AER_LOW_SHORT"},{"userProfilePK":87578117,"calendarDate":"2021-02-07","deviceId":3324959462,"timestamp":"2021-02-07T07:33:58.0","sport":"RUNNING","subSport":"GENERIC","weeklyTrainingLoadSum":1207,"loadTunnelMin":722,"loadTunnelMax":1540,"trainingStatus":"MAINTAINING","fitnessLevelTrend":"NO_CHANGE","loadLevelTrend":"NO_CHANGE","trainingStatusFeedbackPhrase":"MAINTAINING_AER_LOW_SHORT"},{"userProfilePK":87578117,"calendarDate":"2021-02-08","deviceId":3324959462,"timestamp":"2021-02-07T23:13:03.0","sport":"RUNNING","subSport":"GENERIC","weeklyTrainingLoadSum":1207,"loadTunnelMin":722,"loadTunnelMax":1540,"trainingStatus":"MAINTAINING","fitnessLevelTrend":"NO_CHANGE","loadLevelTrend":"NO_CHANGE","trainingStatusFeedbackPhrase":"MAINTAINING_AER_LOW_SHORT"},{"userProfilePK":87578117,"calendarDate":"2021-02-09","deviceId":3324959462,"timestamp":"2021-02-08T23:13:04.0","sport":"RUNNING","subSport":"GENERIC","weeklyTrainingLoadSum":993,"loadTunnelMin":722,"loadTunnelMax":1540,"trainingStatus":"MAINTAINING","fitnessLevelTrend":"NO_CHANGE","loadLevelTrend":"NO_CHANGE","trainingStatusFeedbackPhrase":"MAINTAINING_AER_LOW_SHORT"},{"userProfilePK":87578117,"calendarDate":"2021-02-09","deviceId":3324959462,"timestamp":"2021-02-09T12:42:10.0","sport":"RUNNING","subSport":"GENERIC","weeklyTrainingLoadSum":1036,"loadTunnelMin":722,"loadTunnelMax":1540,"trainingStatus":"MAINTAINING","fitnessLevelTrend":"NO_CHANGE","loadLevelTrend":"NO_CHANGE","trainingStatusFeedbackPhrase":"MAINTAINING_AER_LOW_SHORT"},{"userProfilePK":87578117,"calendarDate":"2021-02-10","deviceId":3324959462,"timestamp":"2021-02-09T23:13:06.0","sport":"RUNNING","subSport":"GENERIC","weeklyTrainingLoadSum":959,"loadTunnelMin":722,"loadTunnelMax":1540,"trainingStatus":"MAINTAINING","fitnessLevelTrend":"NO_CHANGE","loadLevelTrend":"NO_CHANGE","trainingStatusFeedbackPhrase":"MAINTAINING_AER_LOW_SHORT"},{"userProfilePK":87578117,"calendarDate":"2021-02-11","deviceId":3324959462,"timestamp":"2021-02-10T23:13:07.0","sport":"RUNNING","subSport":"GENERIC","weeklyTrainingLoadSum":483,"loadTunnelMin":722,"loadTunnelMax":1540,"trainingStatus":"RECOVERY","fitnessLevelTrend":"NO_CHANGE","loadLevelTrend":"DECREASING","trainingStatusFeedbackPhrase":"RECOVERY_AER_LOW_SHORT"},{"userProfilePK":87578117,"calendarDate":"2021-02-11","deviceId":3324959462,"timestamp":"2021-02-11T06:34:12.0","sport":"RUNNING","subSport":"GENERIC","weeklyTrainingLoadSum":681,"loadTunnelMin":722,"loadTunnelMax":1540,"trainingStatus":"RECOVERY","fitnessLevelTrend":"NO_CHANGE","loadLevelTrend":"DECREASING","trainingStatusFeedbackPhrase":"RECOVERY_AER_LOW_SHORT"},{"userProfilePK":87578117,"calendarDate":"2021-02-12","deviceId":3324959462,"timestamp":"2021-02-11T23:13:08.0","sport":"RUNNING","subSport":"GENERIC","weeklyTrainingLoadSum":293,"loadTunnelMin":722,"loadTunnelMax":1540,"trainingStatus":"RECOVERY","fitnessLevelTrend":"NO_CHANGE","loadLevelTrend":"DECREASING","trainingStatusFeedbackPhrase":"RECOVERY_AER_LOW_SHORT"},{"userProfilePK":87578117,"calendarDate":"2021-02-13","deviceId":3324959462,"timestamp":"2021-02-12T23:13:09.0","sport":"RUNNING","subSport":"GENERIC","weeklyTrainingLoadSum":293,"loadTunnelMin":722,"loadTunnelMax":1540,"trainingStatus":"RECOVERY","fitnessLevelTrend":"NO_CHANGE","loadLevelTrend":"DECREASING","trainingStatusFeedbackPhrase":"RECOVERY_AER_LOW_SHORT"},{"userProfilePK":87578117,"calendarDate":"2021-02-13","deviceId":3324959462,"timestamp":"2021-02-13T11:09:33.0","sport":"RUNNING","subSport":"GENERIC","weeklyTrainingLoadSum":381,"loadTunnelMin":722,"loadTunnelMax":1540,"trainingStatus":"RECOVERY","fitnessLevelTrend":"NO_CHANGE","loadLevelTrend":"DECREASING","trainingStatusFeedbackPhrase":"RECOVERY_AER_LOW_SHORT"},{"userProfilePK":87578117,"calendarDate":"2021-02-14","deviceId":3324959462,"timestamp":"2021-02-13T23:13:10.0","sport":"RUNNING","subSport":"GENERIC","weeklyTrainingLoadSum":329,"loadTunnelMin":722,"loadTunnelMax":1540,"trainingStatus":"RECOVERY","fitnessLevelTrend":"NO_CHANGE","loadLevelTrend":"DECREASING","trainingStatusFeedbackPhrase":"RECOVERY_AER_LOW_SHORT"},{"userProfilePK":87578117,"calendarDate":"2021-02-14","deviceId":3324959462,"timestamp":"2021-02-14T08:03:46.0","sport":"RUNNING","subSport":"GENERIC","weeklyTrainingLoadSum":381,"loadTunnelMin":722,"loadTunnelMax":1540,"trainingStatus":"RECOVERY","fitnessLevelTrend":"NO_CHANGE","loadLevelTrend":"DECREASING","trainingStatusFeedbackPhrase":"RECOVERY_AER_LOW_SHORT"},{"userProfilePK":87578117,"calendarDate":"2021-02-15","deviceId":3324959462,"timestamp":"2021-02-14T23:13:13.0","sport":"RUNNING","subSport":"GENERIC","weeklyTrainingLoadSum":381,"loadTunnelMin":722,"loadTunnelMax":1540,"trainingStatus":"RECOVERY","fitnessLevelTrend":"NO_CHANGE","loadLevelTrend":"DECREASING","trainingStatusFeedbackPhrase":"RECOVERY_AER_LOW_SHORT"},{"userProfilePK":87578117,"calendarDate":"2021-02-16","deviceId":3324959462,"timestamp":"2021-02-15T23:13:14.0","sport":"RUNNING","subSport":"GENERIC","weeklyTrainingLoadSum":338,"loadTunnelMin":559,"loadTunnelMax":1258,"trainingStatus":"RECOVERY","fitnessLevelTrend":"NO_CHANGE","loadLevelTrend":"DECREASING","trainingStatusFeedbackPhrase":"RECOVERY_AER_LOW_SHORT"},{"userProfilePK":87578117,"calendarDate":"2021-02-16","deviceId":3324959462,"timestamp":"2021-02-16T05:54:24.0","sport":"RUNNING","subSport":"GENERIC","weeklyTrainingLoadSum":431,"loadTunnelMin":722,"loadTunnelMax":1540,"trainingStatus":"RECOVERY","fitnessLevelTrend":"NO_CHANGE","loadLevelTrend":"DECREASING","trainingStatusFeedbackPhrase":"RECOVERY_AER_LOW_SHORT"},{"userProfilePK":87578117,"calendarDate":"2021-02-17","deviceId":3324959462,"timestamp":"2021-02-16T23:13:15.0","sport":"RUNNING","subSport":"GENERIC","weeklyTrainingLoadSum":431,"loadTunnelMin":559,"loadTunnelMax":1258,"trainingStatus":"RECOVERY","fitnessLevelTrend":"NO_CHANGE","loadLevelTrend":"DECREASING","trainingStatusFeedbackPhrase":"RECOVERY_AER_LOW_SHORT"},{"userProfilePK":87578117,"calendarDate":"2021-02-18","deviceId":3324959462,"timestamp":"2021-02-17T23:13:17.0","sport":"RUNNING","subSport":"GENERIC","weeklyTrainingLoadSum":233,"loadTunnelMin":559,"loadTunnelMax":1258,"trainingStatus":"RECOVERY","fitnessLevelTrend":"NO_CHANGE","loadLevelTrend":"DECREASING","trainingStatusFeedbackPhrase":"RECOVERY_AER_LOW_SHORT"},{"userProfilePK":87578117,"calendarDate":"2021-02-19","deviceId":3324959462,"timestamp":"2021-02-18T23:13:18.0","sport":"RUNNING","subSport":"GENERIC","weeklyTrainingLoadSum":233,"loadTunnelMin":559,"loadTunnelMax":1258,"trainingStatus":"RECOVERY","fitnessLevelTrend":"NO_CHANGE","loadLevelTrend":"DECREASING","trainingStatusFeedbackPhrase":"RECOVERY_AER_LOW_SHORT"},{"userProfilePK":87578117,"calendarDate":"2021-02-19","deviceId":3324959462,"timestamp":"2021-02-19T20:30:15.0","sport":"RUNNING","subSport":"GENERIC","weeklyTrainingLoadSum":474,"loadTunnelMin":722,"loadTunnelMax":1540,"trainingStatus":"MAINTAINING","fitnessLevelTrend":"NO_CHANGE","loadLevelTrend":"DECREASING","trainingStatusFeedbackPhrase":"MAINTAINING_AER_LOW_SHORT"},{"userProfilePK":87578117,"calendarDate":"2021-02-20","deviceId":3324959462,"timestamp":"2021-02-19T23:13:19.0","sport":"RUNNING","subSport":"GENERIC","weeklyTrainingLoadSum":386,"loadTunnelMin":722,"loadTunnelMax":1540,"trainingStatus":"MAINTAINING","fitnessLevelTrend":"NO_CHANGE","loadLevelTrend":"DECREASING","trainingStatusFeedbackPhrase":"MAINTAINING_AER_LOW_SHORT"},{"userProfilePK":87578117,"calendarDate":"2021-02-21","deviceId":3324959462,"timestamp":"2021-02-20T23:13:20.0","sport":"RUNNING","subSport":"GENERIC","weeklyTrainingLoadSum":334,"loadTunnelMin":559,"loadTunnelMax":1258,"trainingStatus":"MAINTAINING","fitnessLevelTrend":"NO_CHANGE","loadLevelTrend":"DECREASING","trainingStatusFeedbackPhrase":"MAINTAINING_AER_LOW_SHORT"},{"userProfilePK":87578117,"calendarDate":"2021-02-22","deviceId":3324959462,"timestamp":"2021-02-21T23:13:21.0","sport":"RUNNING","subSport":"GENERIC","weeklyTrainingLoadSum":334,"loadTunnelMin":559,"loadTunnelMax":1258,"trainingStatus":"MAINTAINING","fitnessLevelTrend":"NO_CHANGE","loadLevelTrend":"DECREASING","trainingStatusFeedbackPhrase":"MAINTAINING_AER_LOW_SHORT"},{"userProfilePK":87578117,"calendarDate":"2021-02-23","deviceId":3324959462,"timestamp":"2021-02-22T23:13:23.0","sport":"RUNNING","subSport":"GENERIC","weeklyTrainingLoadSum":241,"loadTunnelMin":559,"loadTunnelMax":1258,"trainingStatus":"MAINTAINING","fitnessLevelTrend":"NO_CHANGE","loadLevelTrend":"DECREASING","trainingStatusFeedbackPhrase":"MAINTAINING_AER_LOW_SHORT"},{"userProfilePK":87578117,"calendarDate":"2021-02-23","deviceId":3324959462,"timestamp":"2021-02-23T19:41:01.0","sport":"RUNNING","subSport":"GENERIC","weeklyTrainingLoadSum":604,"loadTunnelMin":559,"loadTunnelMax":1258,"trainingStatus":"MAINTAINING","fitnessLevelTrend":"NO_CHANGE","loadLevelTrend":"DECREASING","trainingStatusFeedbackPhrase":"MAINTAINING_AER_LOW_SHORT"},{"userProfilePK":87578117,"calendarDate":"2021-02-24","deviceId":3324959462,"timestamp":"2021-02-23T23:13:24.0","sport":"RUNNING","subSport":"GENERIC","weeklyTrainingLoadSum":604,"loadTunnelMin":559,"loadTunnelMax":1258,"trainingStatus":"MAINTAINING","fitnessLevelTrend":"NO_CHANGE","loadLevelTrend":"DECREASING","trainingStatusFeedbackPhrase":"MAINTAINING_AER_LOW_SHORT"},{"userProfilePK":87578117,"calendarDate":"2021-02-24","deviceId":3324959462,"timestamp":"2021-02-24T06:01:22.0","sport":"RUNNING","subSport":"GENERIC","weeklyTrainingLoadSum":604,"loadTunnelMin":559,"loadTunnelMax":1258,"trainingStatus":"MAINTAINING","fitnessLevelTrend":"NO_CHANGE","loadLevelTrend":"DECREASING","trainingStatusFeedbackPhrase":"MAINTAINING_AER_LOW_SHORT"},{"userProfilePK":87578117,"calendarDate":"2021-02-24","deviceId":3324959462,"timestamp":"2021-02-24T06:40:17.0","sport":"RUNNING","subSport":"GENERIC","weeklyTrainingLoadSum":663,"loadTunnelMin":722,"loadTunnelMax":1540,"trainingStatus":"MAINTAINING","fitnessLevelTrend":"NO_CHANGE","loadLevelTrend":"DECREASING","trainingStatusFeedbackPhrase":"MAINTAINING_AER_LOW_SHORT"},{"userProfilePK":87578117,"calendarDate":"2021-02-25","deviceId":3324959462,"timestamp":"2021-02-24T23:13:27.0","sport":"RUNNING","subSport":"GENERIC","weeklyTrainingLoadSum":663,"loadTunnelMin":559,"loadTunnelMax":1258,"trainingStatus":"MAINTAINING","fitnessLevelTrend":"NO_CHANGE","loadLevelTrend":"DECREASING","trainingStatusFeedbackPhrase":"MAINTAINING_AER_LOW_SHORT"},{"userProfilePK":87578117,"calendarDate":"2021-02-26","deviceId":3324959462,"timestamp":"2021-02-25T23:13:28.0","sport":"RUNNING","subSport":"GENERIC","weeklyTrainingLoadSum":422,"loadTunnelMin":446,"loadTunnelMax":988,"trainingStatus":"MAINTAINING","fitnessLevelTrend":"NO_CHANGE","loadLevelTrend":"DECREASING","trainingStatusFeedbackPhrase":"MAINTAINING_AER_LOW_SHORT"},{"userProfilePK":87578117,"calendarDate":"2021-02-27","deviceId":3324959462,"timestamp":"2021-02-26T23:13:29.0","sport":"RUNNING","subSport":"GENERIC","weeklyTrainingLoadSum":422,"loadTunnelMin":446,"loadTunnelMax":988,"trainingStatus":"MAINTAINING","fitnessLevelTrend":"NO_CHANGE","loadLevelTrend":"DECREASING","trainingStatusFeedbackPhrase":"MAINTAINING_AER_LOW_SHORT"},{"userProfilePK":87578117,"calendarDate":"2021-02-28","deviceId":3324959462,"timestamp":"2021-02-27T23:13:30.0","sport":"RUNNING","subSport":"GENERIC","weeklyTrainingLoadSum":422,"loadTunnelMin":446,"loadTunnelMax":988,"trainingStatus":"MAINTAINING","fitnessLevelTrend":"NO_CHANGE","loadLevelTrend":"DECREASING","trainingStatusFeedbackPhrase":"MAINTAINING_AER_LOW_SHORT"},{"userProfilePK":87578117,"calendarDate":"2021-03-05","deviceId":3324959462,"timestamp":"2021-03-05T14:47:21.0","sport":"RUNNING","subSport":"GENERIC","weeklyTrainingLoadSum":0,"loadTunnelMin":226,"loadTunnelMax":484,"trainingStatus":"DETRAINING","fitnessLevelTrend":"NO_CHANGE","loadLevelTrend":"DECREASING","trainingStatusFeedbackPhrase":"DETRAINING_AER_LOW_SHORT"},{"userProfilePK":87578117,"calendarDate":"2021-03-05","deviceId":3324959462,"timestamp":"2021-03-05T15:21:03.0","sport":"RUNNING","subSport":"GENERIC","weeklyTrainingLoadSum":1,"loadTunnelMin":226,"loadTunnelMax":484,"trainingStatus":"MAINTAINING","fitnessLevelTrend":"NO_CHANGE","loadLevelTrend":"DECREASING","trainingStatusFeedbackPhrase":"MAINTAINING_AER_LOW_SHORT"},{"userProfilePK":87578117,"calendarDate":"2021-03-05","deviceId":3324959462,"timestamp":"2021-03-05T16:02:45.0","sport":"RUNNING","subSport":"GENERIC","weeklyTrainingLoadSum":351,"loadTunnelMin":281,"loadTunnelMax":640,"trainingStatus":"MAINTAINING","fitnessLevelTrend":"NO_CHANGE","loadLevelTrend":"NO_CHANGE","trainingStatusFeedbackPhrase":"MAINTAINING_AER_LOW_SHORT"},{"userProfilePK":87578117,"calendarDate":"2021-03-06","deviceId":3324959462,"timestamp":"2021-03-05T23:17:24.0","sport":"RUNNING","subSport":"GENERIC","weeklyTrainingLoadSum":351,"loadTunnelMin":281,"loadTunnelMax":640,"trainingStatus":"MAINTAINING","fitnessLevelTrend":"NO_CHANGE","loadLevelTrend":"NO_CHANGE","trainingStatusFeedbackPhrase":"MAINTAINING_AER_LOW_SHORT"},{"userProfilePK":87578117,"calendarDate":"2021-03-06","deviceId":3324959462,"timestamp":"2021-03-06T10:46:51.0","sport":"RUNNING","subSport":"GENERIC","weeklyTrainingLoadSum":589,"loadTunnelMin":360,"loadTunnelMax":794,"trainingStatus":"UNPRODUCTIVE","fitnessLevelTrend":"DECREASING","loadLevelTrend":"INCREASING","trainingStatusFeedbackPhrase":"UNPRODUCTIVE_AER_LOW_SHORT"},{"userProfilePK":87578117,"calendarDate":"2021-03-07","deviceId":3324959462,"timestamp":"2021-03-06T23:17:25.0","sport":"RUNNING","subSport":"GENERIC","weeklyTrainingLoadSum":589,"loadTunnelMin":281,"loadTunnelMax":640,"trainingStatus":"UNPRODUCTIVE","fitnessLevelTrend":"DECREASING","loadLevelTrend":"INCREASING","trainingStatusFeedbackPhrase":"UNPRODUCTIVE_AER_LOW_SHORT"},{"userProfilePK":87578117,"calendarDate":"2021-03-07","deviceId":3324959462,"timestamp":"2021-03-07T04:55:02.0","sport":"RUNNING","subSport":"GENERIC","weeklyTrainingLoadSum":589,"loadTunnelMin":281,"loadTunnelMax":640,"trainingStatus":"UNPRODUCTIVE","fitnessLevelTrend":"DECREASING","loadLevelTrend":"INCREASING","trainingStatusFeedbackPhrase":"UNPRODUCTIVE_AER_LOW_SHORT"},{"userProfilePK":87578117,"calendarDate":"2021-03-07","deviceId":3324959462,"timestamp":"2021-03-07T05:59:01.0","sport":"RUNNING","subSport":"GENERIC","weeklyTrainingLoadSum":1107,"loadTunnelMin":446,"loadTunnelMax":988,"trainingStatus":"UNPRODUCTIVE","fitnessLevelTrend":"DECREASING","loadLevelTrend":"INCREASING","trainingStatusFeedbackPhrase":"UNPRODUCTIVE_AER_LOW_SHORT"},{"userProfilePK":87578117,"calendarDate":"2021-03-07","deviceId":3324959462,"timestamp":"2021-03-07T08:13:06.0","sport":"RUNNING","subSport":"GENERIC","weeklyTrainingLoadSum":1121,"loadTunnelMin":446,"loadTunnelMax":988,"trainingStatus":"UNPRODUCTIVE","fitnessLevelTrend":"DECREASING","loadLevelTrend":"INCREASING","trainingStatusFeedbackPhrase":"UNPRODUCTIVE_AER_LOW_SHORT"},{"userProfilePK":87578117,"calendarDate":"2021-03-07","deviceId":3324959462,"timestamp":"2021-03-07T12:13:00.0","sport":"RUNNING","subSport":"GENERIC","weeklyTrainingLoadSum":1121,"loadTunnelMin":446,"loadTunnelMax":988,"trainingStatus":"UNPRODUCTIVE","fitnessLevelTrend":"DECREASING","loadLevelTrend":"INCREASING","trainingStatusFeedbackPhrase":"UNPRODUCTIVE_AER_LOW_SHORT"},{"userProfilePK":87578117,"calendarDate":"2021-03-08","deviceId":3324959462,"timestamp":"2021-03-07T23:01:45.0","sport":"RUNNING","subSport":"GENERIC","weeklyTrainingLoadSum":1121,"loadTunnelMin":446,"loadTunnelMax":988,"trainingStatus":"UNPRODUCTIVE","fitnessLevelTrend":"DECREASING","loadLevelTrend":"INCREASING","trainingStatusFeedbackPhrase":"UNPRODUCTIVE_AER_LOW_SHORT"},{"userProfilePK":87578117,"calendarDate":"2021-03-08","deviceId":3324959462,"timestamp":"2021-03-08T08:15:47.0","sport":"RUNNING","subSport":"GENERIC","weeklyTrainingLoadSum":1129,"loadTunnelMin":446,"loadTunnelMax":988,"trainingStatus":"UNPRODUCTIVE","fitnessLevelTrend":"DECREASING","loadLevelTrend":"INCREASING","trainingStatusFeedbackPhrase":"UNPRODUCTIVE_AER_LOW_SHORT"},{"userProfilePK":87578117,"calendarDate":"2021-03-09","deviceId":3324959462,"timestamp":"2021-03-08T23:03:43.0","sport":"RUNNING","subSport":"GENERIC","weeklyTrainingLoadSum":1129,"loadTunnelMin":446,"loadTunnelMax":988,"trainingStatus":"UNPRODUCTIVE","fitnessLevelTrend":"DECREASING","loadLevelTrend":"INCREASING","trainingStatusFeedbackPhrase":"UNPRODUCTIVE_AER_LOW_SHORT"},{"userProfilePK":87578117,"calendarDate":"2021-03-09","deviceId":3324959462,"timestamp":"2021-03-09T17:01:47.0","sport":"RUNNING","subSport":"GENERIC","weeklyTrainingLoadSum":1170,"loadTunnelMin":446,"loadTunnelMax":988,"trainingStatus":"OVERREACHING","fitnessLevelTrend":"DECREASING","loadLevelTrend":"INCREASING","trainingStatusFeedbackPhrase":"OVERREACHING_AER_LOW_SHORT"},{"userProfilePK":87578117,"calendarDate":"2021-03-10","deviceId":3324959462,"timestamp":"2021-03-09T23:03:44.0","sport":"RUNNING","subSport":"GENERIC","weeklyTrainingLoadSum":1170,"loadTunnelMin":446,"loadTunnelMax":988,"trainingStatus":"OVERREACHING","fitnessLevelTrend":"DECREASING","loadLevelTrend":"INCREASING","trainingStatusFeedbackPhrase":"OVERREACHING_AER_LOW_SHORT"},{"userProfilePK":87578117,"calendarDate":"2021-03-11","deviceId":3324959462,"timestamp":"2021-03-10T23:03:46.0","sport":"RUNNING","subSport":"GENERIC","weeklyTrainingLoadSum":1170,"loadTunnelMin":360,"loadTunnelMax":794,"trainingStatus":"OVERREACHING","fitnessLevelTrend":"DECREASING","loadLevelTrend":"INCREASING","trainingStatusFeedbackPhrase":"OVERREACHING_AER_LOW_SHORT"},{"userProfilePK":87578117,"calendarDate":"2021-03-11","deviceId":3324959462,"timestamp":"2021-03-11T06:50:25.0","sport":"RUNNING","subSport":"GENERIC","weeklyTrainingLoadSum":1594,"loadTunnelMin":446,"loadTunnelMax":988,"trainingStatus":"PRODUCTIVE","fitnessLevelTrend":"NO_CHANGE","loadLevelTrend":"INCREASING","trainingStatusFeedbackPhrase":"PRODUCTIVE_AER_LOW_SHORT"},{"userProfilePK":87578117,"calendarDate":"2021-03-11","deviceId":3324959462,"timestamp":"2021-03-11T16:23:20.0","sport":"RUNNING","subSport":"GENERIC","weeklyTrainingLoadSum":1630,"loadTunnelMin":446,"loadTunnelMax":988,"trainingStatus":"PRODUCTIVE","fitnessLevelTrend":"NO_CHANGE","loadLevelTrend":"INCREASING","trainingStatusFeedbackPhrase":"PRODUCTIVE_AER_LOW_SHORT"},{"userProfilePK":87578117,"calendarDate":"2021-03-12","deviceId":3324959462,"timestamp":"2021-03-11T23:03:48.0","sport":"RUNNING","subSport":"GENERIC","weeklyTrainingLoadSum":1279,"loadTunnelMin":446,"loadTunnelMax":988,"trainingStatus":"PRODUCTIVE","fitnessLevelTrend":"NO_CHANGE","loadLevelTrend":"INCREASING","trainingStatusFeedbackPhrase":"PRODUCTIVE_AER_LOW_SHORT"},{"userProfilePK":87578117,"calendarDate":"2021-03-12","deviceId":3324959462,"timestamp":"2021-03-12T07:40:13.0","sport":"RUNNING","subSport":"GENERIC","weeklyTrainingLoadSum":1337,"loadTunnelMin":446,"loadTunnelMax":988,"trainingStatus":"PRODUCTIVE","fitnessLevelTrend":"NO_CHANGE","loadLevelTrend":"INCREASING","trainingStatusFeedbackPhrase":"PRODUCTIVE_AER_LOW_SHORT"},{"userProfilePK":87578117,"calendarDate":"2021-03-12","deviceId":3324959462,"timestamp":"2021-03-12T16:15:30.0","sport":"RUNNING","subSport":"GENERIC","weeklyTrainingLoadSum":1383,"loadTunnelMin":446,"loadTunnelMax":988,"trainingStatus":"PRODUCTIVE","fitnessLevelTrend":"NO_CHANGE","loadLevelTrend":"INCREASING","trainingStatusFeedbackPhrase":"PRODUCTIVE_AER_LOW_SHORT"},{"userProfilePK":87578117,"calendarDate":"2021-03-13","deviceId":3324959462,"timestamp":"2021-03-12T23:03:49.0","sport":"RUNNING","subSport":"GENERIC","weeklyTrainingLoadSum":1145,"loadTunnelMin":446,"loadTunnelMax":988,"trainingStatus":"PRODUCTIVE","fitnessLevelTrend":"NO_CHANGE","loadLevelTrend":"INCREASING","trainingStatusFeedbackPhrase":"PRODUCTIVE_AER_LOW_SHORT"},{"userProfilePK":87578117,"calendarDate":"2021-03-13","deviceId":3324959462,"timestamp":"2021-03-13T07:57:56.0","sport":"RUNNING","subSport":"GENERIC","weeklyTrainingLoadSum":1181,"loadTunnelMin":446,"loadTunnelMax":988,"trainingStatus":"PRODUCTIVE","fitnessLevelTrend":"NO_CHANGE","loadLevelTrend":"INCREASING","trainingStatusFeedbackPhrase":"PRODUCTIVE_AER_LOW_SHORT"},{"userProfilePK":87578117,"calendarDate":"2021-03-14","deviceId":3324959462,"timestamp":"2021-03-13T23:03:51.0","sport":"RUNNING","subSport":"GENERIC","weeklyTrainingLoadSum":649,"loadTunnelMin":446,"loadTunnelMax":988,"trainingStatus":"PRODUCTIVE","fitnessLevelTrend":"NO_CHANGE","loadLevelTrend":"NO_CHANGE","trainingStatusFeedbackPhrase":"PRODUCTIVE_AER_LOW_SHORT"},{"userProfilePK":87578117,"calendarDate":"2021-03-14","deviceId":3324959462,"timestamp":"2021-03-14T06:03:33.0","sport":"RUNNING","subSport":"GENERIC","weeklyTrainingLoadSum":728,"loadTunnelMin":446,"loadTunnelMax":988,"trainingStatus":"MAINTAINING","fitnessLevelTrend":"NO_CHANGE","loadLevelTrend":"NO_CHANGE","trainingStatusFeedbackPhrase":"MAINTAINING_AER_LOW_SHORT"},{"userProfilePK":87578117,"calendarDate":"2021-03-15","deviceId":3324959462,"timestamp":"2021-03-14T23:03:53.0","sport":"RUNNING","subSport":"GENERIC","weeklyTrainingLoadSum":720,"loadTunnelMin":446,"loadTunnelMax":988,"trainingStatus":"MAINTAINING","fitnessLevelTrend":"NO_CHANGE","loadLevelTrend":"NO_CHANGE","trainingStatusFeedbackPhrase":"MAINTAINING_AER_LOW_SHORT"},{"userProfilePK":87578117,"calendarDate":"2021-03-16","deviceId":3324959462,"timestamp":"2021-03-15T23:03:54.0","sport":"RUNNING","subSport":"GENERIC","weeklyTrainingLoadSum":679,"loadTunnelMin":446,"loadTunnelMax":988,"trainingStatus":"MAINTAINING","fitnessLevelTrend":"NO_CHANGE","loadLevelTrend":"NO_CHANGE","trainingStatusFeedbackPhrase":"MAINTAINING_AER_LOW_SHORT"},{"userProfilePK":87578117,"calendarDate":"2021-03-16","deviceId":3324959462,"timestamp":"2021-03-16T06:24:42.0","sport":"RUNNING","subSport":"GENERIC","weeklyTrainingLoadSum":1195,"loadTunnelMin":559,"loadTunnelMax":1258,"trainingStatus":"PRODUCTIVE","fitnessLevelTrend":"NO_CHANGE","loadLevelTrend":"INCREASING","trainingStatusFeedbackPhrase":"PRODUCTIVE_AER_LOW_SHORT"},{"userProfilePK":87578117,"calendarDate":"2021-03-17","deviceId":3324959462,"timestamp":"2021-03-16T23:03:57.0","sport":"RUNNING","subSport":"GENERIC","weeklyTrainingLoadSum":1195,"loadTunnelMin":559,"loadTunnelMax":1258,"trainingStatus":"PRODUCTIVE","fitnessLevelTrend":"NO_CHANGE","loadLevelTrend":"INCREASING","trainingStatusFeedbackPhrase":"PRODUCTIVE_AER_LOW_SHORT"},{"userProfilePK":87578117,"calendarDate":"2021-03-18","deviceId":3324959462,"timestamp":"2021-03-17T23:03:58.0","sport":"RUNNING","subSport":"GENERIC","weeklyTrainingLoadSum":735,"loadTunnelMin":559,"loadTunnelMax":1258,"trainingStatus":"PRODUCTIVE","fitnessLevelTrend":"NO_CHANGE","loadLevelTrend":"NO_CHANGE","trainingStatusFeedbackPhrase":"PRODUCTIVE_AER_LOW_SHORT"},{"userProfilePK":87578117,"calendarDate":"2021-03-18","deviceId":3324959462,"timestamp":"2021-03-18T06:12:30.0","sport":"RUNNING","subSport":"GENERIC","weeklyTrainingLoadSum":830,"loadTunnelMin":559,"loadTunnelMax":1258,"trainingStatus":"UNPRODUCTIVE","fitnessLevelTrend":"DECREASING","loadLevelTrend":"NO_CHANGE","trainingStatusFeedbackPhrase":"UNPRODUCTIVE_AER_LOW_SHORT"},{"userProfilePK":87578117,"calendarDate":"2021-03-19","deviceId":3324959462,"timestamp":"2021-03-18T23:03:59.0","sport":"RUNNING","subSport":"GENERIC","weeklyTrainingLoadSum":726,"loadTunnelMin":559,"loadTunnelMax":1258,"trainingStatus":"UNPRODUCTIVE","fitnessLevelTrend":"DECREASING","loadLevelTrend":"NO_CHANGE","trainingStatusFeedbackPhrase":"UNPRODUCTIVE_AER_LOW_SHORT"},{"userProfilePK":87578117,"calendarDate":"2021-03-19","deviceId":3324959462,"timestamp":"2021-03-19T17:24:52.0","sport":"RUNNING","subSport":"GENERIC","weeklyTrainingLoadSum":1326,"loadTunnelMin":559,"loadTunnelMax":1258,"trainingStatus":"PRODUCTIVE","fitnessLevelTrend":"NO_CHANGE","loadLevelTrend":"INCREASING","trainingStatusFeedbackPhrase":"PRODUCTIVE_AER_LOW_SHORT"},{"userProfilePK":87578117,"calendarDate":"2021-03-20","deviceId":3324959462,"timestamp":"2021-03-19T23:16:16.0","sport":"RUNNING","subSport":"GENERIC","weeklyTrainingLoadSum":1290,"loadTunnelMin":559,"loadTunnelMax":1258,"trainingStatus":"PRODUCTIVE","fitnessLevelTrend":"NO_CHANGE","loadLevelTrend":"INCREASING","trainingStatusFeedbackPhrase":"PRODUCTIVE_AER_LOW_SHORT"},{"userProfilePK":87578117,"calendarDate":"2021-03-21","deviceId":3324959462,"timestamp":"2021-03-20T23:16:18.0","sport":"RUNNING","subSport":"GENERIC","weeklyTrainingLoadSum":1211,"loadTunnelMin":559,"loadTunnelMax":1258,"trainingStatus":"PRODUCTIVE","fitnessLevelTrend":"NO_CHANGE","loadLevelTrend":"INCREASING","trainingStatusFeedbackPhrase":"PRODUCTIVE_AER_LOW_SHORT"},{"userProfilePK":87578117,"calendarDate":"2021-03-21","deviceId":3324959462,"timestamp":"2021-03-21T10:47:30.0","sport":"RUNNING","subSport":"GENERIC","weeklyTrainingLoadSum":1525,"loadTunnelMin":722,"loadTunnelMax":1540,"trainingStatus":"PRODUCTIVE","fitnessLevelTrend":"NO_CHANGE","loadLevelTrend":"INCREASING","trainingStatusFeedbackPhrase":"PRODUCTIVE_AER_LOW_SHORT"},{"userProfilePK":87578117,"calendarDate":"2021-03-24","deviceId":3324959462,"timestamp":"2021-03-24T17:01:01.0","sport":"RUNNING","subSport":"GENERIC","weeklyTrainingLoadSum":1009,"loadTunnelMin":559,"loadTunnelMax":1258,"trainingStatus":"PRODUCTIVE","fitnessLevelTrend":"NO_CHANGE","loadLevelTrend":"INCREASING","trainingStatusFeedbackPhrase":"PRODUCTIVE_AER_LOW_SHORT"},{"userProfilePK":87578117,"calendarDate":"2021-03-24","deviceId":3324959462,"timestamp":"2021-03-24T17:54:31.0","sport":"RUNNING","subSport":"GENERIC","weeklyTrainingLoadSum":1070,"loadTunnelMin":559,"loadTunnelMax":1258,"trainingStatus":"PRODUCTIVE","fitnessLevelTrend":"NO_CHANGE","loadLevelTrend":"INCREASING","trainingStatusFeedbackPhrase":"PRODUCTIVE_AER_LOW_SHORT"},{"userProfilePK":87578117,"calendarDate":"2021-03-25","deviceId":3324959462,"timestamp":"2021-03-24T23:01:02.0","sport":"RUNNING","subSport":"GENERIC","weeklyTrainingLoadSum":975,"loadTunnelMin":559,"loadTunnelMax":1258,"trainingStatus":"PRODUCTIVE","fitnessLevelTrend":"NO_CHANGE","loadLevelTrend":"NO_CHANGE","trainingStatusFeedbackPhrase":"PRODUCTIVE_AER_LOW_SHORT"},{"userProfilePK":87578117,"calendarDate":"2021-03-25","deviceId":3324959462,"timestamp":"2021-03-25T06:53:32.0","sport":"RUNNING","subSport":"GENERIC","weeklyTrainingLoadSum":1233,"loadTunnelMin":722,"loadTunnelMax":1540,"trainingStatus":"PRODUCTIVE","fitnessLevelTrend":"NO_CHANGE","loadLevelTrend":"INCREASING","trainingStatusFeedbackPhrase":"PRODUCTIVE_AER_LOW_SHORT"},{"userProfilePK":87578117,"calendarDate":"2021-03-25","deviceId":3324959462,"timestamp":"2021-03-25T12:28:08.0","sport":"RUNNING","subSport":"GENERIC","weeklyTrainingLoadSum":1805,"loadTunnelMin":722,"loadTunnelMax":1540,"trainingStatus":"PRODUCTIVE","fitnessLevelTrend":"NO_CHANGE","loadLevelTrend":"INCREASING","trainingStatusFeedbackPhrase":"PRODUCTIVE_AER_LOW_SHORT"},{"userProfilePK":87578117,"calendarDate":"2021-03-27","deviceId":3324959462,"timestamp":"2021-03-27T05:23:47.0","sport":"RUNNING","subSport":"GENERIC","weeklyTrainingLoadSum":1205,"loadTunnelMin":722,"loadTunnelMax":1540,"trainingStatus":"PRODUCTIVE","fitnessLevelTrend":"NO_CHANGE","loadLevelTrend":"NO_CHANGE","trainingStatusFeedbackPhrase":"PRODUCTIVE_AER_LOW_SHORT"},{"userProfilePK":87578117,"calendarDate":"2021-03-27","deviceId":3324959462,"timestamp":"2021-03-27T07:48:09.0","sport":"RUNNING","subSport":"GENERIC","weeklyTrainingLoadSum":1363,"loadTunnelMin":722,"loadTunnelMax":1540,"trainingStatus":"UNPRODUCTIVE","fitnessLevelTrend":"DECREASING","loadLevelTrend":"INCREASING","trainingStatusFeedbackPhrase":"UNPRODUCTIVE_AER_LOW_SHORT"},{"userProfilePK":87578117,"calendarDate":"2021-03-28","deviceId":3324959462,"timestamp":"2021-03-27T23:23:49.0","sport":"RUNNING","subSport":"GENERIC","weeklyTrainingLoadSum":1049,"loadTunnelMin":722,"loadTunnelMax":1540,"trainingStatus":"UNPRODUCTIVE","fitnessLevelTrend":"DECREASING","loadLevelTrend":"NO_CHANGE","trainingStatusFeedbackPhrase":"UNPRODUCTIVE_AER_LOW_SHORT"},{"userProfilePK":87578117,"calendarDate":"2021-03-30","deviceId":3324959462,"timestamp":"2021-03-30T10:20:07.0","sport":"RUNNING","subSport":"GENERIC","weeklyTrainingLoadSum":1049,"loadTunnelMin":722,"loadTunnelMax":1540,"trainingStatus":"UNPRODUCTIVE","fitnessLevelTrend":"DECREASING","loadLevelTrend":"NO_CHANGE","trainingStatusFeedbackPhrase":"UNPRODUCTIVE_AER_LOW_SHORT"},{"userProfilePK":87578117,"calendarDate":"2021-03-30","deviceId":3324959462,"timestamp":"2021-03-30T11:31:55.0","sport":"RUNNING","subSport":"GENERIC","weeklyTrainingLoadSum":1339,"loadTunnelMin":722,"loadTunnelMax":1540,"trainingStatus":"UNPRODUCTIVE","fitnessLevelTrend":"DECREASING","loadLevelTrend":"NO_CHANGE","trainingStatusFeedbackPhrase":"UNPRODUCTIVE_AER_LOW_SHORT"},{"userProfilePK":87578117,"calendarDate":"2021-03-31","deviceId":3324959462,"timestamp":"2021-03-30T22:03:17.0","sport":"RUNNING","subSport":"GENERIC","weeklyTrainingLoadSum":1278,"loadTunnelMin":722,"loadTunnelMax":1540,"trainingStatus":"UNPRODUCTIVE","fitnessLevelTrend":"DECREASING","loadLevelTrend":"NO_CHANGE","trainingStatusFeedbackPhrase":"UNPRODUCTIVE_AER_LOW_SHORT"},{"userProfilePK":87578117,"calendarDate":"2021-04-01","deviceId":3324959462,"timestamp":"2021-03-31T22:03:18.0","sport":"RUNNING","subSport":"GENERIC","weeklyTrainingLoadSum":448,"loadTunnelMin":722,"loadTunnelMax":1540,"trainingStatus":"DETRAINING","fitnessLevelTrend":"DECREASING","loadLevelTrend":"DECREASING","trainingStatusFeedbackPhrase":"DETRAINING_AER_LOW_SHORT"},{"userProfilePK":87578117,"calendarDate":"2021-04-02","deviceId":3324959462,"timestamp":"2021-04-01T22:03:20.0","sport":"RUNNING","subSport":"GENERIC","weeklyTrainingLoadSum":448,"loadTunnelMin":722,"loadTunnelMax":1540,"trainingStatus":"DETRAINING","fitnessLevelTrend":"DECREASING","loadLevelTrend":"DECREASING","trainingStatusFeedbackPhrase":"DETRAINING_AER_LOW_SHORT"},{"userProfilePK":87578117,"calendarDate":"2021-04-03","deviceId":3324959462,"timestamp":"2021-04-02T22:03:21.0","sport":"RUNNING","subSport":"GENERIC","weeklyTrainingLoadSum":290,"loadTunnelMin":722,"loadTunnelMax":1540,"trainingStatus":"DETRAINING","fitnessLevelTrend":"DECREASING","loadLevelTrend":"DECREASING","trainingStatusFeedbackPhrase":"DETRAINING_AER_LOW_SHORT"},{"userProfilePK":87578117,"calendarDate":"2021-04-04","deviceId":3324959462,"timestamp":"2021-04-03T22:03:22.0","sport":"RUNNING","subSport":"GENERIC","weeklyTrainingLoadSum":290,"loadTunnelMin":722,"loadTunnelMax":1540,"trainingStatus":"DETRAINING","fitnessLevelTrend":"DECREASING","loadLevelTrend":"DECREASING","trainingStatusFeedbackPhrase":"DETRAINING_AER_LOW_SHORT"},{"userProfilePK":87578117,"calendarDate":"2021-04-05","deviceId":3324959462,"timestamp":"2021-04-04T22:03:24.0","sport":"RUNNING","subSport":"GENERIC","weeklyTrainingLoadSum":290,"loadTunnelMin":722,"loadTunnelMax":1540,"trainingStatus":"DETRAINING","fitnessLevelTrend":"DECREASING","loadLevelTrend":"DECREASING","trainingStatusFeedbackPhrase":"DETRAINING_AER_LOW_SHORT"},{"userProfilePK":87578117,"calendarDate":"2021-04-06","deviceId":3324959462,"timestamp":"2021-04-05T22:03:25.0","sport":"RUNNING","subSport":"GENERIC","weeklyTrainingLoadSum":0,"loadTunnelMin":722,"loadTunnelMax":1540,"trainingStatus":"DETRAINING","fitnessLevelTrend":"DECREASING","loadLevelTrend":"DECREASING","trainingStatusFeedbackPhrase":"DETRAINING_AER_LOW_SHORT"},{"userProfilePK":87578117,"calendarDate":"2021-04-07","deviceId":3324959462,"timestamp":"2021-04-06T22:03:27.0","sport":"RUNNING","subSport":"GENERIC","weeklyTrainingLoadSum":0,"loadTunnelMin":722,"loadTunnelMax":1540,"trainingStatus":"DETRAINING","fitnessLevelTrend":"DECREASING","loadLevelTrend":"DECREASING","trainingStatusFeedbackPhrase":"DETRAINING_AER_LOW_SHORT"},{"userProfilePK":87578117,"calendarDate":"2021-04-08","deviceId":3324959462,"timestamp":"2021-04-07T22:03:28.0","sport":"RUNNING","subSport":"GENERIC","weeklyTrainingLoadSum":0,"loadTunnelMin":559,"loadTunnelMax":1258,"trainingStatus":"DETRAINING","fitnessLevelTrend":"DECREASING","loadLevelTrend":"DECREASING","trainingStatusFeedbackPhrase":"DETRAINING_AER_LOW_SHORT"},{"userProfilePK":87578117,"calendarDate":"2021-04-08","deviceId":3324959462,"timestamp":"2021-04-08T19:11:24.0","sport":"RUNNING","subSport":"GENERIC","weeklyTrainingLoadSum":96,"loadTunnelMin":559,"loadTunnelMax":1258,"trainingStatus":"DETRAINING","fitnessLevelTrend":"DECREASING","loadLevelTrend":"DECREASING","trainingStatusFeedbackPhrase":"DETRAINING_AER_LOW_SHORT"},{"userProfilePK":87578117,"calendarDate":"2021-04-09","deviceId":3324959462,"timestamp":"2021-04-08T22:03:29.0","sport":"RUNNING","subSport":"GENERIC","weeklyTrainingLoadSum":96,"loadTunnelMin":559,"loadTunnelMax":1258,"trainingStatus":"DETRAINING","fitnessLevelTrend":"DECREASING","loadLevelTrend":"DECREASING","trainingStatusFeedbackPhrase":"DETRAINING_AER_LOW_SHORT"},{"userProfilePK":87578117,"calendarDate":"2021-04-10","deviceId":3324959462,"timestamp":"2021-04-09T22:03:31.0","sport":"RUNNING","subSport":"GENERIC","weeklyTrainingLoadSum":96,"loadTunnelMin":559,"loadTunnelMax":1258,"trainingStatus":"DETRAINING","fitnessLevelTrend":"DECREASING","loadLevelTrend":"DECREASING","trainingStatusFeedbackPhrase":"DETRAINING_AER_LOW_SHORT"},{"userProfilePK":87578117,"calendarDate":"2021-04-10","deviceId":3324959462,"timestamp":"2021-04-10T19:42:57.0","sport":"RUNNING","subSport":"GENERIC","weeklyTrainingLoadSum":96,"loadTunnelMin":559,"loadTunnelMax":1258,"trainingStatus":"DETRAINING","fitnessLevelTrend":"DECREASING","loadLevelTrend":"DECREASING","trainingStatusFeedbackPhrase":"DETRAINING_AER_LOW_SHORT"},{"userProfilePK":87578117,"calendarDate":"2021-04-11","deviceId":3324959462,"timestamp":"2021-04-10T22:03:32.0","sport":"RUNNING","subSport":"GENERIC","weeklyTrainingLoadSum":96,"loadTunnelMin":559,"loadTunnelMax":1258,"trainingStatus":"DETRAINING","fitnessLevelTrend":"DECREASING","loadLevelTrend":"DECREASING","trainingStatusFeedbackPhrase":"DETRAINING_AER_LOW_SHORT"},{"userProfilePK":87578117,"calendarDate":"2021-04-11","deviceId":3324959462,"timestamp":"2021-04-11T08:31:37.0","sport":"RUNNING","subSport":"GENERIC","weeklyTrainingLoadSum":612,"loadTunnelMin":559,"loadTunnelMax":1258,"trainingStatus":"MAINTAINING","fitnessLevelTrend":"NO_CHANGE","loadLevelTrend":"DECREASING","trainingStatusFeedbackPhrase":"MAINTAINING_AER_LOW_SHORT"},{"userProfilePK":87578117,"calendarDate":"2021-04-12","deviceId":3324959462,"timestamp":"2021-04-11T22:03:36.0","sport":"RUNNING","subSport":"GENERIC","weeklyTrainingLoadSum":612,"loadTunnelMin":559,"loadTunnelMax":1258,"trainingStatus":"MAINTAINING","fitnessLevelTrend":"NO_CHANGE","loadLevelTrend":"DECREASING","trainingStatusFeedbackPhrase":"MAINTAINING_AER_LOW_SHORT"},{"userProfilePK":87578117,"calendarDate":"2021-04-13","deviceId":3324959462,"timestamp":"2021-04-12T22:03:38.0","sport":"RUNNING","subSport":"GENERIC","weeklyTrainingLoadSum":612,"loadTunnelMin":559,"loadTunnelMax":1258,"trainingStatus":"MAINTAINING","fitnessLevelTrend":"NO_CHANGE","loadLevelTrend":"DECREASING","trainingStatusFeedbackPhrase":"MAINTAINING_AER_LOW_SHORT"},{"userProfilePK":87578117,"calendarDate":"2021-04-14","deviceId":3324959462,"timestamp":"2021-04-13T22:03:39.0","sport":"RUNNING","subSport":"GENERIC","weeklyTrainingLoadSum":612,"loadTunnelMin":559,"loadTunnelMax":1258,"trainingStatus":"MAINTAINING","fitnessLevelTrend":"NO_CHANGE","loadLevelTrend":"DECREASING","trainingStatusFeedbackPhrase":"MAINTAINING_AER_LOW_SHORT"},{"userProfilePK":87578117,"calendarDate":"2021-04-15","deviceId":3324959462,"timestamp":"2021-04-14T22:03:40.0","sport":"RUNNING","subSport":"GENERIC","weeklyTrainingLoadSum":516,"loadTunnelMin":559,"loadTunnelMax":1258,"trainingStatus":"MAINTAINING","fitnessLevelTrend":"NO_CHANGE","loadLevelTrend":"DECREASING","trainingStatusFeedbackPhrase":"MAINTAINING_AER_LOW_SHORT"},{"userProfilePK":87578117,"calendarDate":"2021-04-15","deviceId":3324959462,"timestamp":"2021-04-15T11:33:45.0","sport":"RUNNING","subSport":"GENERIC","weeklyTrainingLoadSum":616,"loadTunnelMin":559,"loadTunnelMax":1258,"trainingStatus":"UNPRODUCTIVE","fitnessLevelTrend":"DECREASING","loadLevelTrend":"DECREASING","trainingStatusFeedbackPhrase":"UNPRODUCTIVE_AER_LOW_SHORT"},{"userProfilePK":87578117,"calendarDate":"2021-04-16","deviceId":3324959462,"timestamp":"2021-04-15T22:03:43.0","sport":"RUNNING","subSport":"GENERIC","weeklyTrainingLoadSum":616,"loadTunnelMin":446,"loadTunnelMax":988,"trainingStatus":"UNPRODUCTIVE","fitnessLevelTrend":"DECREASING","loadLevelTrend":"NO_CHANGE","trainingStatusFeedbackPhrase":"UNPRODUCTIVE_AER_LOW_SHORT"},{"userProfilePK":87578117,"calendarDate":"2021-04-17","deviceId":3324959462,"timestamp":"2021-04-16T22:03:44.0","sport":"RUNNING","subSport":"GENERIC","weeklyTrainingLoadSum":616,"loadTunnelMin":446,"loadTunnelMax":988,"trainingStatus":"UNPRODUCTIVE","fitnessLevelTrend":"DECREASING","loadLevelTrend":"NO_CHANGE","trainingStatusFeedbackPhrase":"UNPRODUCTIVE_AER_LOW_SHORT"},{"userProfilePK":87578117,"calendarDate":"2021-04-18","deviceId":3324959462,"timestamp":"2021-04-17T22:03:45.0","sport":"RUNNING","subSport":"GENERIC","weeklyTrainingLoadSum":100,"loadTunnelMin":360,"loadTunnelMax":794,"trainingStatus":"DETRAINING","fitnessLevelTrend":"DECREASING","loadLevelTrend":"DECREASING","trainingStatusFeedbackPhrase":"DETRAINING_AER_LOW_SHORT"},{"userProfilePK":87578117,"calendarDate":"2021-04-19","deviceId":3324959462,"timestamp":"2021-04-18T22:03:47.0","sport":"RUNNING","subSport":"GENERIC","weeklyTrainingLoadSum":100,"loadTunnelMin":360,"loadTunnelMax":794,"trainingStatus":"DETRAINING","fitnessLevelTrend":"DECREASING","loadLevelTrend":"DECREASING","trainingStatusFeedbackPhrase":"DETRAINING_AER_LOW_SHORT"},{"userProfilePK":87578117,"calendarDate":"2021-04-20","deviceId":3324959462,"timestamp":"2021-04-19T22:03:48.0","sport":"RUNNING","subSport":"GENERIC","weeklyTrainingLoadSum":100,"loadTunnelMin":360,"loadTunnelMax":794,"trainingStatus":"DETRAINING","fitnessLevelTrend":"DECREASING","loadLevelTrend":"DECREASING","trainingStatusFeedbackPhrase":"DETRAINING_AER_LOW_SHORT"},{"userProfilePK":87578117,"calendarDate":"2021-04-21","deviceId":3324959462,"timestamp":"2021-04-20T22:03:50.0","sport":"RUNNING","subSport":"GENERIC","weeklyTrainingLoadSum":100,"loadTunnelMin":360,"loadTunnelMax":794,"trainingStatus":"DETRAINING","fitnessLevelTrend":"DECREASING","loadLevelTrend":"DECREASING","trainingStatusFeedbackPhrase":"DETRAINING_AER_LOW_SHORT"},{"userProfilePK":87578117,"calendarDate":"2021-04-22","deviceId":3324959462,"timestamp":"2021-04-21T22:03:51.0","sport":"RUNNING","subSport":"GENERIC","weeklyTrainingLoadSum":0,"loadTunnelMin":226,"loadTunnelMax":484,"trainingStatus":"DETRAINING","fitnessLevelTrend":"DECREASING","loadLevelTrend":"DECREASING","trainingStatusFeedbackPhrase":"DETRAINING_AER_LOW_SHORT"},{"userProfilePK":87578117,"calendarDate":"2021-04-22","deviceId":3324959462,"timestamp":"2021-04-22T03:28:36.0","sport":"RUNNING","subSport":"GENERIC","weeklyTrainingLoadSum":0,"loadTunnelMin":226,"loadTunnelMax":484,"trainingStatus":"DETRAINING","fitnessLevelTrend":"DECREASING","loadLevelTrend":"DECREASING","trainingStatusFeedbackPhrase":"DETRAINING_AER_LOW_SHORT"},{"userProfilePK":87578117,"calendarDate":"2021-04-22","deviceId":3324959462,"timestamp":"2021-04-22T04:48:33.0","sport":"RUNNING","subSport":"GENERIC","weeklyTrainingLoadSum":527,"loadTunnelMin":281,"loadTunnelMax":640,"trainingStatus":"UNPRODUCTIVE","fitnessLevelTrend":"DECREASING","loadLevelTrend":"INCREASING","trainingStatusFeedbackPhrase":"UNPRODUCTIVE_AER_LOW_SHORT"},{"userProfilePK":87578117,"calendarDate":"2021-04-23","deviceId":3324959462,"timestamp":"2021-04-22T22:03:55.0","sport":"RUNNING","subSport":"GENERIC","weeklyTrainingLoadSum":527,"loadTunnelMin":281,"loadTunnelMax":640,"trainingStatus":"UNPRODUCTIVE","fitnessLevelTrend":"DECREASING","loadLevelTrend":"INCREASING","trainingStatusFeedbackPhrase":"UNPRODUCTIVE_AER_LOW_SHORT"},{"userProfilePK":87578117,"calendarDate":"2021-04-23","deviceId":3324959462,"timestamp":"2021-04-23T05:25:57.0","sport":"RUNNING","subSport":"GENERIC","weeklyTrainingLoadSum":637,"loadTunnelMin":360,"loadTunnelMax":794,"trainingStatus":"PRODUCTIVE","fitnessLevelTrend":"NO_CHANGE","loadLevelTrend":"INCREASING","trainingStatusFeedbackPhrase":"PRODUCTIVE_AER_LOW_SHORT"},{"userProfilePK":87578117,"calendarDate":"2021-04-24","deviceId":3324959462,"timestamp":"2021-04-23T22:03:56.0","sport":"RUNNING","subSport":"GENERIC","weeklyTrainingLoadSum":637,"loadTunnelMin":281,"loadTunnelMax":640,"trainingStatus":"PRODUCTIVE","fitnessLevelTrend":"NO_CHANGE","loadLevelTrend":"INCREASING","trainingStatusFeedbackPhrase":"PRODUCTIVE_AER_LOW_SHORT"},{"userProfilePK":87578117,"calendarDate":"2021-04-24","deviceId":3324959462,"timestamp":"2021-04-24T07:38:50.0","sport":"RUNNING","subSport":"GENERIC","weeklyTrainingLoadSum":815,"loadTunnelMin":360,"loadTunnelMax":794,"trainingStatus":"PRODUCTIVE","fitnessLevelTrend":"NO_CHANGE","loadLevelTrend":"INCREASING","trainingStatusFeedbackPhrase":"PRODUCTIVE_AER_LOW_SHORT"},{"userProfilePK":87578117,"calendarDate":"2021-04-24","deviceId":3324959462,"timestamp":"2021-04-24T17:06:25.0","sport":"RUNNING","subSport":"GENERIC","weeklyTrainingLoadSum":1720,"loadTunnelMin":446,"loadTunnelMax":988,"trainingStatus":"PRODUCTIVE","fitnessLevelTrend":"NO_CHANGE","loadLevelTrend":"INCREASING","trainingStatusFeedbackPhrase":"PRODUCTIVE_AER_LOW_SHORT"},{"userProfilePK":87578117,"calendarDate":"2021-04-25","deviceId":3324959462,"timestamp":"2021-04-24T22:03:58.0","sport":"RUNNING","subSport":"GENERIC","weeklyTrainingLoadSum":1720,"loadTunnelMin":446,"loadTunnelMax":988,"trainingStatus":"PRODUCTIVE","fitnessLevelTrend":"NO_CHANGE","loadLevelTrend":"INCREASING","trainingStatusFeedbackPhrase":"PRODUCTIVE_AER_LOW_SHORT"},{"userProfilePK":87578117,"calendarDate":"2021-04-25","deviceId":3324959462,"timestamp":"2021-04-25T16:01:28.0","sport":"RUNNING","subSport":"GENERIC","weeklyTrainingLoadSum":1764,"loadTunnelMin":446,"loadTunnelMax":988,"trainingStatus":"PRODUCTIVE","fitnessLevelTrend":"NO_CHANGE","loadLevelTrend":"INCREASING","trainingStatusFeedbackPhrase":"PRODUCTIVE_AER_LOW_SHORT"},{"userProfilePK":87578117,"calendarDate":"2021-04-26","deviceId":3324959462,"timestamp":"2021-04-25T22:04:00.0","sport":"RUNNING","subSport":"GENERIC","weeklyTrainingLoadSum":1764,"loadTunnelMin":446,"loadTunnelMax":988,"trainingStatus":"PRODUCTIVE","fitnessLevelTrend":"NO_CHANGE","loadLevelTrend":"INCREASING","trainingStatusFeedbackPhrase":"PRODUCTIVE_AER_LOW_SHORT"},{"userProfilePK":87578117,"calendarDate":"2021-04-26","deviceId":3324959462,"timestamp":"2021-04-26T06:13:55.0","sport":"RUNNING","subSport":"GENERIC","weeklyTrainingLoadSum":1907,"loadTunnelMin":559,"loadTunnelMax":1258,"trainingStatus":"PRODUCTIVE","fitnessLevelTrend":"NO_CHANGE","loadLevelTrend":"INCREASING","trainingStatusFeedbackPhrase":"PRODUCTIVE_AER_LOW_SHORT"},{"userProfilePK":87578117,"calendarDate":"2021-04-26","deviceId":3324959462,"timestamp":"2021-04-26T11:24:36.0","sport":"RUNNING","subSport":"GENERIC","weeklyTrainingLoadSum":1955,"loadTunnelMin":559,"loadTunnelMax":1258,"trainingStatus":"OVERREACHING","fitnessLevelTrend":"DECREASING","loadLevelTrend":"INCREASING","trainingStatusFeedbackPhrase":"OVERREACHING_AER_LOW_SHORT"},{"userProfilePK":87578117,"calendarDate":"2021-04-27","deviceId":3324959462,"timestamp":"2021-04-26T22:04:02.0","sport":"RUNNING","subSport":"GENERIC","weeklyTrainingLoadSum":1955,"loadTunnelMin":446,"loadTunnelMax":988,"trainingStatus":"OVERREACHING","fitnessLevelTrend":"DECREASING","loadLevelTrend":"INCREASING","trainingStatusFeedbackPhrase":"OVERREACHING_AER_LOW_SHORT"},{"userProfilePK":87578117,"calendarDate":"2021-04-27","deviceId":3324959462,"timestamp":"2021-04-27T04:36:44.0","sport":"RUNNING","subSport":"GENERIC","weeklyTrainingLoadSum":2204,"loadTunnelMin":559,"loadTunnelMax":1258,"trainingStatus":"PRODUCTIVE","fitnessLevelTrend":"NO_CHANGE","loadLevelTrend":"INCREASING","trainingStatusFeedbackPhrase":"PRODUCTIVE_AER_LOW_SHORT"},{"userProfilePK":87578117,"calendarDate":"2021-04-28","deviceId":3324959462,"timestamp":"2021-04-27T22:04:03.0","sport":"RUNNING","subSport":"GENERIC","weeklyTrainingLoadSum":2204,"loadTunnelMin":559,"loadTunnelMax":1258,"trainingStatus":"PRODUCTIVE","fitnessLevelTrend":"NO_CHANGE","loadLevelTrend":"INCREASING","trainingStatusFeedbackPhrase":"PRODUCTIVE_AER_LOW_SHORT"},{"userProfilePK":87578117,"calendarDate":"2021-04-28","deviceId":3324959462,"timestamp":"2021-04-28T05:57:11.0","sport":"RUNNING","subSport":"GENERIC","weeklyTrainingLoadSum":2364,"loadTunnelMin":559,"loadTunnelMax":1258,"trainingStatus":"PRODUCTIVE","fitnessLevelTrend":"NO_CHANGE","loadLevelTrend":"INCREASING","trainingStatusFeedbackPhrase":"PRODUCTIVE_AER_LOW_SHORT"},{"userProfilePK":87578117,"calendarDate":"2021-04-28","deviceId":3324959462,"timestamp":"2021-04-28T11:28:12.0","sport":"RUNNING","subSport":"GENERIC","weeklyTrainingLoadSum":2396,"loadTunnelMin":559,"loadTunnelMax":1258,"trainingStatus":"PRODUCTIVE","fitnessLevelTrend":"NO_CHANGE","loadLevelTrend":"INCREASING","trainingStatusFeedbackPhrase":"PRODUCTIVE_AER_LOW_SHORT"},{"userProfilePK":87578117,"calendarDate":"2021-04-29","deviceId":3324959462,"timestamp":"2021-04-28T22:04:04.0","sport":"RUNNING","subSport":"GENERIC","weeklyTrainingLoadSum":1869,"loadTunnelMin":559,"loadTunnelMax":1258,"trainingStatus":"PRODUCTIVE","fitnessLevelTrend":"NO_CHANGE","loadLevelTrend":"INCREASING","trainingStatusFeedbackPhrase":"PRODUCTIVE_AER_LOW_SHORT"},{"userProfilePK":87578117,"calendarDate":"2021-04-29","deviceId":3324959462,"timestamp":"2021-04-29T04:53:42.0","sport":"RUNNING","subSport":"GENERIC","weeklyTrainingLoadSum":1955,"loadTunnelMin":559,"loadTunnelMax":1258,"trainingStatus":"OVERREACHING","fitnessLevelTrend":"DECREASING","loadLevelTrend":"INCREASING","trainingStatusFeedbackPhrase":"OVERREACHING_AER_LOW_SHORT"},{"userProfilePK":87578117,"calendarDate":"2021-04-30","deviceId":3324959462,"timestamp":"2021-04-29T22:04:06.0","sport":"RUNNING","subSport":"GENERIC","weeklyTrainingLoadSum":1845,"loadTunnelMin":559,"loadTunnelMax":1258,"trainingStatus":"OVERREACHING","fitnessLevelTrend":"DECREASING","loadLevelTrend":"INCREASING","trainingStatusFeedbackPhrase":"OVERREACHING_AER_LOW_SHORT"},{"userProfilePK":87578117,"calendarDate":"2021-05-01","deviceId":3324959462,"timestamp":"2021-04-30T22:04:08.0","sport":"RUNNING","subSport":"GENERIC","weeklyTrainingLoadSum":762,"loadTunnelMin":559,"loadTunnelMax":1258,"trainingStatus":"OVERREACHING","fitnessLevelTrend":"DECREASING","loadLevelTrend":"NO_CHANGE","trainingStatusFeedbackPhrase":"OVERREACHING_AER_LOW_SHORT"},{"userProfilePK":87578117,"calendarDate":"2021-05-02","deviceId":3324959462,"timestamp":"2021-05-01T22:04:09.0","sport":"RUNNING","subSport":"GENERIC","weeklyTrainingLoadSum":718,"loadTunnelMin":559,"loadTunnelMax":1258,"trainingStatus":"OVERREACHING","fitnessLevelTrend":"DECREASING","loadLevelTrend":"NO_CHANGE","trainingStatusFeedbackPhrase":"OVERREACHING_AER_LOW_SHORT"},{"userProfilePK":87578117,"calendarDate":"2021-05-02","deviceId":3324959462,"timestamp":"2021-05-02T06:21:55.0","sport":"RUNNING","subSport":"GENERIC","weeklyTrainingLoadSum":769,"loadTunnelMin":559,"loadTunnelMax":1258,"trainingStatus":"UNPRODUCTIVE","fitnessLevelTrend":"DECREASING","loadLevelTrend":"NO_CHANGE","trainingStatusFeedbackPhrase":"UNPRODUCTIVE_AER_LOW_SHORT"},{"userProfilePK":87578117,"calendarDate":"2021-05-02","deviceId":3324959462,"timestamp":"2021-05-02T10:30:35.0","sport":"RUNNING","subSport":"GENERIC","weeklyTrainingLoadSum":870,"loadTunnelMin":559,"loadTunnelMax":1258,"trainingStatus":"UNPRODUCTIVE","fitnessLevelTrend":"DECREASING","loadLevelTrend":"NO_CHANGE","trainingStatusFeedbackPhrase":"UNPRODUCTIVE_AER_LOW_SHORT"},{"userProfilePK":87578117,"calendarDate":"2021-05-03","deviceId":3324959462,"timestamp":"2021-05-02T22:04:12.0","sport":"RUNNING","subSport":"GENERIC","weeklyTrainingLoadSum":679,"loadTunnelMin":559,"loadTunnelMax":1258,"trainingStatus":"UNPRODUCTIVE","fitnessLevelTrend":"DECREASING","loadLevelTrend":"DECREASING","trainingStatusFeedbackPhrase":"UNPRODUCTIVE_AER_LOW_SHORT"},{"userProfilePK":87578117,"calendarDate":"2021-05-04","deviceId":3324959462,"timestamp":"2021-05-03T22:04:13.0","sport":"RUNNING","subSport":"GENERIC","weeklyTrainingLoadSum":430,"loadTunnelMin":559,"loadTunnelMax":1258,"trainingStatus":"UNPRODUCTIVE","fitnessLevelTrend":"DECREASING","loadLevelTrend":"DECREASING","trainingStatusFeedbackPhrase":"UNPRODUCTIVE_AER_LOW_SHORT"},{"userProfilePK":87578117,"calendarDate":"2021-05-05","deviceId":3324959462,"timestamp":"2021-05-04T22:04:14.0","sport":"RUNNING","subSport":"GENERIC","weeklyTrainingLoadSum":238,"loadTunnelMin":559,"loadTunnelMax":1258,"trainingStatus":"DETRAINING","fitnessLevelTrend":"DECREASING","loadLevelTrend":"DECREASING","trainingStatusFeedbackPhrase":"DETRAINING_AER_LOW_SHORT"},{"userProfilePK":87578117,"calendarDate":"2021-05-05","deviceId":3324959462,"timestamp":"2021-05-05T04:47:41.0","sport":"RUNNING","subSport":"GENERIC","weeklyTrainingLoadSum":402,"loadTunnelMin":559,"loadTunnelMax":1258,"trainingStatus":"RECOVERY","fitnessLevelTrend":"NO_CHANGE","loadLevelTrend":"DECREASING","trainingStatusFeedbackPhrase":"RECOVERY_AER_LOW_SHORT"},{"userProfilePK":87578117,"calendarDate":"2021-05-06","deviceId":3324959462,"timestamp":"2021-05-05T22:04:17.0","sport":"RUNNING","subSport":"GENERIC","weeklyTrainingLoadSum":316,"loadTunnelMin":559,"loadTunnelMax":1258,"trainingStatus":"RECOVERY","fitnessLevelTrend":"NO_CHANGE","loadLevelTrend":"DECREASING","trainingStatusFeedbackPhrase":"RECOVERY_AER_LOW_SHORT"},{"userProfilePK":87578117,"calendarDate":"2021-05-07","deviceId":3324959462,"timestamp":"2021-05-06T22:04:18.0","sport":"RUNNING","subSport":"GENERIC","weeklyTrainingLoadSum":316,"loadTunnelMin":559,"loadTunnelMax":1258,"trainingStatus":"RECOVERY","fitnessLevelTrend":"NO_CHANGE","loadLevelTrend":"DECREASING","trainingStatusFeedbackPhrase":"RECOVERY_AER_LOW_SHORT"},{"userProfilePK":87578117,"calendarDate":"2021-05-08","deviceId":3324959462,"timestamp":"2021-05-07T22:04:19.0","sport":"RUNNING","subSport":"GENERIC","weeklyTrainingLoadSum":316,"loadTunnelMin":559,"loadTunnelMax":1258,"trainingStatus":"RECOVERY","fitnessLevelTrend":"NO_CHANGE","loadLevelTrend":"DECREASING","trainingStatusFeedbackPhrase":"RECOVERY_AER_LOW_SHORT"},{"userProfilePK":87578117,"calendarDate":"2021-05-09","deviceId":3324959462,"timestamp":"2021-05-08T22:04:21.0","sport":"RUNNING","subSport":"GENERIC","weeklyTrainingLoadSum":164,"loadTunnelMin":559,"loadTunnelMax":1258,"trainingStatus":"RECOVERY","fitnessLevelTrend":"NO_CHANGE","loadLevelTrend":"DECREASING","trainingStatusFeedbackPhrase":"RECOVERY_AER_LOW_SHORT"},{"userProfilePK":87578117,"calendarDate":"2021-05-10","deviceId":3324959462,"timestamp":"2021-05-09T22:19:22.0","sport":"RUNNING","subSport":"GENERIC","weeklyTrainingLoadSum":164,"loadTunnelMin":559,"loadTunnelMax":1258,"trainingStatus":"RECOVERY","fitnessLevelTrend":"NO_CHANGE","loadLevelTrend":"DECREASING","trainingStatusFeedbackPhrase":"RECOVERY_AER_LOW_SHORT"},{"userProfilePK":87578117,"calendarDate":"2021-05-11","deviceId":3324959462,"timestamp":"2021-05-10T22:19:23.0","sport":"RUNNING","subSport":"GENERIC","weeklyTrainingLoadSum":164,"loadTunnelMin":559,"loadTunnelMax":1258,"trainingStatus":"RECOVERY","fitnessLevelTrend":"NO_CHANGE","loadLevelTrend":"DECREASING","trainingStatusFeedbackPhrase":"RECOVERY_AER_LOW_SHORT"},{"userProfilePK":87578117,"calendarDate":"2021-05-12","deviceId":3324959462,"timestamp":"2021-05-11T22:19:25.0","sport":"RUNNING","subSport":"GENERIC","weeklyTrainingLoadSum":0,"loadTunnelMin":559,"loadTunnelMax":1258,"trainingStatus":"DETRAINING","fitnessLevelTrend":"NO_CHANGE","loadLevelTrend":"DECREASING","trainingStatusFeedbackPhrase":"DETRAINING_AER_LOW_SHORT"},{"userProfilePK":87578117,"calendarDate":"2021-05-13","deviceId":3324959462,"timestamp":"2021-05-12T22:19:26.0","sport":"RUNNING","subSport":"GENERIC","weeklyTrainingLoadSum":0,"loadTunnelMin":559,"loadTunnelMax":1258,"trainingStatus":"DETRAINING","fitnessLevelTrend":"NO_CHANGE","loadLevelTrend":"DECREASING","trainingStatusFeedbackPhrase":"DETRAINING_AER_LOW_SHORT"},{"userProfilePK":87578117,"calendarDate":"2021-05-14","deviceId":3324959462,"timestamp":"2021-05-13T22:19:28.0","sport":"RUNNING","subSport":"GENERIC","weeklyTrainingLoadSum":0,"loadTunnelMin":559,"loadTunnelMax":1258,"trainingStatus":"DETRAINING","fitnessLevelTrend":"NO_CHANGE","loadLevelTrend":"DECREASING","trainingStatusFeedbackPhrase":"DETRAINING_AER_LOW_SHORT"},{"userProfilePK":87578117,"calendarDate":"2021-05-14","deviceId":3324959462,"timestamp":"2021-05-14T11:52:20.0","sport":"RUNNING","subSport":"GENERIC","weeklyTrainingLoadSum":173,"loadTunnelMin":559,"loadTunnelMax":1258,"trainingStatus":"MAINTAINING","fitnessLevelTrend":"NO_CHANGE","loadLevelTrend":"DECREASING","trainingStatusFeedbackPhrase":"MAINTAINING_AER_LOW_SHORT"},{"userProfilePK":87578117,"calendarDate":"2021-05-15","deviceId":3324959462,"timestamp":"2021-05-14T22:19:29.0","sport":"RUNNING","subSport":"GENERIC","weeklyTrainingLoadSum":173,"loadTunnelMin":559,"loadTunnelMax":1258,"trainingStatus":"MAINTAINING","fitnessLevelTrend":"NO_CHANGE","loadLevelTrend":"DECREASING","trainingStatusFeedbackPhrase":"MAINTAINING_AER_LOW_SHORT"},{"userProfilePK":87578117,"calendarDate":"2021-05-15","deviceId":3324959462,"timestamp":"2021-05-15T09:28:22.0","sport":"RUNNING","subSport":"GENERIC","weeklyTrainingLoadSum":173,"loadTunnelMin":559,"loadTunnelMax":1258,"trainingStatus":"MAINTAINING","fitnessLevelTrend":"NO_CHANGE","loadLevelTrend":"DECREASING","trainingStatusFeedbackPhrase":"MAINTAINING_AER_LOW_SHORT"},{"userProfilePK":87578117,"calendarDate":"2021-05-15","deviceId":3324959462,"timestamp":"2021-05-15T16:13:21.0","sport":"RUNNING","subSport":"GENERIC","weeklyTrainingLoadSum":199,"loadTunnelMin":559,"loadTunnelMax":1258,"trainingStatus":"MAINTAINING","fitnessLevelTrend":"NO_CHANGE","loadLevelTrend":"DECREASING","trainingStatusFeedbackPhrase":"MAINTAINING_AER_LOW_SHORT"},{"userProfilePK":87578117,"calendarDate":"2021-05-15","deviceId":3324959462,"timestamp":"2021-05-15T18:05:56.0","sport":"RUNNING","subSport":"GENERIC","weeklyTrainingLoadSum":638,"loadTunnelMin":559,"loadTunnelMax":1258,"trainingStatus":"MAINTAINING","fitnessLevelTrend":"NO_CHANGE","loadLevelTrend":"DECREASING","trainingStatusFeedbackPhrase":"MAINTAINING_AER_LOW_SHORT"},{"userProfilePK":87578117,"calendarDate":"2021-05-16","deviceId":3324959462,"timestamp":"2021-05-15T22:19:33.0","sport":"RUNNING","subSport":"GENERIC","weeklyTrainingLoadSum":638,"loadTunnelMin":559,"loadTunnelMax":1258,"trainingStatus":"MAINTAINING","fitnessLevelTrend":"NO_CHANGE","loadLevelTrend":"DECREASING","trainingStatusFeedbackPhrase":"MAINTAINING_AER_LOW_SHORT"},{"userProfilePK":87578117,"calendarDate":"2021-05-17","deviceId":3324959462,"timestamp":"2021-05-16T22:19:34.0","sport":"RUNNING","subSport":"GENERIC","weeklyTrainingLoadSum":638,"loadTunnelMin":559,"loadTunnelMax":1258,"trainingStatus":"MAINTAINING","fitnessLevelTrend":"NO_CHANGE","loadLevelTrend":"DECREASING","trainingStatusFeedbackPhrase":"MAINTAINING_AER_LOW_SHORT"}]