[{"userProfilePK":87578117,"calendarDate":"2020-10-29","deviceId":3324959462,"timestamp":"2020-10-28T23:06:37.0","sport":"RUNNING","subSport":"GENERIC","weeklyTrainingLoadSum":15,"loadTunnelMin":176,"loadTunnelMax":396,"trainingStatus":"RECOVERY","fitnessLevelTrend":"NO_CHANGE","loadLevelTrend":"DECREASING","trainingStatusFeedbackPhrase":"RECOVERY_BELOW_TARGETS"},{"userProfilePK":87578117,"calendarDate":"2020-10-30","deviceId":3324959462,"timestamp":"2020-10-29T23:06:38.0","sport":"RUNNING","subSport":"GENERIC","weeklyTrainingLoadSum":15,"loadTunnelMin":176,"loadTunnelMax":396,"trainingStatus":"RECOVERY","fitnessLevelTrend":"NO_CHANGE","loadLevelTrend":"DECREASING","trainingStatusFeedbackPhrase":"RECOVERY_BELOW_TARGETS"},{"userProfilePK":87578117,"calendarDate":"2020-10-31","deviceId":3324959462,"timestamp":"2020-10-30T23:06:39.0","sport":"RUNNING","subSport":"GENERIC","weeklyTrainingLoadSum":0,"loadTunnelMin":176,"loadTunnelMax":396,"trainingStatus":"DETRAINING","fitnessLevelTrend":"NO_CHANGE","loadLevelTrend":"DECREASING","trainingStatusFeedbackPhrase":"DETRAINING_AER_LOW_SHORT"},{"userProfilePK":87578117,"calendarDate":"2020-11-01","deviceId":3324959462,"timestamp":"2020-10-31T23:06:40.0","sport":"RUNNING","subSport":"GENERIC","weeklyTrainingLoadSum":0,"loadTunnelMin":176,"loadTunnelMax":396,"trainingStatus":"DETRAINING","fitnessLevelTrend":"NO_CHANGE","loadLevelTrend":"DECREASING","trainingStatusFeedbackPhrase":"DETRAINING_AER_LOW_SHORT"},{"userProfilePK":87578117,"calendarDate":"2020-11-02","deviceId":3324959462,"timestamp":"2020-11-01T23:06:41.0","sport":"RUNNING","subSport":"GENERIC","weeklyTrainingLoadSum":0,"loadTunnelMin":176,"loadTunnelMax":396,"trainingStatus":"DETRAINING","fitnessLevelTrend":"NO_CHANGE","loadLevelTrend":"DECREASING","trainingStatusFeedbackPhrase":"DETRAINING_AER_LOW_SHORT"},{"userProfilePK":87578117,"calendarDate":"2020-11-03","deviceId":3324959462,"timestamp":"2020-11-02T23:06:42.0","sport":"RUNNING","subSport":"GENERIC","weeklyTrainingLoadSum":0,"loadTunnelMin":176,"loadTunnelMax":396,"trainingStatus":"DETRAINING","fitnessLevelTrend":"NO_RESULT","loadLevelTrend":"DECREASING","trainingStatusFeedbackPhrase":"DETRAINING_BELOW_TARGETS"},{"userProfilePK":87578117,"calendarDate":"2020-11-04","deviceId":3324959462,"timestamp":"2020-11-03T23:06:43.0","sport":"RUNNING","subSport":"GENERIC","weeklyTrainingLoadSum":0,"loadTunnelMin":176,"loadTunnelMax":396,"trainingStatus":"DETRAINING","fitnessLevelTrend":"NO_RESULT","loadLevelTrend":"DECREASING","trainingStatusFeedbackPhrase":"DETRAINING_AER_LOW_SHORT"},{"userProfilePK":87578117,"calendarDate":"2020-11-05","deviceId":3324959462,"timestamp":"2020-11-04T23:06:44.0","sport":"RUNNING","subSport":"GENERIC","weeklyTrainingLoadSum":0,"loadTunnelMin":176,"loadTunnelMax":396,"trainingStatus":"DETRAINING","fitnessLevelTrend":"NO_RESULT","loadLevelTrend":"DECREASING","trainingStatusFeedbackPhrase":"DETRAINING_BELOW_TARGETS"},{"userProfilePK":87578117,"calendarDate":"2020-11-06","deviceId":3324959462,"timestamp":"2020-11-05T23:06:45.0","sport":"RUNNING","subSport":"GENERIC","weeklyTrainingLoadSum":0,"loadTunnelMin":176,"loadTunnelMax":396,"trainingStatus":"DETRAINING","fitnessLevelTrend":"NO_RESULT","loadLevelTrend":"DECREASING","trainingStatusFeedbackPhrase":"DETRAINING_BELOW_TARGETS"},{"userProfilePK":87578117,"calendarDate":"2020-11-06","deviceId":3324959462,"timestamp":"2020-11-06T19:43:34.0","sport":"RUNNING","subSport":"GENERIC","weeklyTrainingLoadSum":13,"loadTunnelMin":176,"loadTunnelMax":396,"trainingStatus":"NO_STATUS","fitnessLevelTrend":"NO_RESULT","loadLevelTrend":"DECREASING","trainingStatusFeedbackPhrase":"NO_STATUS_BELOW_TARGETS"},{"userProfilePK":87578117,"calendarDate":"2020-11-07","deviceId":3324959462,"timestamp":"2020-11-06T23:06:46.0","sport":"RUNNING","subSport":"GENERIC","weeklyTrainingLoadSum":13,"loadTunnelMin":176,"loadTunnelMax":396,"trainingStatus":"NO_STATUS","fitnessLevelTrend":"NO_RESULT","loadLevelTrend":"DECREASING","trainingStatusFeedbackPhrase":"NO_STATUS_BELOW_TARGETS"},{"userProfilePK":87578117,"calendarDate":"2020-11-07","deviceId":3324959462,"timestamp":"2020-11-07T13:58:01.0","sport":"RUNNING","subSport":"GENERIC","weeklyTrainingLoadSum":13,"loadTunnelMin":176,"loadTunnelMax":396,"trainingStatus":"NO_STATUS","fitnessLevelTrend":"NO_RESULT","loadLevelTrend":"DECREASING","trainingStatusFeedbackPhrase":"NO_STATUS_BELOW_TARGETS"},{"userProfilePK":87578117,"calendarDate":"2020-11-07","deviceId":3324959462,"timestamp":"2020-11-07T13:59:00.0","sport":"RUNNING","subSport":"GENERIC","weeklyTrainingLoadSum":13,"loadTunnelMin":176,"loadTunnelMax":396,"trainingStatus":"NO_STATUS","fitnessLevelTrend":"NO_RESULT","loadLevelTrend":"DECREASING","trainingStatusFeedbackPhrase":"NO_STATUS_BELOW_TARGETS"},{"userProfilePK":87578117,"calendarDate":"2020-11-07","deviceId":3324959462,"timestamp":"2020-11-07T14:00:26.0","sport":"RUNNING","subSport":"GENERIC","weeklyTrainingLoadSum":13,"loadTunnelMin":176,"loadTunnelMax":396,"trainingStatus":"NO_STATUS","fitnessLevelTrend":"NO_RESULT","loadLevelTrend":"DECREASING","trainingStatusFeedbackPhrase":"NO_STATUS_BELOW_TARGETS"},{"userProfilePK":87578117,"calendarDate":"2020-11-07","deviceId":3324959462,"timestamp":"2020-11-07T14:01:48.0","sport":"RUNNING","subSport":"GENERIC","weeklyTrainingLoadSum":14,"loadTunnelMin":176,"loadTunnelMax":396,"trainingStatus":"NO_STATUS","fitnessLevelTrend":"NO_RESULT","loadLevelTrend":"DECREASING","trainingStatusFeedbackPhrase":"NO_STATUS_BELOW_TARGETS"},{"userProfilePK":87578117,"calendarDate":"2020-11-07","deviceId":3324959462,"timestamp":"2020-11-07T16:12:17.0","sport":"RUNNING","subSport":"GENERIC","weeklyTrainingLoadSum":67,"loadTunnelMin":176,"loadTunnelMax":396,"trainingStatus":"NO_STATUS","fitnessLevelTrend":"NO_RESULT","loadLevelTrend":"DECREASING","trainingStatusFeedbackPhrase":"NO_STATUS_BELOW_TARGETS"},{"userProfilePK":87578117,"calendarDate":"2020-11-08","deviceId":3324959462,"timestamp":"2020-11-07T23:06:47.0","sport":"RUNNING","subSport":"GENERIC","weeklyTrainingLoadSum":67,"loadTunnelMin":176,"loadTunnelMax":396,"trainingStatus":"NO_STATUS","fitnessLevelTrend":"NO_RESULT","loadLevelTrend":"DECREASING","trainingStatusFeedbackPhrase":"NO_STATUS_BELOW_TARGETS"},{"userProfilePK":87578117,"calendarDate":"2020-11-09","deviceId":3324959462,"timestamp":"2020-11-08T23:06:48.0","sport":"RUNNING","subSport":"GENERIC","weeklyTrainingLoadSum":67,"loadTunnelMin":176,"loadTunnelMax":396,"trainingStatus":"NO_STATUS","fitnessLevelTrend":"NO_RESULT","loadLevelTrend":"DECREASING","trainingStatusFeedbackPhrase":"NO_STATUS_BELOW_TARGETS"},{"userProfilePK":87578117,"calendarDate":"2020-11-10","deviceId":3324959462,"timestamp":"2020-11-09T23:06:48.0","sport":"RUNNING","subSport":"GENERIC","weeklyTrainingLoadSum":67,"loadTunnelMin":176,"loadTunnelMax":396,"trainingStatus":"NO_STATUS","fitnessLevelTrend":"NO_RESULT","loadLevelTrend":"DECREASING","trainingStatusFeedbackPhrase":"NO_STATUS_BELOW_TARGETS"},{"userProfilePK":87578117,"calendarDate":"2020-11-10","deviceId":3324959462,"timestamp":"2020-11-10T12:43:15.0","sport":"RUNNING","subSport":"GENERIC","weeklyTrainingLoadSum":277,"loadTunnelMin":176,"loadTunnelMax":396,"trainingStatus":"NO_STATUS","fitnessLevelTrend":"NO_RESULT","loadLevelTrend":"INCREASING","trainingStatusFeedbackPhrase":"NO_STATUS_AER_LOW_SHORT"},{"userProfilePK":87578117,"calendarDate":"2020-11-11","deviceId":3324959462,"timestamp":"2020-11-10T23:06:49.0","sport":"RUNNING","subSport":"GENERIC","weeklyTrainingLoadSum":277,"loadTunnelMin":176,"loadTunnelMax":396,"trainingStatus":"NO_STATUS","fitnessLevelTrend":"NO_RESULT","loadLevelTrend":"INCREASING","trainingStatusFeedbackPhrase":"NO_STATUS_AER_LOW_SHORT"},{"userProfilePK":87578117,"calendarDate":"2020-11-11","deviceId":3324959462,"timestamp":"2020-11-11T18:32:30.0","sport":"RUNNING","subSport":"GENERIC","weeklyTrainingLoadSum":674,"loadTunnelMin":226,"loadTunnelMax":484,"trainingStatus":"NO_STATUS","fitnessLevelTrend":"NO_RESULT","loadLevelTrend":"INCREASING","trainingStatusFeedbackPhrase":"NO_STATUS_AER_LOW_SHORT"},{"userProfilePK":87578117,"calendarDate":"2020-11-12","deviceId":3324959462,"timestamp":"2020-11-11T23:06:50.0","sport":"RUNNING","subSport":"GENERIC","weeklyTrainingLoadSum":674,"loadTunnelMin":226,"loadTunnelMax":484,"trainingStatus":"NO_STATUS","fitnessLevelTrend":"NO_RESULT","loadLevelTrend":"INCREASING","trainingStatusFeedbackPhrase":"NO_STATUS_AER_LOW_SHORT"},{"userProfilePK":87578117,"calendarDate":"2020-11-13","deviceId":3324959462,"timestamp":"2020-11-12T23:06:51.0","sport":"RUNNING","subSport":"GENERIC","weeklyTrainingLoadSum":661,"loadTunnelMin":226,"loadTunnelMax":484,"trainingStatus":"NO_STATUS","fitnessLevelTrend":"NO_RESULT","loadLevelTrend":"INCREASING","trainingStatusFeedbackPhrase":"NO_STATUS_AER_LOW_SHORT"},{"userProfilePK":87578117,"calendarDate":"2020-11-13","deviceId":3324959462,"timestamp":"2020-11-13T18:29:32.0","sport":"RUNNING","subSport":"GENERIC","weeklyTrainingLoadSum":890,"loadTunnelMin":281,"loadTunnelMax":640,"trainingStatus":"NO_STATUS","fitnessLevelTrend":"NO_RESULT","loadLevelTrend":"INCREASING","trainingStatusFeedbackPhrase":"NO_STATUS_AER_LOW_SHORT"},{"userProfilePK":87578117,"calendarDate":"2020-11-14","deviceId":3324959462,"timestamp":"2020-11-13T23:06:52.0","sport":"RUNNING","subSport":"GENERIC","weeklyTrainingLoadSum":836,"loadTunnelMin":226,"loadTunnelMax":484,"trainingStatus":"NO_STATUS","fitnessLevelTrend":"NO_RESULT","loadLevelTrend":"INCREASING","trainingStatusFeedbackPhrase":"NO_STATUS_AER_LOW_SHORT"},{"userProfilePK":87578117,"calendarDate":"2020-11-14","deviceId":3324959462,"timestamp":"2020-11-14T16:57:14.0","sport":"RUNNING","subSport":"GENERIC","weeklyTrainingLoadSum":1444,"loadTunnelMin":360,"loadTunnelMax":794,"trainingStatus":"NO_STATUS","fitnessLevelTrend":"NO_RESULT","loadLevelTrend":"INCREASING","trainingStatusFeedbackPhrase":"NO_STATUS_AER_LOW_SHORT"},{"userProfilePK":87578117,"calendarDate":"2020-11-14","deviceId":3324959462,"timestamp":"2020-11-14T17:28:59.0","sport":"RUNNING","subSport":"GENERIC","weeklyTrainingLoadSum":1677,"loadTunnelMin":360,"loadTunnelMax":794,"trainingStatus":"NO_STATUS","fitnessLevelTrend":"NO_RESULT","loadLevelTrend":"INCREASING","trainingStatusFeedbackPhrase":"NO_STATUS_AER_LOW_SHORT"},{"userProfilePK":87578117,"calendarDate":"2020-11-15","deviceId":3324959462,"timestamp":"2020-11-14T23:06:53.0","sport":"RUNNING","subSport":"GENERIC","weeklyTrainingLoadSum":1677,"loadTunnelMin":360,"loadTunnelMax":794,"trainingStatus":"NO_STATUS","fitnessLevelTrend":"NO_RESULT","loadLevelTrend":"INCREASING","trainingStatusFeedbackPhrase":"NO_STATUS_AER_LOW_SHORT"},{"userProfilePK":87578117,"calendarDate":"2020-11-16","deviceId":3324959462,"timestamp":"2020-11-15T23:06:54.0","sport":"RUNNING","subSport":"GENERIC","weeklyTrainingLoadSum":1677,"loadTunnelMin":360,"loadTunnelMax":794,"trainingStatus":"NO_STATUS","fitnessLevelTrend":"NO_RESULT","loadLevelTrend":"INCREASING","trainingStatusFeedbackPhrase":"NO_STATUS_AER_LOW_SHORT"},{"userProfilePK":87578117,"calendarDate":"2020-11-16","deviceId":3324959462,"timestamp":"2020-11-16T19:57:47.0","sport":"RUNNING","subSport":"GENERIC","weeklyTrainingLoadSum":1686,"loadTunnelMin":360,"loadTunnelMax":794,"trainingStatus":"NO_STATUS","fitnessLevelTrend":"NO_RESULT","loadLevelTrend":"INCREASING","trainingStatusFeedbackPhrase":"NO_STATUS_AER_LOW_SHORT"},{"userProfilePK":87578117,"calendarDate":"2020-11-17","deviceId":3324959462,"timestamp":"2020-11-16T23:06:55.0","sport":"RUNNING","subSport":"GENERIC","weeklyTrainingLoadSum":1476,"loadTunnelMin":360,"loadTunnelMax":794,"trainingStatus":"NO_STATUS","fitnessLevelTrend":"NO_RESULT","loadLevelTrend":"INCREASING","trainingStatusFeedbackPhrase":"NO_STATUS_AER_LOW_SHORT"},{"userProfilePK":87578117,"calendarDate":"2020-11-18","deviceId":3324959462,"timestamp":"2020-11-17T23:06:56.0","sport":"RUNNING","subSport":"GENERIC","weeklyTrainingLoadSum":1079,"loadTunnelMin":360,"loadTunnelMax":794,"trainingStatus":"NO_STATUS","fitnessLevelTrend":"NO_RESULT","loadLevelTrend":"INCREASING","trainingStatusFeedbackPhrase":"NO_STATUS_AER_LOW_SHORT"},{"userProfilePK":87578117,"calendarDate":"2020-11-19","deviceId":3324959462,"timestamp":"2020-11-18T23:06:57.0","sport":"RUNNING","subSport":"GENERIC","weeklyTrainingLoadSum":1079,"loadTunnelMin":360,"loadTunnelMax":794,"trainingStatus":"NO_STATUS","fitnessLevelTrend":"NO_RESULT","loadLevelTrend":"INCREASING","trainingStatusFeedbackPhrase":"NO_STATUS_AER_LOW_SHORT"},{"userProfilePK":87578117,"calendarDate":"2020-11-20","deviceId":3324959462,"timestamp":"2020-11-19T23:06:59.0","sport":"RUNNING","subSport":"GENERIC","weeklyTrainingLoadSum":850,"loadTunnelMin":360,"loadTunnelMax":794,"trainingStatus":"NO_STATUS","fitnessLevelTrend":"NO_RESULT","loadLevelTrend":"INCREASING","trainingStatusFeedbackPhrase":"NO_STATUS_AER_LOW_SHORT"},{"userProfilePK":87578117,"calendarDate":"2020-11-21","deviceId":3324959462,"timestamp":"2020-11-21T16:42:45.0","sport":"RUNNING","subSport":"GENERIC","weeklyTrainingLoadSum":9,"loadTunnelMin":360,"loadTunnelMax":794,"trainingStatus":"NO_STATUS","fitnessLevelTrend":"NO_RESULT","loadLevelTrend":"DECREASING","trainingStatusFeedbackPhrase":"NO_STATUS_AER_LOW_SHORT"},{"userProfilePK":87578117,"calendarDate":"2020-11-21","deviceId":3324959462,"timestamp":"2020-11-21T18:12:56.0","sport":"RUNNING","subSport":"GENERIC","weeklyTrainingLoadSum":31,"loadTunnelMin":360,"loadTunnelMax":794,"trainingStatus":"NO_STATUS","fitnessLevelTrend":"NO_RESULT","loadLevelTrend":"DECREASING","trainingStatusFeedbackPhrase":"NO_STATUS_AER_LOW_SHORT"},{"userProfilePK":87578117,"calendarDate":"2020-11-22","deviceId":3324959462,"timestamp":"2020-11-21T23:12:46.0","sport":"RUNNING","subSport":"GENERIC","weeklyTrainingLoadSum":31,"loadTunnelMin":360,"loadTunnelMax":794,"trainingStatus":"NO_STATUS","fitnessLevelTrend":"NO_RESULT","loadLevelTrend":"DECREASING","trainingStatusFeedbackPhrase":"NO_STATUS_AER_LOW_SHORT"},{"userProfilePK":87578117,"calendarDate":"2020-11-23","deviceId":3324959462,"timestamp":"2020-11-22T23:12:46.0","sport":"RUNNING","subSport":"GENERIC","weeklyTrainingLoadSum":22,"loadTunnelMin":360,"loadTunnelMax":794,"trainingStatus":"NO_STATUS","fitnessLevelTrend":"NO_RESULT","loadLevelTrend":"DECREASING","trainingStatusFeedbackPhrase":"NO_STATUS_AER_LOW_SHORT"},{"userProfilePK":87578117,"calendarDate":"2020-11-24","deviceId":3324959462,"timestamp":"2020-11-23T23:04:47.0","sport":"RUNNING","subSport":"GENERIC","weeklyTrainingLoadSum":22,"loadTunnelMin":360,"loadTunnelMax":794,"trainingStatus":"NO_STATUS","fitnessLevelTrend":"NO_RESULT","loadLevelTrend":"DECREASING","trainingStatusFeedbackPhrase":"NO_STATUS_AER_LOW_SHORT"},{"userProfilePK":87578117,"calendarDate":"2020-11-24","deviceId":3324959462,"timestamp":"2020-11-24T19:50:20.0","sport":"RUNNING","subSport":"GENERIC","weeklyTrainingLoadSum":446,"loadTunnelMin":446,"loadTunnelMax":988,"trainingStatus":"NO_STATUS","fitnessLevelTrend":"NO_RESULT","loadLevelTrend":"DECREASING","trainingStatusFeedbackPhrase":"NO_STATUS_AER_LOW_SHORT"},{"userProfilePK":87578117,"calendarDate":"2020-11-25","deviceId":3324959462,"timestamp":"2020-11-24T23:04:48.0","sport":"RUNNING","subSport":"GENERIC","weeklyTrainingLoadSum":446,"loadTunnelMin":446,"loadTunnelMax":988,"trainingStatus":"NO_STATUS","fitnessLevelTrend":"NO_RESULT","loadLevelTrend":"DECREASING","trainingStatusFeedbackPhrase":"NO_STATUS_AER_LOW_SHORT"},{"userProfilePK":87578117,"calendarDate":"2020-11-26","deviceId":3324959462,"timestamp":"2020-11-25T23:04:49.0","sport":"RUNNING","subSport":"GENERIC","weeklyTrainingLoadSum":446,"loadTunnelMin":446,"loadTunnelMax":988,"trainingStatus":"NO_STATUS","fitnessLevelTrend":"NO_RESULT","loadLevelTrend":"DECREASING","trainingStatusFeedbackPhrase":"NO_STATUS_AER_LOW_SHORT"},{"userProfilePK":87578117,"calendarDate":"2020-11-27","deviceId":3324959462,"timestamp":"2020-11-26T23:04:50.0","sport":"RUNNING","subSport":"GENERIC","weeklyTrainingLoadSum":446,"loadTunnelMin":446,"loadTunnelMax":988,"trainingStatus":"NO_STATUS","fitnessLevelTrend":"NO_RESULT","loadLevelTrend":"DECREASING","trainingStatusFeedbackPhrase":"NO_STATUS_AER_LOW_SHORT"},{"userProfilePK":87578117,"calendarDate":"2020-11-28","deviceId":3324959462,"timestamp":"2020-11-27T23:04:51.0","sport":"RUNNING","subSport":"GENERIC","weeklyTrainingLoadSum":424,"loadTunnelMin":446,"loadTunnelMax":988,"trainingStatus":"NO_STATUS","fitnessLevelTrend":"NO_RESULT","loadLevelTrend":"DECREASING","trainingStatusFeedbackPhrase":"NO_STATUS_AER_LOW_SHORT"},{"userProfilePK":87578117,"calendarDate":"2020-11-28","deviceId":3324959462,"timestamp":"2020-11-28T15:13:17.0","sport":"RUNNING","subSport":"GENERIC","weeklyTrainingLoadSum":1636,"loadTunnelMin":559,"loadTunnelMax":1258,"trainingStatus":"NO_STATUS","fitnessLevelTrend":"NO_RESULT","loadLevelTrend":"INCREASING","trainingStatusFeedbackPhrase":"NO_STATUS_AER_LOW_SHORT"},{"userProfilePK":87578117,"calendarDate":"2020-11-28","deviceId":3324959462,"timestamp":"2020-11-28T16:24:06.0","sport":"RUNNING","subSport":"GENERIC","weeklyTrainingLoadSum":2267,"loadTunnelMin":722,"loadTunnelMax":1540,"trainingStatus":"NO_STATUS","fitnessLevelTrend":"NO_RESULT","loadLevelTrend":"INCREASING","trainingStatusFeedbackPhrase":"NO_STATUS_AER_LOW_SHORT"},{"userProfilePK":87578117,"calendarDate":"2020-11-29","deviceId":3324959462,"timestamp":"2020-11-28T23:05:01.0","sport":"RUNNING","subSport":"GENERIC","weeklyTrainingLoadSum":2267,"loadTunnelMin":722,"loadTunnelMax":1540,"trainingStatus":"NO_STATUS","fitnessLevelTrend":"NO_RESULT","loadLevelTrend":"INCREASING","trainingStatusFeedbackPhrase":"NO_STATUS_AER_LOW_SHORT"},{"userProfilePK":87578117,"calendarDate":"2020-11-30","deviceId":3324959462,"timestamp":"2020-11-29T23:01:17.0","sport":"RUNNING","subSport":"GENERIC","weeklyTrainingLoadSum":2267,"loadTunnelMin":722,"loadTunnelMax":1540,"trainingStatus":"NO_STATUS","fitnessLevelTrend":"NO_RESULT","loadLevelTrend":"INCREASING","trainingStatusFeedbackPhrase":"NO_STATUS_AER_LOW_SHORT"},{"userProfilePK":87578117,"calendarDate":"2020-11-30","deviceId":3324959462,"timestamp":"2020-11-30T18:31:13.0","sport":"RUNNING","subSport":"GENERIC","weeklyTrainingLoadSum":2708,"loadTunnelMin":722,"loadTunnelMax":1540,"trainingStatus":"NO_STATUS","fitnessLevelTrend":"NO_RESULT","loadLevelTrend":"INCREASING","trainingStatusFeedbackPhrase":"NO_STATUS_AER_LOW_SHORT"},{"userProfilePK":87578117,"calendarDate":"2020-12-01","deviceId":3324959462,"timestamp":"2020-11-30T23:01:18.0","sport":"RUNNING","subSport":"GENERIC","weeklyTrainingLoadSum":2284,"loadTunnelMin":722,"loadTunnelMax":1540,"trainingStatus":"NO_STATUS","fitnessLevelTrend":"NO_RESULT","loadLevelTrend":"INCREASING","trainingStatusFeedbackPhrase":"NO_STATUS_AER_LOW_SHORT"},{"userProfilePK":87578117,"calendarDate":"2020-12-01","deviceId":3324959462,"timestamp":"2020-12-01T18:25:02.0","sport":"RUNNING","subSport":"GENERIC","weeklyTrainingLoadSum":2427,"loadTunnelMin":722,"loadTunnelMax":1540,"trainingStatus":"NO_STATUS","fitnessLevelTrend":"NO_RESULT","loadLevelTrend":"INCREASING","trainingStatusFeedbackPhrase":"NO_STATUS_AER_LOW_SHORT"},{"userProfilePK":87578117,"calendarDate":"2020-12-02","deviceId":3324959462,"timestamp":"2020-12-01T23:01:19.0","sport":"RUNNING","subSport":"GENERIC","weeklyTrainingLoadSum":2427,"loadTunnelMin":722,"loadTunnelMax":1540,"trainingStatus":"NO_STATUS","fitnessLevelTrend":"NO_RESULT","loadLevelTrend":"INCREASING","trainingStatusFeedbackPhrase":"NO_STATUS_AER_LOW_SHORT"},{"userProfilePK":87578117,"calendarDate":"2020-12-02","deviceId":3324959462,"timestamp":"2020-12-02T19:18:10.0","sport":"RUNNING","subSport":"GENERIC","weeklyTrainingLoadSum":2737,"loadTunnelMin":722,"loadTunnelMax":1540,"trainingStatus":"NO_STATUS","fitnessLevelTrend":"NO_RESULT","loadLevelTrend":"INCREASING","trainingStatusFeedbackPhrase":"NO_STATUS_AER_LOW_SHORT"},{"userProfilePK":87578117,"calendarDate":"2020-12-03","deviceId":3324959462,"timestamp":"2020-12-02T23:01:20.0","sport":"RUNNING","subSport":"GENERIC","weeklyTrainingLoadSum":2737,"loadTunnelMin":722,"loadTunnelMax":1540,"trainingStatus":"NO_STATUS","fitnessLevelTrend":"NO_RESULT","loadLevelTrend":"INCREASING","trainingStatusFeedbackPhrase":"NO_STATUS_AER_LOW_SHORT"},{"userProfilePK":87578117,"calendarDate":"2020-12-04","deviceId":3324959462,"timestamp":"2020-12-03T23:01:21.0","sport":"RUNNING","subSport":"GENERIC","weeklyTrainingLoadSum":2737,"loadTunnelMin":722,"loadTunnelMax":1540,"trainingStatus":"NO_STATUS","fitnessLevelTrend":"NO_RESULT","loadLevelTrend":"INCREASING","trainingStatusFeedbackPhrase":"NO_STATUS_AER_LOW_SHORT"},{"userProfilePK":87578117,"calendarDate":"2020-12-04","deviceId":3324959462,"timestamp":"2020-12-04T18:35:09.0","sport":"RUNNING","subSport":"GENERIC","weeklyTrainingLoadSum":2911,"loadTunnelMin":722,"loadTunnelMax":1540,"trainingStatus":"NO_STATUS","fitnessLevelTrend":"NO_RESULT","loadLevelTrend":"INCREASING","trainingStatusFeedbackPhrase":"NO_STATUS_AER_LOW_SHORT"},{"userProfilePK":87578117,"calendarDate":"2020-12-05","deviceId":3324959462,"timestamp":"2020-12-04T23:01:23.0","sport":"RUNNING","subSport":"GENERIC","weeklyTrainingLoadSum":1068,"loadTunnelMin":722,"loadTunnelMax":1540,"trainingStatus":"NO_STATUS","fitnessLevelTrend":"NO_RESULT","loadLevelTrend":"DECREASING","trainingStatusFeedbackPhrase":"NO_STATUS_AER_LOW_SHORT"},{"userProfilePK":87578117,"calendarDate":"2020-12-05","deviceId":3324959462,"timestamp":"2020-12-05T18:50:20.0","sport":"RUNNING","subSport":"GENERIC","weeklyTrainingLoadSum":1303,"loadTunnelMin":722,"loadTunnelMax":1540,"trainingStatus":"NO_STATUS","fitnessLevelTrend":"NO_RESULT","loadLevelTrend":"NO_CHANGE","trainingStatusFeedbackPhrase":"NO_STATUS_AER_LOW_SHORT"},{"userProfilePK":87578117,"calendarDate":"2020-12-06","deviceId":3324959462,"timestamp":"2020-12-05T23:01:25.0","sport":"RUNNING","subSport":"GENERIC","weeklyTrainingLoadSum":1303,"loadTunnelMin":722,"loadTunnelMax":1540,"trainingStatus":"NO_STATUS","fitnessLevelTrend":"NO_RESULT","loadLevelTrend":"NO_CHANGE","trainingStatusFeedbackPhrase":"NO_STATUS_AER_LOW_SHORT"},{"userProfilePK":87578117,"calendarDate":"2020-12-07","deviceId":3324959462,"timestamp":"2020-12-06T23:01:26.0","sport":"RUNNING","subSport":"GENERIC","weeklyTrainingLoadSum":862,"loadTunnelMin":722,"loadTunnelMax":1540,"trainingStatus":"NO_STATUS","fitnessLevelTrend":"NO_RESULT","loadLevelTrend":"DECREASING","trainingStatusFeedbackPhrase":"NO_STATUS_AER_LOW_SHORT"},{"userProfilePK":87578117,"calendarDate":"2020-12-07","deviceId":3324959462,"timestamp":"2020-12-07T19:14:50.0","sport":"RUNNING","subSport":"GENERIC","weeklyTrainingLoadSum":1008,"loadTunnelMin":722,"loadTunnelMax":1540,"trainingStatus":"NO_STATUS","fitnessLevelTrend":"NO_RESULT","loadLevelTrend":"DECREASING","trainingStatusFeedbackPhrase":"NO_STATUS_AER_LOW_SHORT"},{"userProfilePK":87578117,"calendarDate":"2020-12-08","deviceId":3324959462,"timestamp":"2020-12-07T23:01:28.0","sport":"RUNNING","subSport":"GENERIC","weeklyTrainingLoadSum":865,"loadTunnelMin":722,"loadTunnelMax":1540,"trainingStatus":"NO_STATUS","fitnessLevelTrend":"NO_RESULT","loadLevelTrend":"DECREASING","trainingStatusFeedbackPhrase":"NO_STATUS_AER_LOW_SHORT"},{"userProfilePK":87578117,"calendarDate":"2020-12-09","deviceId":3324959462,"timestamp":"2020-12-08T23:01:29.0","sport":"RUNNING","subSport":"GENERIC","weeklyTrainingLoadSum":555,"loadTunnelMin":722,"loadTunnelMax":1540,"trainingStatus":"NO_STATUS","fitnessLevelTrend":"NO_RESULT","loadLevelTrend":"DECREASING","trainingStatusFeedbackPhrase":"NO_STATUS_AER_LOW_SHORT"},{"userProfilePK":87578117,"calendarDate":"2020-12-10","deviceId":3324959462,"timestamp":"2020-12-09T23:01:30.0","sport":"RUNNING","subSport":"GENERIC","weeklyTrainingLoadSum":555,"loadTunnelMin":722,"loadTunnelMax":1540,"trainingStatus":"NO_STATUS","fitnessLevelTrend":"NO_RESULT","loadLevelTrend":"DECREASING","trainingStatusFeedbackPhrase":"NO_STATUS_AER_LOW_SHORT"},{"userProfilePK":87578117,"calendarDate":"2020-12-11","deviceId":3324959462,"timestamp":"2020-12-10T23:01:31.0","sport":"RUNNING","subSport":"GENERIC","weeklyTrainingLoadSum":381,"loadTunnelMin":722,"loadTunnelMax":1540,"trainingStatus":"NO_STATUS","fitnessLevelTrend":"NO_RESULT","loadLevelTrend":"DECREASING","trainingStatusFeedbackPhrase":"NO_STATUS_AER_LOW_SHORT"},{"userProfilePK":87578117,"calendarDate":"2020-12-12","deviceId":3324959462,"timestamp":"2020-12-11T23:01:32.0","sport":"RUNNING","subSport":"GENERIC","weeklyTrainingLoadSum":146,"loadTunnelMin":722,"loadTunnelMax":1540,"trainingStatus":"NO_STATUS","fitnessLevelTrend":"NO_RESULT","loadLevelTrend":"DECREASING","trainingStatusFeedbackPhrase":"NO_STATUS_AER_LOW_SHORT"},{"userProfilePK":87578117,"calendarDate":"2020-12-13","deviceId":3324959462,"timestamp":"2020-12-12T23:01:33.0","sport":"RUNNING","subSport":"GENERIC","weeklyTrainingLoadSum":146,"loadTunnelMin":722,"loadTunnelMax":1540,"trainingStatus":"NO_STATUS","fitnessLevelTrend":"NO_RESULT","loadLevelTrend":"DECREASING","trainingStatusFeedbackPhrase":"NO_STATUS_AER_LOW_SHORT"},{"userProfilePK":87578117,"calendarDate":"2020-12-14","deviceId":3324959462,"timestamp":"2020-12-13T23:01:35.0","sport":"RUNNING","subSport":"GENERIC","weeklyTrainingLoadSum":0,"loadTunnelMin":722,"loadTunnelMax":1540,"trainingStatus":"DETRAINING","fitnessLevelTrend":"NO_RESULT","loadLevelTrend":"DECREASING","trainingStatusFeedbackPhrase":"DETRAINING_AER_LOW_SHORT"},{"userProfilePK":87578117,"calendarDate":"2020-12-15","deviceId":3324959462,"timestamp":"2020-12-14T23:01:36.0","sport":"RUNNING","subSport":"GENERIC","weeklyTrainingLoadSum":0,"loadTunnelMin":722,"loadTunnelMax":1540,"trainingStatus":"DETRAINING","fitnessLevelTrend":"NO_RESULT","loadLevelTrend":"DECREASING","trainingStatusFeedbackPhrase":"DETRAINING_AER_LOW_SHORT"},{"userProfilePK":87578117,"calendarDate":"2020-12-16","deviceId":3324959462,"timestamp":"2020-12-15T23:01:37.0","sport":"RUNNING","subSport":"GENERIC","weeklyTrainingLoadSum":0,"loadTunnelMin":722,"loadTunnelMax":1540,"trainingStatus":"DETRAINING","fitnessLevelTrend":"NO_RESULT","loadLevelTrend":"DECREASING","trainingStatusFeedbackPhrase":"DETRAINING_AER_LOW_SHORT"},{"userProfilePK":87578117,"calendarDate":"2020-12-16","deviceId":3324959462,"timestamp":"2020-12-16T17:10:23.0","sport":"RUNNING","subSport":"GENERIC","weeklyTrainingLoadSum":0,"loadTunnelMin":722,"loadTunnelMax":1540,"trainingStatus":"DETRAINING","fitnessLevelTrend":"NO_RESULT","loadLevelTrend":"DECREASING","trainingStatusFeedbackPhrase":"DETRAINING_AER_LOW_SHORT"},{"userProfilePK":87578117,"calendarDate":"2020-12-16","deviceId":3324959462,"timestamp":"2020-12-16T18:18:35.0","sport":"RUNNING","subSport":"GENERIC","weeklyTrainingLoadSum":256,"loadTunnelMin":722,"loadTunnelMax":1540,"trainingStatus":"NO_STATUS","fitnessLevelTrend":"NO_RESULT","loadLevelTrend":"DECREASING","trainingStatusFeedbackPhrase":"NO_STATUS_AER_LOW_SHORT"},{"userProfilePK":87578117,"calendarDate":"2020-12-17","deviceId":3324959462,"timestamp":"2020-12-16T23:01:40.0","sport":"RUNNING","subSport":"GENERIC","weeklyTrainingLoadSum":256,"loadTunnelMin":722,"loadTunnelMax":1540,"trainingStatus":"NO_STATUS","fitnessLevelTrend":"NO_RESULT","loadLevelTrend":"DECREASING","trainingStatusFeedbackPhrase":"NO_STATUS_AER_LOW_SHORT"},{"userProfilePK":87578117,"calendarDate":"2020-12-18","deviceId":3324959462,"timestamp":"2020-12-17T23:04:32.0","sport":"RUNNING","subSport":"GENERIC","weeklyTrainingLoadSum":256,"loadTunnelMin":722,"loadTunnelMax":1540,"trainingStatus":"NO_STATUS","fitnessLevelTrend":"NO_RESULT","loadLevelTrend":"DECREASING","trainingStatusFeedbackPhrase":"NO_STATUS_AER_LOW_SHORT"},{"userProfilePK":87578117,"calendarDate":"2020-12-19","deviceId":3324959462,"timestamp":"2020-12-18T23:04:33.0","sport":"RUNNING","subSport":"GENERIC","weeklyTrainingLoadSum":256,"loadTunnelMin":722,"loadTunnelMax":1540,"trainingStatus":"NO_STATUS","fitnessLevelTrend":"NO_RESULT","loadLevelTrend":"DECREASING","trainingStatusFeedbackPhrase":"NO_STATUS_AER_LOW_SHORT"},{"userProfilePK":87578117,"calendarDate":"2020-12-19","deviceId":3324959462,"timestamp":"2020-12-19T09:59:01.0","sport":"RUNNING","subSport":"GENERIC","weeklyTrainingLoadSum":256,"loadTunnelMin":722,"loadTunnelMax":1540,"trainingStatus":"NO_STATUS","fitnessLevelTrend":"NO_RESULT","loadLevelTrend":"DECREASING","trainingStatusFeedbackPhrase":"NO_STATUS_AER_LOW_SHORT"},{"userProfilePK":87578117,"calendarDate":"2020-12-19","deviceId":3324959462,"timestamp":"2020-12-19T10:26:58.0","sport":"RUNNING","subSport":"GENERIC","weeklyTrainingLoadSum":455,"loadTunnelMin":722,"loadTunnelMax":1540,"trainingStatus":"NO_STATUS","fitnessLevelTrend":"NO_RESULT","loadLevelTrend":"DECREASING","trainingStatusFeedbackPhrase":"NO_STATUS_AER_LOW_SHORT"},{"userProfilePK":87578117,"calendarDate":"2020-12-20","deviceId":3324959462,"timestamp":"2020-12-19T23:04:34.0","sport":"RUNNING","subSport":"GENERIC","weeklyTrainingLoadSum":455,"loadTunnelMin":722,"loadTunnelMax":1540,"trainingStatus":"NO_STATUS","fitnessLevelTrend":"NO_RESULT","loadLevelTrend":"DECREASING","trainingStatusFeedbackPhrase":"NO_STATUS_AER_LOW_SHORT"},{"userProfilePK":87578117,"calendarDate":"2020-12-21","deviceId":3324959462,"timestamp":"2020-12-20T23:04:35.0","sport":"RUNNING","subSport":"GENERIC","weeklyTrainingLoadSum":455,"loadTunnelMin":722,"loadTunnelMax":1540,"trainingStatus":"NO_STATUS","fitnessLevelTrend":"NO_RESULT","loadLevelTrend":"DECREASING","trainingStatusFeedbackPhrase":"NO_STATUS_AER_LOW_SHORT"},{"userProfilePK":87578117,"calendarDate":"2020-12-22","deviceId":3324959462,"timestamp":"2020-12-21T23:04:37.0","sport":"RUNNING","subSport":"GENERIC","weeklyTrainingLoadSum":455,"loadTunnelMin":722,"loadTunnelMax":1540,"trainingStatus":"NO_STATUS","fitnessLevelTrend":"NO_RESULT","loadLevelTrend":"DECREASING","trainingStatusFeedbackPhrase":"NO_STATUS_AER_LOW_SHORT"},{"userProfilePK":87578117,"calendarDate":"2020-12-22","deviceId":3324959462,"timestamp":"2020-12-22T18:12:05.0","sport":"RUNNING","subSport":"GENERIC","weeklyTrainingLoadSum":760,"loadTunnelMin":722,"loadTunnelMax":1540,"trainingStatus":"NO_STATUS","fitnessLevelTrend":"NO_RESULT","loadLevelTrend":"DECREASING","trainingStatusFeedbackPhrase":"NO_STATUS_AER_LOW_SHORT"},{"userProfilePK":87578117,"calendarDate":"2020-12-22","deviceId":3324959462,"timestamp":"2020-12-22T18:52:11.0","sport":"RUNNING","subSport":"GENERIC","weeklyTrainingLoadSum":1101,"loadTunnelMin":722,"loadTunnelMax":1540,"trainingStatus":"UNPRODUCTIVE","fitnessLevelTrend":"DECREASING","loadLevelTrend":"NO_CHANGE","trainingStatusFeedbackPhrase":"UNPRODUCTIVE_AER_LOW_SHORT"},{"userProfilePK":87578117,"calendarDate":"2020-12-23","deviceId":3324959462,"timestamp":"2020-12-22T23:04:39.0","sport":"RUNNING","subSport":"GENERIC","weeklyTrainingLoadSum":845,"loadTunnelMin":722,"loadTunnelMax":1540,"trainingStatus":"UNPRODUCTIVE","fitnessLevelTrend":"DECREASING","loadLevelTrend":"DECREASING","trainingStatusFeedbackPhrase":"UNPRODUCTIVE_AER_LOW_SHORT"},{"userProfilePK":87578117,"calendarDate":"2020-12-24","deviceId":3324959462,"timestamp":"2020-12-23T23:04:40.0","sport":"RUNNING","subSport":"GENERIC","weeklyTrainingLoadSum":845,"loadTunnelMin":722,"loadTunnelMax":1540,"trainingStatus":"UNPRODUCTIVE","fitnessLevelTrend":"DECREASING","loadLevelTrend":"DECREASING","trainingStatusFeedbackPhrase":"UNPRODUCTIVE_AER_LOW_SHORT"},{"userProfilePK":87578117,"calendarDate":"2020-12-24","deviceId":3324959462,"timestamp":"2020-12-24T13:29:04.0","sport":"RUNNING","subSport":"GENERIC","weeklyTrainingLoadSum":845,"loadTunnelMin":722,"loadTunnelMax":1540,"trainingStatus":"UNPRODUCTIVE","fitnessLevelTrend":"DECREASING","loadLevelTrend":"DECREASING","trainingStatusFeedbackPhrase":"UNPRODUCTIVE_AER_LOW_SHORT"},{"userProfilePK":87578117,"calendarDate":"2020-12-24","deviceId":3324959462,"timestamp":"2020-12-24T16:32:27.0","sport":"RUNNING","subSport":"GENERIC","weeklyTrainingLoadSum":892,"loadTunnelMin":722,"loadTunnelMax":1540,"trainingStatus":"UNPRODUCTIVE","fitnessLevelTrend":"DECREASING","loadLevelTrend":"DECREASING","trainingStatusFeedbackPhrase":"UNPRODUCTIVE_AER_LOW_SHORT"},{"userProfilePK":87578117,"calendarDate":"2020-12-25","deviceId":3324959462,"timestamp":"2020-12-24T23:04:41.0","sport":"RUNNING","subSport":"GENERIC","weeklyTrainingLoadSum":892,"loadTunnelMin":722,"loadTunnelMax":1540,"trainingStatus":"UNPRODUCTIVE","fitnessLevelTrend":"DECREASING","loadLevelTrend":"DECREASING","trainingStatusFeedbackPhrase":"UNPRODUCTIVE_AER_LOW_SHORT"},{"userProfilePK":87578117,"calendarDate":"2020-12-26","deviceId":3324959462,"timestamp":"2020-12-25T23:04:42.0","sport":"RUNNING","subSport":"GENERIC","weeklyTrainingLoadSum":693,"loadTunnelMin":446,"loadTunnelMax":988,"trainingStatus":"UNPRODUCTIVE","fitnessLevelTrend":"DECREASING","loadLevelTrend":"NO_CHANGE","trainingStatusFeedbackPhrase":"UNPRODUCTIVE_AER_LOW_SHORT"},{"userProfilePK":87578117,"calendarDate":"2020-12-27","deviceId":3324959462,"timestamp":"2020-12-26T23:04:43.0","sport":"RUNNING","subSport":"GENERIC","weeklyTrainingLoadSum":693,"loadTunnelMin":446,"loadTunnelMax":988,"trainingStatus":"UNPRODUCTIVE","fitnessLevelTrend":"DECREASING","loadLevelTrend":"NO_CHANGE","trainingStatusFeedbackPhrase":"UNPRODUCTIVE_AER_LOW_SHORT"},{"userProfilePK":87578117,"calendarDate":"2020-12-28","deviceId":3324959462,"timestamp":"2020-12-27T23:04:44.0","sport":"RUNNING","subSport":"GENERIC","weeklyTrainingLoadSum":693,"loadTunnelMin":360,"loadTunnelMax":794,"trainingStatus":"UNPRODUCTIVE","fitnessLevelTrend":"DECREASING","loadLevelTrend":"INCREASING","trainingStatusFeedbackPhrase":"UNPRODUCTIVE_AER_LOW_SHORT"},{"userProfilePK":87578117,"calendarDate":"2020-12-29","deviceId":3324959462,"timestamp":"2020-12-28T23:04:45.0","sport":"RUNNING","subSport":"GENERIC","weeklyTrainingLoadSum":47,"loadTunnelMin":360,"loadTunnelMax":794,"trainingStatus":"DETRAINING","fitnessLevelTrend":"DECREASING","loadLevelTrend":"DECREASING","trainingStatusFeedbackPhrase":"DETRAINING_AER_LOW_SHORT"},{"userProfilePK":87578117,"calendarDate":"2020-12-29","deviceId":3324959462,"timestamp":"2020-12-29T18:50:12.0","sport":"RUNNING","subSport":"GENERIC","weeklyTrainingLoadSum":167,"loadTunnelMin":360,"loadTunnelMax":794,"trainingStatus":"RECOVERY","fitnessLevelTrend":"NO_CHANGE","loadLevelTrend":"DECREASING","trainingStatusFeedbackPhrase":"RECOVERY_AER_LOW_SHORT"},{"userProfilePK":87578117,"calendarDate":"2020-12-30","deviceId":3324959462,"timestamp":"2020-12-29T23:04:47.0","sport":"RUNNING","subSport":"GENERIC","weeklyTrainingLoadSum":167,"loadTunnelMin":360,"loadTunnelMax":794,"trainingStatus":"RECOVERY","fitnessLevelTrend":"NO_CHANGE","loadLevelTrend":"DECREASING","trainingStatusFeedbackPhrase":"RECOVERY_AER_LOW_SHORT"},{"userProfilePK":87578117,"calendarDate":"2020-12-30","deviceId":3324959462,"timestamp":"2020-12-30T09:27:39.0","sport":"RUNNING","subSport":"GENERIC","weeklyTrainingLoadSum":167,"loadTunnelMin":360,"loadTunnelMax":794,"trainingStatus":"RECOVERY","fitnessLevelTrend":"NO_CHANGE","loadLevelTrend":"DECREASING","trainingStatusFeedbackPhrase":"RECOVERY_AER_LOW_SHORT"},{"userProfilePK":87578117,"calendarDate":"2020-12-30","deviceId":3324959462,"timestamp":"2020-12-30T10:36:19.0","sport":"RUNNING","subSport":"GENERIC","weeklyTrainingLoadSum":167,"loadTunnelMin":360,"loadTunnelMax":794,"trainingStatus":"RECOVERY","fitnessLevelTrend":"NO_CHANGE","loadLevelTrend":"DECREASING","trainingStatusFeedbackPhrase":"RECOVERY_AER_LOW_SHORT"},{"userProfilePK":87578117,"calendarDate":"2020-12-31","deviceId":3324959462,"timestamp":"2020-12-30T23:04:48.0","sport":"RUNNING","subSport":"GENERIC","weeklyTrainingLoadSum":120,"loadTunnelMin":360,"loadTunnelMax":794,"trainingStatus":"RECOVERY","fitnessLevelTrend":"NO_CHANGE","loadLevelTrend":"DECREASING","trainingStatusFeedbackPhrase":"RECOVERY_AER_LOW_SHORT"},{"userProfilePK":87578117,"calendarDate":"2020-12-31","deviceId":3324959462,"timestamp":"2020-12-31T17:48:18.0","sport":"RUNNING","subSport":"GENERIC","weeklyTrainingLoadSum":295,"loadTunnelMin":360,"loadTunnelMax":794,"trainingStatus":"RECOVERY","fitnessLevelTrend":"NO_CHANGE","loadLevelTrend":"DECREASING","trainingStatusFeedbackPhrase":"RECOVERY_AER_LOW_SHORT"},{"userProfilePK":87578117,"calendarDate":"2021-01-01","deviceId":3324959462,"timestamp":"2020-12-31T23:04:50.0","sport":"RUNNING","subSport":"GENERIC","weeklyTrainingLoadSum":295,"loadTunnelMin":360,"loadTunnelMax":794,"trainingStatus":"RECOVERY","fitnessLevelTrend":"NO_CHANGE","loadLevelTrend":"DECREASING","trainingStatusFeedbackPhrase":"RECOVERY_AER_LOW_SHORT"},{"userProfilePK":87578117,"calendarDate":"2021-01-01","deviceId":3324959462,"timestamp":"2021-01-01T10:50:40.0","sport":"RUNNING","subSport":"GENERIC","weeklyTrainingLoadSum":295,"loadTunnelMin":360,"loadTunnelMax":794,"trainingStatus":"RECOVERY","fitnessLevelTrend":"NO_CHANGE","loadLevelTrend":"DECREASING","trainingStatusFeedbackPhrase":"RECOVERY_AER_LOW_SHORT"},{"userProfilePK":87578117,"calendarDate":"2021-01-02","deviceId":3324959462,"timestamp":"2021-01-01T23:04:51.0","sport":"RUNNING","subSport":"GENERIC","weeklyTrainingLoadSum":295,"loadTunnelMin":281,"loadTunnelMax":640,"trainingStatus":"RECOVERY","fitnessLevelTrend":"NO_CHANGE","loadLevelTrend":"DECREASING","trainingStatusFeedbackPhrase":"RECOVERY_AER_LOW_SHORT"},{"userProfilePK":87578117,"calendarDate":"2021-01-03","deviceId":3324959462,"timestamp":"2021-01-02T23:04:52.0","sport":"RUNNING","subSport":"GENERIC","weeklyTrainingLoadSum":295,"loadTunnelMin":281,"loadTunnelMax":640,"trainingStatus":"RECOVERY","fitnessLevelTrend":"NO_CHANGE","loadLevelTrend":"DECREASING","trainingStatusFeedbackPhrase":"RECOVERY_AER_LOW_SHORT"},{"userProfilePK":87578117,"calendarDate":"2021-01-03","deviceId":3324959462,"timestamp":"2021-01-03T19:00:46.0","sport":"RUNNING","subSport":"GENERIC","weeklyTrainingLoadSum":642,"loadTunnelMin":360,"loadTunnelMax":794,"trainingStatus":"UNPRODUCTIVE","fitnessLevelTrend":"DECREASING","loadLevelTrend":"INCREASING","trainingStatusFeedbackPhrase":"UNPRODUCTIVE_AER_LOW_SHORT"},{"userProfilePK":87578117,"calendarDate":"2021-01-04","deviceId":3324959462,"timestamp":"2021-01-03T23:04:54.0","sport":"RUNNING","subSport":"GENERIC","weeklyTrainingLoadSum":642,"loadTunnelMin":360,"loadTunnelMax":794,"trainingStatus":"UNPRODUCTIVE","fitnessLevelTrend":"DECREASING","loadLevelTrend":"INCREASING","trainingStatusFeedbackPhrase":"UNPRODUCTIVE_AER_LOW_SHORT"},{"userProfilePK":87578117,"calendarDate":"2021-01-05","deviceId":3324959462,"timestamp":"2021-01-04T23:04:56.0","sport":"RUNNING","subSport":"GENERIC","weeklyTrainingLoadSum":522,"loadTunnelMin":360,"loadTunnelMax":794,"trainingStatus":"UNPRODUCTIVE","fitnessLevelTrend":"DECREASING","loadLevelTrend":"INCREASING","trainingStatusFeedbackPhrase":"UNPRODUCTIVE_AER_LOW_SHORT"},{"userProfilePK":87578117,"calendarDate":"2021-01-06","deviceId":3324959462,"timestamp":"2021-01-05T23:04:56.0","sport":"RUNNING","subSport":"GENERIC","weeklyTrainingLoadSum":522,"loadTunnelMin":360,"loadTunnelMax":794,"trainingStatus":"UNPRODUCTIVE","fitnessLevelTrend":"DECREASING","loadLevelTrend":"INCREASING","trainingStatusFeedbackPhrase":"UNPRODUCTIVE_AER_LOW_SHORT"},{"userProfilePK":87578117,"calendarDate":"2021-01-06","deviceId":3324959462,"timestamp":"2021-01-06T19:02:02.0","sport":"RUNNING","subSport":"GENERIC","weeklyTrainingLoadSum":618,"loadTunnelMin":360,"loadTunnelMax":794,"trainingStatus":"MAINTAINING","fitnessLevelTrend":"NO_CHANGE","loadLevelTrend":"INCREASING","trainingStatusFeedbackPhrase":"MAINTAINING_AER_LOW_SHORT"},{"userProfilePK":87578117,"calendarDate":"2021-01-07","deviceId":3324959462,"timestamp":"2021-01-06T23:04:59.0","sport":"RUNNING","subSport":"GENERIC","weeklyTrainingLoadSum":443,"loadTunnelMin":360,"loadTunnelMax":794,"trainingStatus":"MAINTAINING","fitnessLevelTrend":"NO_CHANGE","loadLevelTrend":"NO_CHANGE","trainingStatusFeedbackPhrase":"MAINTAINING_AER_LOW_SHORT"},{"userProfilePK":87578117,"calendarDate":"2021-01-08","deviceId":3324959462,"timestamp":"2021-01-07T23:05:00.0","sport":"RUNNING","subSport":"GENERIC","weeklyTrainingLoadSum":443,"loadTunnelMin":360,"loadTunnelMax":794,"trainingStatus":"MAINTAINING","fitnessLevelTrend":"NO_CHANGE","loadLevelTrend":"NO_CHANGE","trainingStatusFeedbackPhrase":"MAINTAINING_AER_LOW_SHORT"},{"userProfilePK":87578117,"calendarDate":"2021-01-09","deviceId":3324959462,"timestamp":"2021-01-08T23:05:01.0","sport":"RUNNING","subSport":"GENERIC","weeklyTrainingLoadSum":443,"loadTunnelMin":360,"loadTunnelMax":794,"trainingStatus":"MAINTAINING","fitnessLevelTrend":"NO_CHANGE","loadLevelTrend":"NO_CHANGE","trainingStatusFeedbackPhrase":"MAINTAINING_AER_LOW_SHORT"},{"userProfilePK":87578117,"calendarDate":"2021-01-10","deviceId":3324959462,"timestamp":"2021-01-09T23:05:02.0","sport":"RUNNING","subSport":"GENERIC","weeklyTrainingLoadSum":96,"loadTunnelMin":360,"loadTunnelMax":794,"trainingStatus":"RECOVERY","fitnessLevelTrend":"NO_CHANGE","loadLevelTrend":"DECREASING","trainingStatusFeedbackPhrase":"RECOVERY_AER_LOW_SHORT"},{"userProfilePK":87578117,"calendarDate":"2021-01-10","deviceId":3324959462,"timestamp":"2021-01-10T10:28:48.0","sport":"RUNNING","subSport":"GENERIC","weeklyTrainingLoadSum":377,"loadTunnelMin":360,"loadTunnelMax":794,"trainingStatus":"RECOVERY","fitnessLevelTrend":"NO_CHANGE","loadLevelTrend":"DECREASING","trainingStatusFeedbackPhrase":"RECOVERY_AER_LOW_SHORT"},{"userProfilePK":87578117,"calendarDate":"2021-01-11","deviceId":3324959462,"timestamp":"2021-01-10T23:05:04.0","sport":"RUNNING","subSport":"GENERIC","weeklyTrainingLoadSum":377,"loadTunnelMin":360,"loadTunnelMax":794,"trainingStatus":"RECOVERY","fitnessLevelTrend":"NO_CHANGE","loadLevelTrend":"DECREASING","trainingStatusFeedbackPhrase":"RECOVERY_AER_LOW_SHORT"},{"userProfilePK":87578117,"calendarDate":"2021-01-12","deviceId":3324959462,"timestamp":"2021-01-11T23:05:05.0","sport":"RUNNING","subSport":"GENERIC","weeklyTrainingLoadSum":377,"loadTunnelMin":360,"loadTunnelMax":794,"trainingStatus":"RECOVERY","fitnessLevelTrend":"NO_CHANGE","loadLevelTrend":"DECREASING","trainingStatusFeedbackPhrase":"RECOVERY_AER_LOW_SHORT"},{"userProfilePK":87578117,"calendarDate":"2021-01-12","deviceId":3324959462,"timestamp":"2021-01-12T06:57:01.0","sport":"RUNNING","subSport":"GENERIC","weeklyTrainingLoadSum":438,"loadTunnelMin":446,"loadTunnelMax":988,"trainingStatus":"UNPRODUCTIVE","fitnessLevelTrend":"DECREASING","loadLevelTrend":"DECREASING","trainingStatusFeedbackPhrase":"UNPRODUCTIVE_AER_LOW_SHORT"},{"userProfilePK":87578117,"calendarDate":"2021-01-13","deviceId":3324959462,"timestamp":"2021-01-12T23:05:06.0","sport":"RUNNING","subSport":"GENERIC","weeklyTrainingLoadSum":342,"loadTunnelMin":360,"loadTunnelMax":794,"trainingStatus":"UNPRODUCTIVE","fitnessLevelTrend":"DECREASING","loadLevelTrend":"DECREASING","trainingStatusFeedbackPhrase":"UNPRODUCTIVE_AER_LOW_SHORT"},{"userProfilePK":87578117,"calendarDate":"2021-01-13","deviceId":3324959462,"timestamp":"2021-01-13T06:53:18.0","sport":"RUNNING","subSport":"GENERIC","weeklyTrainingLoadSum":800,"loadTunnelMin":446,"loadTunnelMax":988,"trainingStatus":"UNPRODUCTIVE","fitnessLevelTrend":"DECREASING","loadLevelTrend":"INCREASING","trainingStatusFeedbackPhrase":"UNPRODUCTIVE_AER_LOW_SHORT"},{"userProfilePK":87578117,"calendarDate":"2021-01-14","deviceId":3324959462,"timestamp":"2021-01-13T23:05:07.0","sport":"RUNNING","subSport":"GENERIC","weeklyTrainingLoadSum":800,"loadTunnelMin":446,"loadTunnelMax":988,"trainingStatus":"UNPRODUCTIVE","fitnessLevelTrend":"DECREASING","loadLevelTrend":"INCREASING","trainingStatusFeedbackPhrase":"UNPRODUCTIVE_AER_LOW_SHORT"},{"userProfilePK":87578117,"calendarDate":"2021-01-15","deviceId":3324959462,"timestamp":"2021-01-14T23:05:08.0","sport":"RUNNING","subSport":"GENERIC","weeklyTrainingLoadSum":800,"loadTunnelMin":446,"loadTunnelMax":988,"trainingStatus":"UNPRODUCTIVE","fitnessLevelTrend":"DECREASING","loadLevelTrend":"INCREASING","trainingStatusFeedbackPhrase":"UNPRODUCTIVE_AER_LOW_SHORT"},{"userProfilePK":87578117,"calendarDate":"2021-01-16","deviceId":3324959462,"timestamp":"2021-01-15T23:05:09.0","sport":"RUNNING","subSport":"GENERIC","weeklyTrainingLoadSum":800,"loadTunnelMin":446,"loadTunnelMax":988,"trainingStatus":"UNPRODUCTIVE","fitnessLevelTrend":"DECREASING","loadLevelTrend":"INCREASING","trainingStatusFeedbackPhrase":"UNPRODUCTIVE_AER_LOW_SHORT"},{"userProfilePK":87578117,"calendarDate":"2021-01-16","deviceId":3324959462,"timestamp":"2021-01-16T08:46:49.0","sport":"RUNNING","subSport":"GENERIC","weeklyTrainingLoadSum":800,"loadTunnelMin":446,"loadTunnelMax":988,"trainingStatus":"UNPRODUCTIVE","fitnessLevelTrend":"DECREASING","loadLevelTrend":"INCREASING","trainingStatusFeedbackPhrase":"UNPRODUCTIVE_AER_LOW_SHORT"},{"userProfilePK":87578117,"calendarDate":"2021-01-16","deviceId":3324959462,"timestamp":"2021-01-16T08:48:24.0","sport":"RUNNING","subSport":"GENERIC","weeklyTrainingLoadSum":800,"loadTunnelMin":446,"loadTunnelMax":988,"trainingStatus":"UNPRODUCTIVE","fitnessLevelTrend":"DECREASING","loadLevelTrend":"INCREASING","trainingStatusFeedbackPhrase":"UNPRODUCTIVE_AER_LOW_SHORT"},{"userProfilePK":87578117,"calendarDate":"2021-01-16","deviceId":3324959462,"timestamp":"2021-01-16T09:59:17.0","sport":"RUNNING","subSport":"GENERIC","weeklyTrainingLoadSum":992,"loadTunnelMin":446,"loadTunnelMax":988,"trainingStatus":"UNPRODUCTIVE","fitnessLevelTrend":"DECREASING","loadLevelTrend":"INCREASING","trainingStatusFeedbackPhrase":"UNPRODUCTIVE_AER_LOW_SHORT"},{"userProfilePK":87578117,"calendarDate":"2021-01-17","deviceId":3324959462,"timestamp":"2021-01-16T23:05:12.0","sport":"RUNNING","subSport":"GENERIC","weeklyTrainingLoadSum":711,"loadTunnelMin":446,"loadTunnelMax":988,"trainingStatus":"UNPRODUCTIVE","fitnessLevelTrend":"DECREASING","loadLevelTrend":"INCREASING","trainingStatusFeedbackPhrase":"UNPRODUCTIVE_AER_LOW_SHORT"},{"userProfilePK":87578117,"calendarDate":"2021-01-18","deviceId":3324959462,"timestamp":"2021-01-17T23:05:13.0","sport":"RUNNING","subSport":"GENERIC","weeklyTrainingLoadSum":711,"loadTunnelMin":446,"loadTunnelMax":988,"trainingStatus":"UNPRODUCTIVE","fitnessLevelTrend":"DECREASING","loadLevelTrend":"INCREASING","trainingStatusFeedbackPhrase":"UNPRODUCTIVE_AER_LOW_SHORT"},{"userProfilePK":87578117,"calendarDate":"2021-01-19","deviceId":3324959462,"timestamp":"2021-01-18T23:05:14.0","sport":"RUNNING","subSport":"GENERIC","weeklyTrainingLoadSum":650,"loadTunnelMin":360,"loadTunnelMax":794,"trainingStatus":"UNPRODUCTIVE","fitnessLevelTrend":"DECREASING","loadLevelTrend":"INCREASING","trainingStatusFeedbackPhrase":"UNPRODUCTIVE_AER_LOW_SHORT"},{"userProfilePK":87578117,"calendarDate":"2021-01-19","deviceId":3324959462,"timestamp":"2021-01-19T12:30:21.0","sport":"RUNNING","subSport":"GENERIC","weeklyTrainingLoadSum":1015,"loadTunnelMin":360,"loadTunnelMax":794,"trainingStatus":"PRODUCTIVE","fitnessLevelTrend":"NO_CHANGE","loadLevelTrend":"INCREASING","trainingStatusFeedbackPhrase":"PRODUCTIVE_AER_LOW_SHORT"},{"userProfilePK":87578117,"calendarDate":"2021-01-20","deviceId":3324959462,"timestamp":"2021-01-19T23:05:15.0","sport":"RUNNING","subSport":"GENERIC","weeklyTrainingLoadSum":557,"loadTunnelMin":360,"loadTunnelMax":794,"trainingStatus":"PRODUCTIVE","fitnessLevelTrend":"NO_CHANGE","loadLevelTrend":"NO_CHANGE","trainingStatusFeedbackPhrase":"PRODUCTIVE_AER_LOW_SHORT"},{"userProfilePK":87578117,"calendarDate":"2021-01-20","deviceId":3324959462,"timestamp":"2021-01-20T07:10:10.0","sport":"RUNNING","subSport":"GENERIC","weeklyTrainingLoadSum":710,"loadTunnelMin":446,"loadTunnelMax":988,"trainingStatus":"UNPRODUCTIVE","fitnessLevelTrend":"DECREASING","loadLevelTrend":"INCREASING","trainingStatusFeedbackPhrase":"UNPRODUCTIVE_AER_LOW_SHORT"},{"userProfilePK":87578117,"calendarDate":"2021-01-21","deviceId":3324959462,"timestamp":"2021-01-20T23:05:17.0","sport":"RUNNING","subSport":"GENERIC","weeklyTrainingLoadSum":710,"loadTunnelMin":446,"loadTunnelMax":988,"trainingStatus":"UNPRODUCTIVE","fitnessLevelTrend":"DECREASING","loadLevelTrend":"INCREASING","trainingStatusFeedbackPhrase":"UNPRODUCTIVE_AER_LOW_SHORT"},{"userProfilePK":87578117,"calendarDate":"2021-01-22","deviceId":3324959462,"timestamp":"2021-01-21T23:05:18.0","sport":"RUNNING","subSport":"GENERIC","weeklyTrainingLoadSum":710,"loadTunnelMin":446,"loadTunnelMax":988,"trainingStatus":"UNPRODUCTIVE","fitnessLevelTrend":"DECREASING","loadLevelTrend":"INCREASING","trainingStatusFeedbackPhrase":"UNPRODUCTIVE_AER_LOW_SHORT"},{"userProfilePK":87578117,"calendarDate":"2021-01-23","deviceId":3324959462,"timestamp":"2021-01-22T23:05:19.0","sport":"RUNNING","subSport":"GENERIC","weeklyTrainingLoadSum":518,"loadTunnelMin":446,"loadTunnelMax":988,"trainingStatus":"UNPRODUCTIVE","fitnessLevelTrend":"DECREASING","loadLevelTrend":"NO_CHANGE","trainingStatusFeedbackPhrase":"UNPRODUCTIVE_AER_LOW_SHORT"},{"userProfilePK":87578117,"calendarDate":"2021-01-24","deviceId":3324959462,"timestamp":"2021-01-23T23:05:20.0","sport":"RUNNING","subSport":"GENERIC","weeklyTrainingLoadSum":518,"loadTunnelMin":446,"loadTunnelMax":988,"trainingStatus":"UNPRODUCTIVE","fitnessLevelTrend":"DECREASING","loadLevelTrend":"NO_CHANGE","trainingStatusFeedbackPhrase":"UNPRODUCTIVE_AER_LOW_SHORT"},{"userProfilePK":87578117,"calendarDate":"2021-01-24","deviceId":3324959462,"timestamp":"2021-01-24T17:03:09.0","sport":"RUNNING","subSport":"GENERIC","weeklyTrainingLoadSum":736,"loadTunnelMin":446,"loadTunnelMax":988,"trainingStatus":"UNPRODUCTIVE","fitnessLevelTrend":"DECREASING","loadLevelTrend":"INCREASING","trainingStatusFeedbackPhrase":"UNPRODUCTIVE_AER_LOW_SHORT"},{"userProfilePK":87578117,"calendarDate":"2021-01-25","deviceId":3324959462,"timestamp":"2021-01-24T23:05:22.0","sport":"RUNNING","subSport":"GENERIC","weeklyTrainingLoadSum":736,"loadTunnelMin":446,"loadTunnelMax":988,"trainingStatus":"UNPRODUCTIVE","fitnessLevelTrend":"DECREASING","loadLevelTrend":"INCREASING","trainingStatusFeedbackPhrase":"UNPRODUCTIVE_AER_LOW_SHORT"},{"userProfilePK":87578117,"calendarDate":"2021-01-25","deviceId":3324959462,"timestamp":"2021-01-25T19:49:13.0","sport":"RUNNING","subSport":"GENERIC","weeklyTrainingLoadSum":755,"loadTunnelMin":446,"loadTunnelMax":988,"trainingStatus":"UNPRODUCTIVE","fitnessLevelTrend":"DECREASING","loadLevelTrend":"INCREASING","trainingStatusFeedbackPhrase":"UNPRODUCTIVE_AER_LOW_SHORT"},{"userProfilePK":87578117,"calendarDate":"2021-01-25","deviceId":3324959462,"timestamp":"2021-01-25T19:55:03.0","sport":"RUNNING","subSport":"GENERIC","weeklyTrainingLoadSum":776,"loadTunnelMin":446,"loadTunnelMax":988,"trainingStatus":"UNPRODUCTIVE","fitnessLevelTrend":"DECREASING","loadLevelTrend":"INCREASING","trainingStatusFeedbackPhrase":"UNPRODUCTIVE_AER_LOW_SHORT"},{"userProfilePK":87578117,"calendarDate":"2021-01-26","deviceId":3324959462,"timestamp":"2021-01-25T23:05:23.0","sport":"RUNNING","subSport":"GENERIC","weeklyTrainingLoadSum":411,"loadTunnelMin":446,"loadTunnelMax":988,"trainingStatus":"UNPRODUCTIVE","fitnessLevelTrend":"DECREASING","loadLevelTrend":"DECREASING","trainingStatusFeedbackPhrase":"UNPRODUCTIVE_AER_LOW_SHORT"},{"userProfilePK":87578117,"calendarDate":"2021-01-26","deviceId":3324959462,"timestamp":"2021-01-26T07:13:57.0","sport":"RUNNING","subSport":"GENERIC","weeklyTrainingLoadSum":699,"loadTunnelMin":446,"loadTunnelMax":988,"trainingStatus":"UNPRODUCTIVE","fitnessLevelTrend":"DECREASING","loadLevelTrend":"NO_CHANGE","trainingStatusFeedbackPhrase":"UNPRODUCTIVE_AER_LOW_SHORT"},{"userProfilePK":87578117,"calendarDate":"2021-01-27","deviceId":3324959462,"timestamp":"2021-01-26T23:05:24.0","sport":"RUNNING","subSport":"GENERIC","weeklyTrainingLoadSum":546,"loadTunnelMin":446,"loadTunnelMax":988,"trainingStatus":"UNPRODUCTIVE","fitnessLevelTrend":"DECREASING","loadLevelTrend":"DECREASING","trainingStatusFeedbackPhrase":"UNPRODUCTIVE_AER_LOW_SHORT"},{"userProfilePK":87578117,"calendarDate":"2021-01-28","deviceId":3324959462,"timestamp":"2021-01-28T20:47:27.0","sport":"RUNNING","subSport":"GENERIC","weeklyTrainingLoadSum":904,"loadTunnelMin":559,"loadTunnelMax":1258,"trainingStatus":"UNPRODUCTIVE","fitnessLevelTrend":"DECREASING","loadLevelTrend":"INCREASING","trainingStatusFeedbackPhrase":"UNPRODUCTIVE_AER_LOW_SHORT"},{"userProfilePK":87578117,"calendarDate":"2021-01-29","deviceId":3324959462,"timestamp":"2021-01-28T23:05:25.0","sport":"RUNNING","subSport":"GENERIC","weeklyTrainingLoadSum":904,"loadTunnelMin":559,"loadTunnelMax":1258,"trainingStatus":"UNPRODUCTIVE","fitnessLevelTrend":"DECREASING","loadLevelTrend":"INCREASING","trainingStatusFeedbackPhrase":"UNPRODUCTIVE_AER_LOW_SHORT"},{"userProfilePK":87578117,"calendarDate":"2021-01-29","deviceId":3324959462,"timestamp":"2021-01-29T06:28:07.0","sport":"RUNNING","subSport":"GENERIC","weeklyTrainingLoadSum":1463,"loadTunnelMin":559,"loadTunnelMax":1258,"trainingStatus":"UNPRODUCTIVE","fitnessLevelTrend":"DECREASING","loadLevelTrend":"INCREASING","trainingStatusFeedbackPhrase":"UNPRODUCTIVE_AER_LOW_SHORT"},{"userProfilePK":87578117,"calendarDate":"2021-01-30","deviceId":3324959462,"timestamp":"2021-01-29T23:05:27.0","sport":"RUNNING","subSport":"GENERIC","weeklyTrainingLoadSum":1463,"loadTunnelMin":559,"loadTunnelMax":1258,"trainingStatus":"UNPRODUCTIVE","fitnessLevelTrend":"DECREASING","loadLevelTrend":"INCREASING","trainingStatusFeedbackPhrase":"UNPRODUCTIVE_AER_LOW_SHORT"},{"userProfilePK":87578117,"calendarDate":"2021-01-30","deviceId":3324959462,"timestamp":"2021-01-30T18:31:13.0","sport":"RUNNING","subSport":"GENERIC","weeklyTrainingLoadSum":1640,"loadTunnelMin":722,"loadTunnelMax":1540,"trainingStatus":"UNPRODUCTIVE","fitnessLevelTrend":"DECREASING","loadLevelTrend":"INCREASING","trainingStatusFeedbackPhrase":"UNPRODUCTIVE_AER_LOW_SHORT"},{"userProfilePK":87578117,"calendarDate":"2021-01-31","deviceId":3324959462,"timestamp":"2021-01-30T23:05:29.0","sport":"RUNNING","subSport":"GENERIC","weeklyTrainingLoadSum":1422,"loadTunnelMin":559,"loadTunnelMax":1258,"trainingStatus":"UNPRODUCTIVE","fitnessLevelTrend":"DECREASING","loadLevelTrend":"INCREASING","trainingStatusFeedbackPhrase":"UNPRODUCTIVE_AER_LOW_SHORT"},{"userProfilePK":87578117,"calendarDate":"2021-01-31","deviceId":3324959462,"timestamp":"2021-01-31T09:15:43.0","sport":"RUNNING","subSport":"GENERIC","weeklyTrainingLoadSum":1475,"loadTunnelMin":559,"loadTunnelMax":1258,"trainingStatus":"UNPRODUCTIVE","fitnessLevelTrend":"DECREASING","loadLevelTrend":"INCREASING","trainingStatusFeedbackPhrase":"UNPRODUCTIVE_AER_LOW_SHORT"},{"userProfilePK":87578117,"calendarDate":"2021-01-31","deviceId":3324959462,"timestamp":"2021-01-31T12:24:51.0","sport":"RUNNING","subSport":"GENERIC","weeklyTrainingLoadSum":1547,"loadTunnelMin":559,"loadTunnelMax":1258,"trainingStatus":"OVERREACHING","fitnessLevelTrend":"DECREASING","loadLevelTrend":"INCREASING","trainingStatusFeedbackPhrase":"OVERREACHING_AER_LOW_SHORT"},{"userProfilePK":87578117,"calendarDate":"2021-02-01","deviceId":3324959462,"timestamp":"2021-01-31T23:05:30.0","sport":"RUNNING","subSport":"GENERIC","weeklyTrainingLoadSum":1507,"loadTunnelMin":559,"loadTunnelMax":1258,"trainingStatus":"OVERREACHING","fitnessLevelTrend":"DECREASING","loadLevelTrend":"INCREASING","trainingStatusFeedbackPhrase":"OVERREACHING_AER_LOW_SHORT"},{"userProfilePK":87578117,"calendarDate":"2021-02-02","deviceId":3324959462,"timestamp":"2021-02-01T23:05:31.0","sport":"RUNNING","subSport":"GENERIC","weeklyTrainingLoadSum":1219,"loadTunnelMin":559,"loadTunnelMax":1258,"trainingStatus":"OVERREACHING","fitnessLevelTrend":"DECREASING","loadLevelTrend":"INCREASING","trainingStatusFeedbackPhrase":"OVERREACHING_AER_LOW_SHORT"},{"userProfilePK":87578117,"calendarDate":"2021-02-02","deviceId":3324959462,"timestamp":"2021-02-02T20:25:37.0","sport":"RUNNING","subSport":"GENERIC","weeklyTrainingLoadSum":1433,"loadTunnelMin":722,"loadTunnelMax":1540,"trainingStatus":"UNPRODUCTIVE","fitnessLevelTrend":"DECREASING","loadLevelTrend":"INCREASING","trainingStatusFeedbackPhrase":"UNPRODUCTIVE_AER_LOW_SHORT"},{"userProfilePK":87578117,"calendarDate":"2021-02-03","deviceId":3324959462,"timestamp":"2021-02-02T23:05:32.0","sport":"RUNNING","subSport":"GENERIC","weeklyTrainingLoadSum":1433,"loadTunnelMin":559,"loadTunnelMax":1258,"trainingStatus":"UNPRODUCTIVE","fitnessLevelTrend":"DECREASING","loadLevelTrend":"INCREASING","trainingStatusFeedbackPhrase":"UNPRODUCTIVE_AER_LOW_SHORT"},{"userProfilePK":87578117,"calendarDate":"2021-02-03","deviceId":3324959462,"timestamp":"2021-02-03T06:39:31.0","sport":"RUNNING","subSport":"GENERIC","weeklyTrainingLoadSum":1510,"loadTunnelMin":722,"loadTunnelMax":1540,"trainingStatus":"UNPRODUCTIVE","fitnessLevelTrend":"DECREASING","loadLevelTrend":"INCREASING","trainingStatusFeedbackPhrase":"UNPRODUCTIVE_AER_LOW_SHORT"},{"userProfilePK":87578117,"calendarDate":"2021-02-04","deviceId":3324959462,"timestamp":"2021-02-03T23:05:34.0","sport":"RUNNING","subSport":"GENERIC","weeklyTrainingLoadSum":1152,"loadTunnelMin":722,"loadTunnelMax":1540,"trainingStatus":"UNPRODUCTIVE","fitnessLevelTrend":"DECREASING","loadLevelTrend":"INCREASING","trainingStatusFeedbackPhrase":"UNPRODUCTIVE_AER_LOW_SHORT"},{"userProfilePK":87578117,"calendarDate":"2021-02-04","deviceId":3324959462,"timestamp":"2021-02-04T18:35:53.0","sport":"RUNNING","subSport":"GENERIC","weeklyTrainingLoadSum":1152,"loadTunnelMin":722,"loadTunnelMax":1540,"trainingStatus":"UNPRODUCTIVE","fitnessLevelTrend":"DECREASING","loadLevelTrend":"INCREASING","trainingStatusFeedbackPhrase":"UNPRODUCTIVE_AER_LOW_SHORT"},{"userProfilePK":87578117,"calendarDate":"2021-02-04","deviceId":3324959462,"timestamp":"2021-02-04T19:35:09.0","sport":"RUNNING","subSport":"GENERIC","weeklyTrainingLoadSum":1628,"loadTunnelMin":722,"loadTunnelMax":1540,"trainingStatus":"UNPRODUCTIVE","fitnessLevelTrend":"DECREASING","loadLevelTrend":"INCREASING","trainingStatusFeedbackPhrase":"UNPRODUCTIVE_AER_LOW_SHORT"},{"userProfilePK":87578117,"calendarDate":"2021-02-05","deviceId":3324959462,"timestamp":"2021-02-04T23:05:35.0","sport":"RUNNING","subSport":"GENERIC","weeklyTrainingLoadSum":1069,"loadTunnelMin":722,"loadTunnelMax":1540,"trainingStatus":"UNPRODUCTIVE","fitnessLevelTrend":"DECREASING","loadLevelTrend":"NO_CHANGE","trainingStatusFeedbackPhrase":"UNPRODUCTIVE_AER_LOW_SHORT"},{"userProfilePK":87578117,"calendarDate":"2021-02-05","deviceId":3324959462,"timestamp":"2021-02-05T07:05:18.0","sport":"RUNNING","subSport":"GENERIC","weeklyTrainingLoadSum":1457,"loadTunnelMin":722,"loadTunnelMax":1540,"trainingStatus":"PRODUCTIVE","fitnessLevelTrend":"NO_CHANGE","loadLevelTrend":"INCREASING","trainingStatusFeedbackPhrase":"PRODUCTIVE_AER_LOW_SHORT"},{"userProfilePK":87578117,"calendarDate":"2021-02-06","deviceId":3324959462,"timestamp":"2021-02-05T23:05:37.0","sport":"RUNNING","subSport":"GENERIC","weeklyTrainingLoadSum":1280,"loadTunnelMin":722,"loadTunnelMax":1540,"trainingStatus":"PRODUCTIVE","fitnessLevelTrend":"NO_CHANGE","loadLevelTrend":"INCREASING","trainingStatusFeedbackPhrase":"PRODUCTIVE_AER_LOW_SHORT"}]