{"account":{"garmin_uid":"14301e3b-7b52-4195-9df4-26136f27bf5e","last_activity_at":"2021-09-01 06:59:29 UTC","locale":"fr","logins":[{"last_login_at":"2021-08-30 04:49:41 UTC","last_login_country":null,"app_name":"iPhone_Marine: Boating","app_version":"17.0.2"}]},"mobile_apps":[{"app_name":"iPhone_Marine: Boating","app_version":"17.0.2","app_installed_on":"2021-08-30 04:47:21 UTC","app_last_activity_on":"2021-09-02 01:34:54 UTC","device":{"uuid":"6A6D63D9-47A3-407B-B344-3340D106376D","model":"iPhone SE"}}],"mobile_app_trial":{"expires_at":"2021-09-14 04:49:59 UTC"}}
