[{"paceBandSummary":{"paceBandPk":1257492,"name":"Marathon 3h45","courseId":0,"userProfilePk":87578117,"splitType":"DISTANCE_KILOMETER","distanceUnit":"KILOMETER","totalDistance":42195.0,"uphillEffort":0.0,"pacingStrategy":0.0,"goalTime":13461,"goalSpeed":3.1346110987296636,"createdDate":"2021-04-10T18:29:47.0","lastUpdatedDate":"2021-04-10T18:30:12.0","eventDate":null,"manualPaceEdit":false,"elevationSegmentationTolerance":50.0,"elevationSegmentMinLength":400.0,"paceFactor":2.0},"paceBandSplits":[{"paceBandSplitPk":28353745,"paceBandPk":1257492,"cumulativeDistanceFromStart":1000.0,"cumulativeTimeFromStart":319.019,"splitDistance":1000.0,"splitAvgSpeed":3.134610614456574,"startPoint":{},"endPoint":{}},{"paceBandSplitPk":28353746,"paceBandPk":1257492,"cumulativeDistanceFromStart":2000.0,"cumulativeTimeFromStart":638.038,"splitDistance":1000.0,"splitAvgSpeed":3.134610614456574,"startPoint":{},"endPoint":{}},{"paceBandSplitPk":28353747,"paceBandPk":1257492,"cumulativeDistanceFromStart":3000.0,"cumulativeTimeFromStart":957.057,"splitDistance":1000.0,"splitAvgSpeed":3.134610614456574,"startPoint":{},"endPoint":{}},{"paceBandSplitPk":28353748,"paceBandPk":1257492,"cumulativeDistanceFromStart":4000.0,"cumulativeTimeFromStart":1276.076,"splitDistance":1000.0,"splitAvgSpeed":3.134610614456574,"startPoint":{},"endPoint":{}},{"paceBandSplitPk":28353749,"paceBandPk":1257492,"cumulativeDistanceFromStart":5000.0,"cumulativeTimeFromStart":1595.094,"splitDistance":1000.0,"splitAvgSpeed":3.134610614456574,"startPoint":{},"endPoint":{}},{"paceBandSplitPk":28353750,"paceBandPk":1257492,"cumulativeDistanceFromStart":6000.0,"cumulativeTimeFromStart":1914.113,"splitDistance":1000.0,"splitAvgSpeed":3.134610614456574,"startPoint":{},"endPoint":{}},{"paceBandSplitPk":28353751,"paceBandPk":1257492,"cumulativeDistanceFromStart":7000.0,"cumulativeTimeFromStart":2233.132,"splitDistance":1000.0,"splitAvgSpeed":3.134610614456574,"startPoint":{},"endPoint":{}},{"paceBandSplitPk":28353752,"paceBandPk":1257492,"cumulativeDistanceFromStart":8000.0,"cumulativeTimeFromStart":2552.151,"splitDistance":1000.0,"splitAvgSpeed":3.134610614456574,"startPoint":{},"endPoint":{}},{"paceBandSplitPk":28353753,"paceBandPk":1257492,"cumulativeDistanceFromStart":9000.0,"cumulativeTimeFromStart":2871.170,"splitDistance":1000.0,"splitAvgSpeed":3.134610614456574,"startPoint":{},"endPoint":{}},{"paceBandSplitPk":28353754,"paceBandPk":1257492,"cumulativeDistanceFromStart":10000.0,"cumulativeTimeFromStart":3190.189,"splitDistance":1000.0,"splitAvgSpeed":3.134610614456574,"startPoint":{},"endPoint":{}},{"paceBandSplitPk":28353755,"paceBandPk":1257492,"cumulativeDistanceFromStart":11000.0,"cumulativeTimeFromStart":3509.208,"splitDistance":1000.0,"splitAvgSpeed":3.134610614456574,"startPoint":{},"endPoint":{}},{"paceBandSplitPk":28353756,"paceBandPk":1257492,"cumulativeDistanceFromStart":12000.0,"cumulativeTimeFromStart":3828.227,"splitDistance":1000.0,"splitAvgSpeed":3.134610614456574,"startPoint":{},"endPoint":{}},{"paceBandSplitPk":28353757,"paceBandPk":1257492,"cumulativeDistanceFromStart":13000.0,"cumulativeTimeFromStart":4147.246,"splitDistance":1000.0,"splitAvgSpeed":3.134610614456574,"startPoint":{},"endPoint":{}},{"paceBandSplitPk":28353758,"paceBandPk":1257492,"cumulativeDistanceFromStart":14000.0,"cumulativeTimeFromStart":4466.264,"splitDistance":1000.0,"splitAvgSpeed":3.134610614456574,"startPoint":{},"endPoint":{}},{"paceBandSplitPk":28353759,"paceBandPk":1257492,"cumulativeDistanceFromStart":15000.0,"cumulativeTimeFromStart":4785.283,"splitDistance":1000.0,"splitAvgSpeed":3.134610614456574,"startPoint":{},"endPoint":{}},{"paceBandSplitPk":28353760,"paceBandPk":1257492,"cumulativeDistanceFromStart":16000.0,"cumulativeTimeFromStart":5104.302,"splitDistance":1000.0,"splitAvgSpeed":3.134610614456574,"startPoint":{},"endPoint":{}},{"paceBandSplitPk":28353761,"paceBandPk":1257492,"cumulativeDistanceFromStart":17000.0,"cumulativeTimeFromStart":5423.321,"splitDistance":1000.0,"splitAvgSpeed":3.134610614456574,"startPoint":{},"endPoint":{}},{"paceBandSplitPk":28353762,"paceBandPk":1257492,"cumulativeDistanceFromStart":18000.0,"cumulativeTimeFromStart":5742.340,"splitDistance":1000.0,"splitAvgSpeed":3.134610614456574,"startPoint":{},"endPoint":{}},{"paceBandSplitPk":28353763,"paceBandPk":1257492,"cumulativeDistanceFromStart":19000.0,"cumulativeTimeFromStart":6061.359,"splitDistance":1000.0,"splitAvgSpeed":3.134610614456574,"startPoint":{},"endPoint":{}},{"paceBandSplitPk":28353764,"paceBandPk":1257492,"cumulativeDistanceFromStart":20000.0,"cumulativeTimeFromStart":6380.378,"splitDistance":1000.0,"splitAvgSpeed":3.134610614456574,"startPoint":{},"endPoint":{}},{"paceBandSplitPk":28353765,"paceBandPk":1257492,"cumulativeDistanceFromStart":21000.0,"cumulativeTimeFromStart":6699.397,"splitDistance":1000.0,"splitAvgSpeed":3.134610614456574,"startPoint":{},"endPoint":{}},{"paceBandSplitPk":28353766,"paceBandPk":1257492,"cumulativeDistanceFromStart":22000.0,"cumulativeTimeFromStart":7018.416,"splitDistance":1000.0,"splitAvgSpeed":3.134610614456574,"startPoint":{},"endPoint":{}},{"paceBandSplitPk":28353767,"paceBandPk":1257492,"cumulativeDistanceFromStart":23000.0,"cumulativeTimeFromStart":7337.434,"splitDistance":1000.0,"splitAvgSpeed":3.134610614456574,"startPoint":{},"endPoint":{}},{"paceBandSplitPk":28353768,"paceBandPk":1257492,"cumulativeDistanceFromStart":24000.0,"cumulativeTimeFromStart":7656.453,"splitDistance":1000.0,"splitAvgSpeed":3.134610614456574,"startPoint":{},"endPoint":{}},{"paceBandSplitPk":28353769,"paceBandPk":1257492,"cumulativeDistanceFromStart":25000.0,"cumulativeTimeFromStart":7975.472,"splitDistance":1000.0,"splitAvgSpeed":3.134610614456574,"startPoint":{},"endPoint":{}},{"paceBandSplitPk":28353770,"paceBandPk":1257492,"cumulativeDistanceFromStart":26000.0,"cumulativeTimeFromStart":8294.491,"splitDistance":1000.0,"splitAvgSpeed":3.134610614456574,"startPoint":{},"endPoint":{}},{"paceBandSplitPk":28353771,"paceBandPk":1257492,"cumulativeDistanceFromStart":27000.0,"cumulativeTimeFromStart":8613.510,"splitDistance":1000.0,"splitAvgSpeed":3.134610614456574,"startPoint":{},"endPoint":{}},{"paceBandSplitPk":28353772,"paceBandPk":1257492,"cumulativeDistanceFromStart":28000.0,"cumulativeTimeFromStart":8932.529,"splitDistance":1000.0,"splitAvgSpeed":3.134610614456574,"startPoint":{},"endPoint":{}},{"paceBandSplitPk":28353773,"paceBandPk":1257492,"cumulativeDistanceFromStart":29000.0,"cumulativeTimeFromStart":9251.548,"splitDistance":1000.0,"splitAvgSpeed":3.134610614456574,"startPoint":{},"endPoint":{}},{"paceBandSplitPk":28353774,"paceBandPk":1257492,"cumulativeDistanceFromStart":30000.0,"cumulativeTimeFromStart":9570.567,"splitDistance":1000.0,"splitAvgSpeed":3.134610614456574,"startPoint":{},"endPoint":{}},{"paceBandSplitPk":28353775,"paceBandPk":1257492,"cumulativeDistanceFromStart":31000.0,"cumulativeTimeFromStart":9889.586,"splitDistance":1000.0,"splitAvgSpeed":3.134610614456574,"startPoint":{},"endPoint":{}},{"paceBandSplitPk":28353776,"paceBandPk":1257492,"cumulativeDistanceFromStart":32000.0,"cumulativeTimeFromStart":10208.604,"splitDistance":1000.0,"splitAvgSpeed":3.134610614456574,"startPoint":{},"endPoint":{}},{"paceBandSplitPk":28353777,"paceBandPk":1257492,"cumulativeDistanceFromStart":33000.0,"cumulativeTimeFromStart":10527.623,"splitDistance":1000.0,"splitAvgSpeed":3.134610614456574,"startPoint":{},"endPoint":{}},{"paceBandSplitPk":28353778,"paceBandPk":1257492,"cumulativeDistanceFromStart":34000.0,"cumulativeTimeFromStart":10846.642,"splitDistance":1000.0,"splitAvgSpeed":3.134610614456574,"startPoint":{},"endPoint":{}},{"paceBandSplitPk":28353779,"paceBandPk":1257492,"cumulativeDistanceFromStart":35000.0,"cumulativeTimeFromStart":11165.661,"splitDistance":1000.0,"splitAvgSpeed":3.134610614456574,"startPoint":{},"endPoint":{}},{"paceBandSplitPk":28353780,"paceBandPk":1257492,"cumulativeDistanceFromStart":36000.0,"cumulativeTimeFromStart":11484.680,"splitDistance":1000.0,"splitAvgSpeed":3.134610614456574,"startPoint":{},"endPoint":{}},{"paceBandSplitPk":28353781,"paceBandPk":1257492,"cumulativeDistanceFromStart":37000.0,"cumulativeTimeFromStart":11803.699,"splitDistance":1000.0,"splitAvgSpeed":3.134610614456574,"startPoint":{},"endPoint":{}},{"paceBandSplitPk":28353782,"paceBandPk":1257492,"cumulativeDistanceFromStart":38000.0,"cumulativeTimeFromStart":12122.718,"splitDistance":1000.0,"splitAvgSpeed":3.134610614456574,"startPoint":{},"endPoint":{}},{"paceBandSplitPk":28353783,"paceBandPk":1257492,"cumulativeDistanceFromStart":39000.0,"cumulativeTimeFromStart":12441.737,"splitDistance":1000.0,"splitAvgSpeed":3.134610614456574,"startPoint":{},"endPoint":{}},{"paceBandSplitPk":28353784,"paceBandPk":1257492,"cumulativeDistanceFromStart":40000.0,"cumulativeTimeFromStart":12760.756,"splitDistance":1000.0,"splitAvgSpeed":3.134610614456574,"startPoint":{},"endPoint":{}},{"paceBandSplitPk":28353785,"paceBandPk":1257492,"cumulativeDistanceFromStart":41000.0,"cumulativeTimeFromStart":13079.775,"splitDistance":1000.0,"splitAvgSpeed":3.134610614456574,"startPoint":{},"endPoint":{}},{"paceBandSplitPk":28353786,"paceBandPk":1257492,"cumulativeDistanceFromStart":42195.0,"cumulativeTimeFromStart":13461.002,"splitDistance":1195.0,"splitAvgSpeed":3.1346106508411538,"startPoint":{},"endPoint":{}}]}]