[{"key":"107bfad0-52d8-4c69-994a-911329d00f8c","referenceId":"14301e3b-7b52-4195-9df4-26136f27bf5e","referenceType":"CUSTOMER","correlationId":null,"consentTypeId":"NAVIONICS_MARKETING","state":"REVOKED","locale":"en-US","source":"NAVIONICS_MOBILE","version":"1.0.0","createdDate":"2021-08-30T04:49:50.880Z","consentCreatedDate":"2021-08-30T04:49:50.880Z","actorId":null,"metadata":null},{"key":"1cbbb072-8e3d-4d13-a284-1abaa26c6b27","referenceId":"14301e3b-7b52-4195-9df4-26136f27bf5e","referenceType":"CUSTOMER","correlationId":null,"consentTypeId":"DI_CONNECT_PRODUCT_IMPROVEMENT_DATA_USAGE","state":"GRANTED","locale":"fr-FR","source":"ConnectMobile-iOS/4.33.0.21 iOS/13.5.1","version":"4","createdDate":"2020-07-28T06:24:30.920Z","consentCreatedDate":"2020-07-28T06:24:30.920Z","actorId":null,"metadata":null},{"key":"4ffa3f9b-3f6d-4bcd-8f7b-22ccf66c87f5","referenceId":"14301e3b-7b52-4195-9df4-26136f27bf5e","referenceType":"CUSTOMER","correlationId":null,"consentTypeId":"DI_CONNECT_STRAVA","state":"GRANTED","locale":"en-US","source":"Apache-HttpClient/4.5.3 (Java/1.8.0_292)","version":"47","createdDate":"2021-10-10T17:27:45.950Z","consentCreatedDate":"2020-07-21T15:21:13.258Z","actorId":null,"metadata":null},{"key":"68cea719-bad3-4aa2-b60d-1dfd636352e2","referenceId":"14301e3b-7b52-4195-9df4-26136f27bf5e","referenceType":"CUSTOMER","correlationId":null,"consentTypeId":"DI_CONNECT_LIVETRACK","state":"GRANTED","locale":"fr-FR","source":"ConnectMobile-iOS/4.35.0.41 iOS/13.7","version":"39","createdDate":"2020-10-03T06:46:22.291Z","consentCreatedDate":"2020-07-29T13:39:56.256Z","actorId":null,"metadata":null},{"key":"820daa6a-0c54-4cfa-8991-976148b36be0","referenceId":"14301e3b-7b52-4195-9df4-26136f27bf5e","referenceType":"CUSTOMER","correlationId":null,"consentTypeId":"DI_CONNECT_INSIGHTS","state":"GRANTED","locale":"fr-FR","source":"ConnectMobile-iOS/4.38.0.31 iOS/14.2","version":"28","createdDate":"2021-01-15T13:28:42.115Z","consentCreatedDate":"2021-01-15T13:28:42.115Z","actorId":null,"metadata":null},{"key":"83e4a3e7-7a86-4233-badc-df90d2fcb3ca","referenceId":"14301e3b-7b52-4195-9df4-26136f27bf5e","referenceType":"CUSTOMER","correlationId":null,"consentTypeId":"DI_CONNECT_STRAVA","state":"GRANTED","locale":"fr-FR","source":"ConnectMobile-iOS/4.32.0.30 iOS/13.5.1","version":"47","createdDate":"2020-07-21T15:21:13.258Z","consentCreatedDate":"2020-07-21T15:21:13.258Z","actorId":null,"metadata":null},{"key":"a3008217-19a4-4823-bbe7-31d011d46fa5","referenceId":"14301e3b-7b52-4195-9df4-26136f27bf5e","referenceType":"CUSTOMER","correlationId":null,"consentTypeId":"NAVIONICS_UDS","state":"GRANTED","locale":"en-US","source":"NAVIONICS_MOBILE","version":"1.0.0","createdDate":"2021-08-30T18:23:20.450Z","consentCreatedDate":"2021-08-30T18:23:20.450Z","actorId":null,"metadata":null},{"key":"a79717b6-62f2-413a-875a-98b40858445a","referenceId":"14301e3b-7b52-4195-9df4-26136f27bf5e","referenceType":"CUSTOMER","correlationId":null,"consentTypeId":"DI_CONNECT_205BFDEB-40AF-4063-AA03-B6671074C90E","state":"GRANTED","locale":"en-US","source":"Apache-HttpClient/4.5.3 (Java/1.8.0_272)","version":"47","createdDate":"2020-11-10T14:05:49.783Z","consentCreatedDate":"2020-11-10T14:05:49.783Z","actorId":null,"metadata":null},{"key":"befdd975-4dc2-4e9e-b00c-f5efcfba5f74","referenceId":"14301e3b-7b52-4195-9df4-26136f27bf5e","referenceType":"CUSTOMER","correlationId":null,"consentTypeId":"DI_CONNECT_UPLOAD","state":"GRANTED","locale":"fr-FR","source":"ConnectMobile-iOS/4.32.0.30 iOS/13.5.1","version":"39","createdDate":"2020-07-21T15:19:29.452Z","consentCreatedDate":"2020-07-21T15:19:29.452Z","actorId":null,"metadata":null},{"key":"bfa66461-9884-404b-a1e5-74d1f7e7bb04","referenceId":"14301e3b-7b52-4195-9df4-26136f27bf5e","referenceType":"CUSTOMER","correlationId":null,"consentTypeId":"DI_CONNECT_LIVETRACK","state":"REVOKED","locale":"fr-FR","source":"ConnectMobile-iOS/4.33.0.21 iOS/13.5.1","version":"39","createdDate":"2020-07-29T13:39:56.256Z","consentCreatedDate":"2020-07-29T13:39:56.256Z","actorId":null,"metadata":null},{"key":"c9e7bec0-d2d7-4c7c-8079-c28d4ef22bd6","referenceId":"14301e3b-7b52-4195-9df4-26136f27bf5e","referenceType":"CUSTOMER","correlationId":null,"consentTypeId":"DI_CONNECT_ADAPTIVE_TRAINING_PLAN","state":"GRANTED","locale":"fr-FR","source":"ConnectMobile-iOS/4.37.1.5 iOS/14.2","version":"48","createdDate":"2020-11-30T21:35:06.713Z","consentCreatedDate":"2020-11-30T21:35:06.713Z","actorId":null,"metadata":null}]