{"version":"v1","type":"CLUB","data":[{"id":331733221,"clubTypeId":1,"shaftLength":45.5,"flexTypeId":"REGULAR","averageDistance":0,"adviceDistance":0,"retired":false,"deleted":false,"lastModifiedTime":"2020-07-21T15:17:31.000Z"},{"id":331733226,"clubTypeId":2,"shaftLength":43.0,"flexTypeId":"REGULAR","averageDistance":0,"adviceDistance":0,"retired":false,"deleted":false,"lastModifiedTime":"2020-07-21T15:17:31.000Z"},{"id":331733231,"clubTypeId":3,"shaftLength":42.5,"flexTypeId":"REGULAR","averageDistance":0,"adviceDistance":0,"retired":false,"deleted":false,"lastModifiedTime":"2020-07-21T15:17:31.000Z"},{"id":331733236,"clubTypeId":6,"shaftLength":40.0,"flexTypeId":"REGULAR","averageDistance":0,"adviceDistance":0,"retired":false,"deleted":false,"lastModifiedTime":"2020-07-21T15:17:31.000Z"},{"id":331733241,"clubTypeId":7,"shaftLength":39.5,"flexTypeId":"REGULAR","averageDistance":0,"adviceDistance":0,"retired":false,"deleted":false,"lastModifiedTime":"2020-07-21T15:17:31.000Z"},{"id":331733246,"clubTypeId":12,"shaftLength":38.5,"flexTypeId":"REGULAR","averageDistance":0,"adviceDistance":0,"retired":false,"deleted":false,"lastModifiedTime":"2020-07-21T15:17:31.000Z"},{"id":331733251,"clubTypeId":13,"shaftLength":38.0,"flexTypeId":"REGULAR","averageDistance":0,"adviceDistance":0,"retired":false,"deleted":false,"lastModifiedTime":"2020-07-21T15:17:31.000Z"},{"id":331733256,"clubTypeId":14,"shaftLength":37.5,"flexTypeId":"REGULAR","averageDistance":0,"adviceDistance":0,"retired":false,"deleted":false,"lastModifiedTime":"2020-07-21T15:17:31.000Z"},{"id":331733261,"clubTypeId":15,"shaftLength":37.0,"flexTypeId":"REGULAR","averageDistance":0,"adviceDistance":0,"retired":false,"deleted":false,"lastModifiedTime":"2020-07-21T15:17:31.000Z"},{"id":331733266,"clubTypeId":16,"shaftLength":36.5,"flexTypeId":"REGULAR","averageDistance":0,"adviceDistance":0,"retired":false,"deleted":false,"lastModifiedTime":"2020-07-21T15:17:31.000Z"},{"id":331733271,"clubTypeId":17,"shaftLength":36.0,"flexTypeId":"REGULAR","averageDistance":0,"adviceDistance":0,"retired":false,"deleted":false,"lastModifiedTime":"2020-07-21T15:17:31.000Z"},{"id":331733276,"clubTypeId":18,"shaftLength":35.5,"flexTypeId":"REGULAR","averageDistance":0,"adviceDistance":0,"retired":false,"deleted":false,"lastModifiedTime":"2020-07-21T15:17:31.000Z"},{"id":331733281,"clubTypeId":19,"shaftLength":35.5,"flexTypeId":"REGULAR","averageDistance":0,"adviceDistance":0,"retired":false,"deleted":false,"lastModifiedTime":"2020-07-21T15:17:31.000Z"},{"id":331733286,"clubTypeId":20,"shaftLength":35.5,"flexTypeId":"REGULAR","averageDistance":0,"adviceDistance":0,"retired":false,"deleted":false,"lastModifiedTime":"2020-07-21T15:17:31.000Z"},{"id":331733291,"clubTypeId":21,"shaftLength":35.25,"flexTypeId":"REGULAR","averageDistance":0,"adviceDistance":0,"retired":false,"deleted":false,"lastModifiedTime":"2020-07-21T15:17:31.000Z"},{"id":331733296,"clubTypeId":22,"shaftLength":35.0,"flexTypeId":"REGULAR","averageDistance":0,"adviceDistance":0,"retired":false,"deleted":false,"lastModifiedTime":"2020-07-21T15:17:31.000Z"},{"id":331733301,"clubTypeId":23,"shaftLength":35.0,"flexTypeId":"REGULAR","averageDistance":0,"adviceDistance":0,"retired":false,"deleted":false,"lastModifiedTime":"2020-07-21T15:17:31.000Z"}],"preparedOn":"2022-06-16T00:10:13.357Z"}