[{"sleepStartTimestampGMT":"2020-07-20T20:00:00.0","sleepEndTimestampGMT":"2020-07-21T03:00:00.0","calendarDate":"2020-07-21","sleepWindowConfirmationType":"UNCONFIRMED","retro":false},{"sleepStartTimestampGMT":"2020-07-21T20:00:00.0","sleepEndTimestampGMT":"2020-07-22T03:00:00.0","calendarDate":"2020-07-22","sleepWindowConfirmationType":"UNCONFIRMED","retro":false},{"sleepStartTimestampGMT":"2020-07-28T20:50:00.0","sleepEndTimestampGMT":"2020-07-29T04:15:00.0","calendarDate":"2020-07-29","sleepWindowConfirmationType":"ENHANCED_CONFIRMED_FINAL","deepSleepSeconds":4380,"lightSleepSeconds":13020,"remSleepSeconds":4620,"awakeSleepSeconds":4680,"unmeasurableSeconds":0,"spo2SleepSummary":{"userProfilePk":87578117,"deviceId":3324959462,"sleepMeasurementStartGMT":"2020-07-28T20:51:00.0","sleepMeasurementEndGMT":"2020-07-29T04:11:00.0","averageSPO2":94.0,"averageHR":60.0,"lowestSPO2":88},"averageRespiration":17.0,"lowestRespiration":9.0,"highestRespiration":21.0,"retro":false},{"sleepStartTimestampGMT":"2020-07-29T21:38:00.0","sleepEndTimestampGMT":"2020-07-30T03:50:00.0","calendarDate":"2020-07-30","sleepWindowConfirmationType":"ENHANCED_CONFIRMED_FINAL","deepSleepSeconds":3660,"lightSleepSeconds":6960,"remSleepSeconds":8700,"awakeSleepSeconds":3000,"unmeasurableSeconds":0,"spo2SleepSummary":{"userProfilePk":87578117,"deviceId":3324959462,"sleepMeasurementStartGMT":"2020-07-29T21:39:00.0","sleepMeasurementEndGMT":"2020-07-30T03:50:00.0","averageSPO2":93.0,"averageHR":62.0,"lowestSPO2":84},"averageRespiration":17.0,"lowestRespiration":12.0,"highestRespiration":21.0,"retro":false},{"sleepStartTimestampGMT":"2020-07-30T21:39:00.0","sleepEndTimestampGMT":"2020-07-31T03:06:00.0","calendarDate":"2020-07-31","sleepWindowConfirmationType":"ENHANCED_CONFIRMED_FINAL","deepSleepSeconds":2280,"lightSleepSeconds":14280,"remSleepSeconds":720,"awakeSleepSeconds":2340,"unmeasurableSeconds":0,"spo2SleepSummary":{"userProfilePk":87578117,"deviceId":3324959462,"sleepMeasurementStartGMT":"2020-07-30T21:40:00.0","sleepMeasurementEndGMT":"2020-07-31T03:05:00.0","averageSPO2":91.0,"averageHR":61.0,"lowestSPO2":85},"averageRespiration":16.0,"lowestRespiration":13.0,"highestRespiration":21.0,"retro":false},{"sleepStartTimestampGMT":"2020-08-01T00:21:00.0","sleepEndTimestampGMT":"2020-08-01T05:36:00.0","calendarDate":"2020-08-01","sleepWindowConfirmationType":"ENHANCED_CONFIRMED_FINAL","deepSleepSeconds":2040,"lightSleepSeconds":13260,"remSleepSeconds":3600,"awakeSleepSeconds":0,"unmeasurableSeconds":0,"spo2SleepSummary":{"userProfilePk":87578117,"deviceId":3324959462,"sleepMeasurementStartGMT":"2020-08-01T00:22:00.0","sleepMeasurementEndGMT":"2020-08-01T05:36:00.0","averageSPO2":96.0,"averageHR":50.0,"lowestSPO2":89},"averageRespiration":15.0,"lowestRespiration":11.0,"highestRespiration":19.0,"retro":false},{"sleepStartTimestampGMT":"2020-08-02T01:05:00.0","sleepEndTimestampGMT":"2020-08-02T06:39:00.0","calendarDate":"2020-08-02","sleepWindowConfirmationType":"ENHANCED_CONFIRMED_FINAL","deepSleepSeconds":1920,"lightSleepSeconds":11880,"remSleepSeconds":4020,"awakeSleepSeconds":2220,"unmeasurableSeconds":0,"spo2SleepSummary":{"userProfilePk":87578117,"deviceId":3324959462,"sleepMeasurementStartGMT":"2020-08-02T01:06:00.0","sleepMeasurementEndGMT":"2020-08-02T06:36:00.0","averageSPO2":96.0,"averageHR":60.0,"lowestSPO2":92},"averageRespiration":17.0,"lowestRespiration":12.0,"highestRespiration":21.0,"retro":false}]