[{"sleepStartTimestampGMT":"2021-11-27T21:56:00.0","sleepEndTimestampGMT":"2021-11-28T06:20:00.0","calendarDate":"2021-11-28","sleepWindowConfirmationType":"ENHANCED_CONFIRMED_FINAL","deepSleepSeconds":4320,"lightSleepSeconds":18900,"remSleepSeconds":6240,"awakeSleepSeconds":0,"unmeasurableSeconds":780,"retro":false,"awakeCount":0,"avgSleepStress":16.88814317673378,"sleepScores":{"overallScore":85,"qualityScore":78,"durationScore":100,"recoveryScore":75,"deepScore":77,"remScore":85,"lightScore":77,"awakeningsCountScore":100,"awakeTimeScore":100,"combinedAwakeScore":100,"restfulnessScore":47,"feedback":"POSITIVE_LONG_AND_CONTINUOUS","insight":"NONE"}},{"sleepStartTimestampGMT":"2021-12-01T00:01:00.0","sleepEndTimestampGMT":"2021-12-01T06:06:00.0","calendarDate":"2021-12-01","sleepWindowConfirmationType":"ENHANCED_CONFIRMED_FINAL","deepSleepSeconds":1080,"lightSleepSeconds":14760,"remSleepSeconds":4260,"awakeSleepSeconds":1800,"unmeasurableSeconds":0,"spo2SleepSummary":{"userProfilePk":87578117,"deviceId":3324959462,"sleepMeasurementStartGMT":"2021-12-01T00:02:00.0","sleepMeasurementEndGMT":"2021-12-01T06:06:00.0","averageSPO2":96.0,"averageHR":57.0,"lowestSPO2":90},"averageRespiration":15.0,"lowestRespiration":9.0,"highestRespiration":20.0,"retro":false,"awakeCount":1,"avgSleepStress":20.15606936416185,"sleepScores":{"overallScore":53,"qualityScore":61,"durationScore":61,"recoveryScore":66,"deepScore":5,"remScore":85,"lightScore":53,"awakeningsCountScore":87,"awakeTimeScore":70,"combinedAwakeScore":78,"restfulnessScore":33,"feedback":"NEGATIVE_LIGHT","insight":"NONE"}},{"sleepStartTimestampGMT":"2021-12-01T22:28:00.0","sleepEndTimestampGMT":"2021-12-02T05:32:00.0","calendarDate":"2021-12-02","sleepWindowConfirmationType":"ENHANCED_CONFIRMED_FINAL","deepSleepSeconds":600,"lightSleepSeconds":19800,"remSleepSeconds":3960,"awakeSleepSeconds":480,"unmeasurableSeconds":600,"spo2SleepSummary":{"userProfilePk":87578117,"deviceId":3324959462,"sleepMeasurementStartGMT":"2021-12-01T22:29:00.0","sleepMeasurementEndGMT":"2021-12-02T05:31:00.0","averageSPO2":95.0,"averageHR":55.0,"lowestSPO2":90},"averageRespiration":16.0,"lowestRespiration":12.0,"highestRespiration":22.0,"retro":false,"awakeCount":1,"avgSleepStress":17.485365853658536,"sleepScores":{"overallScore":67,"qualityScore":62,"durationScore":75,"recoveryScore":71,"deepScore":0,"remScore":66,"lightScore":0,"awakeningsCountScore":87,"awakeTimeScore":96,"combinedAwakeScore":91,"restfulnessScore":16,"feedback":"NEGATIVE_LIGHT","insight":"NONE"}},{"sleepStartTimestampGMT":"2021-12-02T23:21:00.0","sleepEndTimestampGMT":"2021-12-03T05:17:00.0","calendarDate":"2021-12-03","sleepWindowConfirmationType":"ENHANCED_CONFIRMED_FINAL","deepSleepSeconds":720,"lightSleepSeconds":19260,"remSleepSeconds":960,"awakeSleepSeconds":420,"unmeasurableSeconds":0,"spo2SleepSummary":{"userProfilePk":87578117,"deviceId":3324959462,"sleepMeasurementStartGMT":"2021-12-02T23:22:00.0","sleepMeasurementEndGMT":"2021-12-03T05:16:00.0","averageSPO2":96.0,"averageHR":61.0,"lowestSPO2":91},"averageRespiration":16.0,"lowestRespiration":10.0,"highestRespiration":21.0,"retro":false,"awakeCount":1,"avgSleepStress":27.568627450980394,"sleepScores":{"overallScore":54,"qualityScore":57,"durationScore":63,"recoveryScore":63,"deepScore":0,"remScore":0,"lightScore":0,"awakeningsCountScore":87,"awakeTimeScore":97,"combinedAwakeScore":92,"restfulnessScore":68,"feedback":"NEGATIVE_POOR_STRUCTURE","insight":"NEGATIVE_STRESSFUL_DAY"}},{"sleepStartTimestampGMT":"2021-12-03T23:59:00.0","sleepEndTimestampGMT":"2021-12-04T06:26:00.0","calendarDate":"2021-12-04","sleepWindowConfirmationType":"ENHANCED_CONFIRMED_FINAL","deepSleepSeconds":2520,"lightSleepSeconds":18060,"remSleepSeconds":2640,"awakeSleepSeconds":0,"unmeasurableSeconds":0,"spo2SleepSummary":{"userProfilePk":87578117,"deviceId":3324959462,"sleepMeasurementStartGMT":"2021-12-04T00:00:00.0","sleepMeasurementEndGMT":"2021-12-04T06:26:00.0","averageSPO2":93.0,"averageHR":57.0,"lowestSPO2":82},"averageRespiration":17.0,"lowestRespiration":12.0,"highestRespiration":22.0,"retro":false,"awakeCount":0,"avgSleepStress":16.808785529715763,"sleepScores":{"overallScore":72,"qualityScore":72,"durationScore":71,"recoveryScore":75,"deepScore":65,"remScore":18,"lightScore":18,"awakeningsCountScore":100,"awakeTimeScore":100,"combinedAwakeScore":100,"restfulnessScore":63,"feedback":"NEGATIVE_NOT_REFRESHING","insight":"NONE"}},{"sleepStartTimestampGMT":"2021-12-05T01:17:00.0","sleepEndTimestampGMT":"2021-12-05T06:47:00.0","calendarDate":"2021-12-05","sleepWindowConfirmationType":"ENHANCED_CONFIRMED_FINAL","deepSleepSeconds":1140,"lightSleepSeconds":13620,"remSleepSeconds":4380,"awakeSleepSeconds":0,"unmeasurableSeconds":660,"spo2SleepSummary":{"userProfilePk":87578117,"deviceId":3324959462,"sleepMeasurementStartGMT":"2021-12-05T01:18:00.0","sleepMeasurementEndGMT":"2021-12-05T06:46:00.0","averageSPO2":93.0,"averageHR":52.0,"lowestSPO2":88},"averageRespiration":16.0,"lowestRespiration":9.0,"highestRespiration":22.0,"retro":false,"awakeCount":0,"avgSleepStress":11.736024844720497,"sleepScores":{"overallScore":62,"qualityScore":74,"durationScore":56,"recoveryScore":87,"deepScore":13,"remScore":96,"lightScore":63,"awakeningsCountScore":100,"awakeTimeScore":100,"combinedAwakeScore":100,"restfulnessScore":0,"feedback":"NEGATIVE_SHORT_AND_POOR_STRUCTURE","insight":"NEGATIVE_LATE_BED_TIME"}},{"sleepStartTimestampGMT":"2021-12-05T20:53:00.0","sleepEndTimestampGMT":"2021-12-06T05:57:00.0","calendarDate":"2021-12-06","sleepWindowConfirmationType":"ENHANCED_CONFIRMED_FINAL","deepSleepSeconds":1380,"lightSleepSeconds":21480,"remSleepSeconds":8760,"awakeSleepSeconds":0,"unmeasurableSeconds":1020,"spo2SleepSummary":{"userProfilePk":87578117,"deviceId":3324959462,"sleepMeasurementStartGMT":"2021-12-05T20:56:00.0","sleepMeasurementEndGMT":"2021-12-06T05:56:00.0","averageSPO2":95.0,"averageHR":57.0,"lowestSPO2":89},"averageRespiration":16.0,"lowestRespiration":9.0,"highestRespiration":22.0,"retro":false,"awakeCount":0,"avgSleepStress":24.34090909090909,"sleepScores":{"overallScore":74,"qualityScore":63,"durationScore":100,"recoveryScore":55,"deepScore":0,"remScore":99,"lightScore":69,"awakeningsCountScore":100,"awakeTimeScore":100,"combinedAwakeScore":100,"restfulnessScore":70,"feedback":"NEGATIVE_LONG_BUT_LIGHT","insight":"NEGATIVE_STRESSFUL_DAY"}},{"sleepStartTimestampGMT":"2021-12-06T22:39:00.0","sleepEndTimestampGMT":"2021-12-07T07:05:00.0","calendarDate":"2021-12-07","sleepWindowConfirmationType":"ENHANCED_CONFIRMED_FINAL","deepSleepSeconds":3240,"lightSleepSeconds":19980,"remSleepSeconds":4080,"awakeSleepSeconds":3060,"unmeasurableSeconds":0,"spo2SleepSummary":{"userProfilePk":87578117,"deviceId":3324959462,"sleepMeasurementStartGMT":"2021-12-06T22:40:00.0","sleepMeasurementEndGMT":"2021-12-07T07:05:00.0","averageSPO2":95.0,"averageHR":54.0,"lowestSPO2":88},"averageRespiration":15.0,"lowestRespiration":9.0,"highestRespiration":21.0,"retro":false,"awakeCount":2,"avgSleepStress":19.988,"sleepScores":{"overallScore":73,"qualityScore":65,"durationScore":92,"recoveryScore":67,"deepScore":68,"remScore":62,"lightScore":54,"awakeningsCountScore":75,"awakeTimeScore":49,"combinedAwakeScore":62,"restfulnessScore":63,"feedback":"NEGATIVE_LONG_BUT_DISCONTINUOUS","insight":"NEGATIVE_LATE_STRENUOUS_EXERCISE"}},{"sleepStartTimestampGMT":"2021-12-08T22:39:00.0","sleepEndTimestampGMT":"2021-12-09T05:28:00.0","calendarDate":"2021-12-09","sleepWindowConfirmationType":"ENHANCED_CONFIRMED_FINAL","deepSleepSeconds":0,"lightSleepSeconds":18300,"remSleepSeconds":5820,"awakeSleepSeconds":420,"unmeasurableSeconds":0,"spo2SleepSummary":{"userProfilePk":87578117,"deviceId":3324959462,"sleepMeasurementStartGMT":"2021-12-08T22:40:00.0","sleepMeasurementEndGMT":"2021-12-09T05:26:00.0","averageSPO2":95.0,"averageHR":50.0,"lowestSPO2":82},"averageRespiration":15.0,"lowestRespiration":11.0,"highestRespiration":21.0,"retro":false,"awakeCount":1,"avgSleepStress":8.422391857506362,"sleepScores":{"overallScore":83,"qualityScore":81,"durationScore":87,"recoveryScore":100,"deepScore":0,"remScore":80,"lightScore":4,"awakeningsCountScore":87,"awakeTimeScore":93,"combinedAwakeScore":90,"restfulnessScore":54,"feedback":"POSITIVE_LONG_AND_RECOVERING","insight":"POSITIVE_EXERCISE"}},{"sleepStartTimestampGMT":"2021-12-09T21:40:00.0","sleepEndTimestampGMT":"2021-12-10T06:04:00.0","calendarDate":"2021-12-10","sleepWindowConfirmationType":"ENHANCED_CONFIRMED_FINAL","deepSleepSeconds":2280,"lightSleepSeconds":19980,"remSleepSeconds":7980,"awakeSleepSeconds":0,"unmeasurableSeconds":0,"spo2SleepSummary":{"userProfilePk":87578117,"deviceId":3324959462,"sleepMeasurementStartGMT":"2021-12-09T21:41:00.0","sleepMeasurementEndGMT":"2021-12-10T06:01:00.0","averageSPO2":96.0,"averageHR":48.0,"lowestSPO2":91},"averageRespiration":16.0,"lowestRespiration":10.0,"highestRespiration":22.0,"retro":false,"awakeCount":0,"avgSleepStress":8.107070707070706,"sleepScores":{"overallScore":93,"qualityScore":90,"durationScore":100,"recoveryScore":100,"deepScore":34,"remScore":100,"lightScore":73,"awakeningsCountScore":100,"awakeTimeScore":100,"combinedAwakeScore":100,"restfulnessScore":63,"feedback":"POSITIVE_HIGHLY_RECOVERING","insight":"NONE"}},{"sleepStartTimestampGMT":"2021-12-10T23:19:00.0","sleepEndTimestampGMT":"2021-12-11T06:52:00.0","calendarDate":"2021-12-11","sleepWindowConfirmationType":"ENHANCED_CONFIRMED_FINAL","deepSleepSeconds":1560,"lightSleepSeconds":18660,"remSleepSeconds":6960,"awakeSleepSeconds":0,"unmeasurableSeconds":0,"spo2SleepSummary":{"userProfilePk":87578117,"deviceId":3324959462,"sleepMeasurementStartGMT":"2021-12-10T23:20:00.0","sleepMeasurementEndGMT":"2021-12-11T06:51:00.0","averageSPO2":95.0,"averageHR":48.0,"lowestSPO2":89},"averageRespiration":15.0,"lowestRespiration":9.0,"highestRespiration":21.0,"retro":false,"awakeCount":0,"avgSleepStress":11.44,"sleepScores":{"overallScore":81,"qualityScore":77,"durationScore":91,"recoveryScore":90,"deepScore":10,"remScore":100,"lightScore":68,"awakeningsCountScore":100,"awakeTimeScore":100,"combinedAwakeScore":100,"restfulnessScore":13,"feedback":"NEGATIVE_LONG_BUT_LIGHT","insight":"NEGATIVE_LATE_BED_TIME"}},{"sleepStartTimestampGMT":"2021-12-11T22:21:00.0","sleepEndTimestampGMT":"2021-12-12T03:40:00.0","calendarDate":"2021-12-12","sleepWindowConfirmationType":"ENHANCED_CONFIRMED_FINAL","deepSleepSeconds":480,"lightSleepSeconds":16260,"remSleepSeconds":1620,"awakeSleepSeconds":780,"unmeasurableSeconds":0,"spo2SleepSummary":{"userProfilePk":87578117,"deviceId":3324959462,"sleepMeasurementStartGMT":"2021-12-11T22:22:00.0","sleepMeasurementEndGMT":"2021-12-12T03:31:00.0","averageSPO2":96.0,"averageHR":48.0,"lowestSPO2":87},"averageRespiration":15.0,"lowestRespiration":9.0,"highestRespiration":21.0,"retro":false,"awakeCount":1,"avgSleepStress":8.227758007117437,"sleepScores":{"overallScore":56,"qualityScore":74,"durationScore":47,"recoveryScore":100,"deepScore":0,"remScore":0,"lightScore":0,"awakeningsCountScore":87,"awakeTimeScore":89,"combinedAwakeScore":88,"restfulnessScore":63,"feedback":"NEGATIVE_SHORT_AND_POOR_STRUCTURE","insight":"NONE"}},{"sleepStartTimestampGMT":"2021-12-12T21:53:00.0","sleepEndTimestampGMT":"2021-12-13T05:46:00.0","calendarDate":"2021-12-13","sleepWindowConfirmationType":"ENHANCED_CONFIRMED_FINAL","deepSleepSeconds":360,"lightSleepSeconds":19320,"remSleepSeconds":7080,"awakeSleepSeconds":1620,"unmeasurableSeconds":0,"spo2SleepSummary":{"userProfilePk":87578117,"deviceId":3324959462,"sleepMeasurementStartGMT":"2021-12-12T21:54:00.0","sleepMeasurementEndGMT":"2021-12-13T05:46:00.0","averageSPO2":96.0,"averageHR":53.0,"lowestSPO2":89},"averageRespiration":15.0,"lowestRespiration":9.0,"highestRespiration":21.0,"retro":false,"awakeCount":2,"avgSleepStress":16.905494505494506,"sleepScores":{"overallScore":76,"qualityScore":71,"durationScore":88,"recoveryScore":78,"deepScore":0,"remScore":100,"lightScore":61,"awakeningsCountScore":75,"awakeTimeScore":73,"combinedAwakeScore":74,"restfulnessScore":73,"feedback":"POSITIVE_LONG_AND_REFRESHING","insight":"POSITIVE_EXERCISE"}},{"sleepStartTimestampGMT":"2021-12-13T21:01:00.0","sleepEndTimestampGMT":"2021-12-14T03:38:00.0","calendarDate":"2021-12-14","sleepWindowConfirmationType":"ENHANCED_CONFIRMED_FINAL","deepSleepSeconds":0,"lightSleepSeconds":18240,"remSleepSeconds":5100,"awakeSleepSeconds":480,"unmeasurableSeconds":0,"spo2SleepSummary":{"userProfilePk":87578117,"deviceId":3324959462,"sleepMeasurementStartGMT":"2021-12-13T21:02:00.0","sleepMeasurementEndGMT":"2021-12-14T03:38:00.0","averageSPO2":96.0,"averageHR":51.0,"lowestSPO2":87},"averageRespiration":15.0,"lowestRespiration":9.0,"highestRespiration":21.0,"retro":false,"awakeCount":1,"avgSleepStress":15.298469387755102,"sleepScores":{"overallScore":70,"qualityScore":68,"durationScore":72,"recoveryScore":80,"deepScore":0,"remScore":89,"lightScore":15,"awakeningsCountScore":87,"awakeTimeScore":96,"combinedAwakeScore":91,"restfulnessScore":3,"feedback":"NEGATIVE_LIGHT","insight":"NEGATIVE_STRESSFUL_DAY"}},{"sleepStartTimestampGMT":"2021-12-14T21:57:00.0","sleepEndTimestampGMT":"2021-12-15T05:23:00.0","calendarDate":"2021-12-15","sleepWindowConfirmationType":"ENHANCED_CONFIRMED_FINAL","deepSleepSeconds":1980,"lightSleepSeconds":14700,"remSleepSeconds":9660,"awakeSleepSeconds":420,"unmeasurableSeconds":0,"spo2SleepSummary":{"userProfilePk":87578117,"deviceId":3324959462,"sleepMeasurementStartGMT":"2021-12-14T21:58:00.0","sleepMeasurementEndGMT":"2021-12-15T05:21:00.0","averageSPO2":95.0,"averageHR":55.0,"lowestSPO2":88},"averageRespiration":15.0,"lowestRespiration":11.0,"highestRespiration":20.0,"retro":false,"awakeCount":1,"avgSleepStress":19.59550561797753,"sleepScores":{"overallScore":75,"qualityScore":70,"durationScore":85,"recoveryScore":69,"deepScore":34,"remScore":58,"lightScore":100,"awakeningsCountScore":87,"awakeTimeScore":97,"combinedAwakeScore":92,"restfulnessScore":79,"feedback":"NEGATIVE_LONG_BUT_LIGHT","insight":"NONE"}},{"sleepStartTimestampGMT":"2021-12-15T22:07:00.0","sleepEndTimestampGMT":"2021-12-16T05:40:00.0","calendarDate":"2021-12-16","sleepWindowConfirmationType":"ENHANCED_CONFIRMED_FINAL","deepSleepSeconds":1260,"lightSleepSeconds":17040,"remSleepSeconds":8340,"awakeSleepSeconds":540,"unmeasurableSeconds":0,"spo2SleepSummary":{"userProfilePk":87578117,"deviceId":3324959462,"sleepMeasurementStartGMT":"2021-12-15T22:08:00.0","sleepMeasurementEndGMT":"2021-12-16T05:36:00.0","averageSPO2":95.0,"averageHR":49.0,"lowestSPO2":89},"averageRespiration":15.0,"lowestRespiration":10.0,"highestRespiration":20.0,"retro":false,"awakeCount":1,"avgSleepStress":9.027272727272727,"sleepScores":{"overallScore":83,"qualityScore":81,"durationScore":87,"recoveryScore":97,"deepScore":0,"remScore":77,"lightScore":77,"awakeningsCountScore":87,"awakeTimeScore":95,"combinedAwakeScore":91,"restfulnessScore":70,"feedback":"POSITIVE_LONG_AND_RECOVERING","insight":"POSITIVE_EXERCISE"}},{"sleepStartTimestampGMT":"2021-12-16T21:43:00.0","sleepEndTimestampGMT":"2021-12-17T06:26:00.0","calendarDate":"2021-12-17","sleepWindowConfirmationType":"ENHANCED_CONFIRMED_FINAL","deepSleepSeconds":2580,"lightSleepSeconds":22860,"remSleepSeconds":2040,"awakeSleepSeconds":3900,"unmeasurableSeconds":0,"spo2SleepSummary":{"userProfilePk":87578117,"deviceId":3324959462,"sleepMeasurementStartGMT":"2021-12-16T21:44:00.0","sleepMeasurementEndGMT":"2021-12-17T06:26:00.0","averageSPO2":95.0,"averageHR":49.0,"lowestSPO2":89},"averageRespiration":15.0,"lowestRespiration":12.0,"highestRespiration":21.0,"retro":false,"awakeCount":5,"avgSleepStress":9.798019801980198,"sleepScores":{"overallScore":69,"qualityScore":59,"durationScore":93,"recoveryScore":100,"deepScore":59,"remScore":0,"lightScore":0,"awakeningsCountScore":0,"awakeTimeScore":35,"combinedAwakeScore":17,"restfulnessScore":0,"feedback":"NEGATIVE_LONG_BUT_POOR_QUALITY","insight":"NONE"}},{"sleepStartTimestampGMT":"2021-12-17T23:14:00.0","sleepEndTimestampGMT":"2021-12-18T06:01:00.0","calendarDate":"2021-12-18","sleepWindowConfirmationType":"ENHANCED_CONFIRMED_FINAL","deepSleepSeconds":1020,"lightSleepSeconds":17760,"remSleepSeconds":5400,"awakeSleepSeconds":240,"unmeasurableSeconds":0,"spo2SleepSummary":{"userProfilePk":87578117,"deviceId":3324959462,"sleepMeasurementStartGMT":"2021-12-17T23:15:00.0","sleepMeasurementEndGMT":"2021-12-18T06:00:00.0","averageSPO2":97.0,"averageHR":54.0,"lowestSPO2":88},"averageRespiration":16.0,"lowestRespiration":12.0,"highestRespiration":21.0,"retro":false,"awakeCount":0,"avgSleepStress":18.50735294117647,"sleepScores":{"overallScore":73,"qualityScore":72,"durationScore":75,"recoveryScore":72,"deepScore":0,"remScore":92,"lightScore":52,"awakeningsCountScore":100,"awakeTimeScore":100,"combinedAwakeScore":100,"restfulnessScore":69,"feedback":"POSITIVE_CONTINUOUS","insight":"POSITIVE_LATE_BED_TIME"}},{"sleepStartTimestampGMT":"2021-12-19T01:01:00.0","sleepEndTimestampGMT":"2021-12-19T07:11:00.0","calendarDate":"2021-12-19","sleepWindowConfirmationType":"ENHANCED_CONFIRMED_FINAL","deepSleepSeconds":600,"lightSleepSeconds":17640,"remSleepSeconds":2280,"awakeSleepSeconds":1680,"unmeasurableSeconds":0,"spo2SleepSummary":{"userProfilePk":87578117,"deviceId":3324959462,"sleepMeasurementStartGMT":"2021-12-19T01:02:00.0","sleepMeasurementEndGMT":"2021-12-19T07:10:00.0","averageSPO2":96.0,"averageHR":52.0,"lowestSPO2":92},"averageRespiration":15.0,"lowestRespiration":9.0,"highestRespiration":22.0,"retro":false,"awakeCount":1,"avgSleepStress":16.54491017964072,"sleepScores":{"overallScore":51,"qualityScore":58,"durationScore":62,"recoveryScore":77,"deepScore":0,"remScore":15,"lightScore":0,"awakeningsCountScore":87,"awakeTimeScore":72,"combinedAwakeScore":79,"restfulnessScore":25,"feedback":"NEGATIVE_POOR_STRUCTURE","insight":"NONE"}},{"sleepStartTimestampGMT":"2021-12-19T22:16:00.0","sleepEndTimestampGMT":"2021-12-20T06:30:00.0","calendarDate":"2021-12-20","sleepWindowConfirmationType":"ENHANCED_CONFIRMED_FINAL","deepSleepSeconds":1560,"lightSleepSeconds":16020,"remSleepSeconds":720,"awakeSleepSeconds":11340,"unmeasurableSeconds":0,"spo2SleepSummary":{"userProfilePk":87578117,"deviceId":3324959462,"sleepMeasurementStartGMT":"2021-12-19T22:17:00.0","sleepMeasurementEndGMT":"2021-12-20T06:30:00.0","averageSPO2":97.0,"averageHR":55.0,"lowestSPO2":91},"averageRespiration":14.0,"lowestRespiration":10.0,"highestRespiration":18.0,"retro":false,"awakeCount":4,"avgSleepStress":20.713987473903966,"sleepScores":{"overallScore":26,"qualityScore":46,"durationScore":52,"recoveryScore":74,"deepScore":47,"remScore":0,"lightScore":0,"awakeningsCountScore":40,"awakeTimeScore":0,"combinedAwakeScore":20,"restfulnessScore":0,"feedback":"NEGATIVE_SHORT_AND_POOR_QUALITY","insight":"NEGATIVE_VERY_STRENUOUS_EXERCISE"}},{"sleepStartTimestampGMT":"2021-12-20T22:17:00.0","sleepEndTimestampGMT":"2021-12-21T03:58:00.0","calendarDate":"2021-12-21","sleepWindowConfirmationType":"ENHANCED_CONFIRMED_FINAL","deepSleepSeconds":780,"lightSleepSeconds":16440,"remSleepSeconds":1200,"awakeSleepSeconds":0,"unmeasurableSeconds":2040,"spo2SleepSummary":{"userProfilePk":87578117,"deviceId":3324959462,"sleepMeasurementStartGMT":"2021-12-20T22:18:00.0","sleepMeasurementEndGMT":"2021-12-21T03:58:00.0","averageSPO2":96.0,"averageHR":53.0,"lowestSPO2":92},"averageRespiration":14.0,"lowestRespiration":9.0,"highestRespiration":17.0,"retro":false,"awakeCount":0,"avgSleepStress":17.853846153846153,"sleepScores":{"overallScore":46,"qualityScore":64,"durationScore":53,"recoveryScore":73,"deepScore":0,"remScore":0,"lightScore":0,"awakeningsCountScore":100,"awakeTimeScore":100,"combinedAwakeScore":100,"restfulnessScore":79,"feedback":"NEGATIVE_SHORT_AND_POOR_STRUCTURE","insight":"NEGATIVE_STRESSFUL_DAY"}},{"sleepStartTimestampGMT":"2021-12-21T21:29:00.0","sleepEndTimestampGMT":"2021-12-22T04:59:00.0","calendarDate":"2021-12-22","sleepWindowConfirmationType":"ENHANCED_CONFIRMED_FINAL","deepSleepSeconds":4860,"lightSleepSeconds":17220,"remSleepSeconds":4200,"awakeSleepSeconds":0,"unmeasurableSeconds":720,"spo2SleepSummary":{"userProfilePk":87578117,"deviceId":3324959462,"sleepMeasurementStartGMT":"2021-12-21T21:30:00.0","sleepMeasurementEndGMT":"2021-12-22T04:56:00.0","averageSPO2":96.0,"averageHR":57.0,"lowestSPO2":90},"averageRespiration":14.0,"lowestRespiration":8.0,"highestRespiration":19.0,"retro":false,"awakeCount":0,"avgSleepStress":22.394919168591223,"sleepScores":{"overallScore":77,"qualityScore":74,"durationScore":84,"recoveryScore":62,"deepScore":95,"remScore":65,"lightScore":74,"awakeningsCountScore":100,"awakeTimeScore":100,"combinedAwakeScore":100,"restfulnessScore":72,"feedback":"POSITIVE_LONG_AND_CONTINUOUS","insight":"NONE"}},{"sleepStartTimestampGMT":"2021-12-23T00:20:00.0","sleepEndTimestampGMT":"2021-12-23T05:39:00.0","calendarDate":"2021-12-23","sleepWindowConfirmationType":"ENHANCED_CONFIRMED_FINAL","deepSleepSeconds":1380,"lightSleepSeconds":16440,"remSleepSeconds":1260,"awakeSleepSeconds":60,"unmeasurableSeconds":0,"spo2SleepSummary":{"userProfilePk":87578117,"deviceId":3324959462,"sleepMeasurementStartGMT":"2021-12-23T00:21:00.0","sleepMeasurementEndGMT":"2021-12-23T05:35:00.0","averageSPO2":96.0,"averageHR":52.0,"lowestSPO2":92},"averageRespiration":15.0,"lowestRespiration":12.0,"highestRespiration":22.0,"retro":false,"awakeCount":0,"avgSleepStress":13.103125,"sleepScores":{"overallScore":62,"qualityScore":73,"durationScore":56,"recoveryScore":87,"deepScore":30,"remScore":0,"lightScore":0,"awakeningsCountScore":100,"awakeTimeScore":100,"combinedAwakeScore":100,"restfulnessScore":64,"feedback":"NEGATIVE_SHORT_AND_POOR_STRUCTURE","insight":"NEGATIVE_LATE_BED_TIME"}},{"sleepStartTimestampGMT":"2021-12-23T22:15:00.0","sleepEndTimestampGMT":"2021-12-24T05:32:00.0","calendarDate":"2021-12-24","sleepWindowConfirmationType":"ENHANCED_CONFIRMED_FINAL","deepSleepSeconds":3780,"lightSleepSeconds":20400,"remSleepSeconds":360,"awakeSleepSeconds":0,"unmeasurableSeconds":1680,"retro":false,"awakeCount":0,"avgSleepStress":12.65650969529086,"sleepScores":{"overallScore":78,"qualityScore":78,"durationScore":76,"recoveryScore":88,"deepScore":80,"remScore":0,"lightScore":0,"awakeningsCountScore":100,"awakeTimeScore":100,"combinedAwakeScore":100,"restfulnessScore":64,"feedback":"NEGATIVE_NOT_REFRESHING","insight":"NONE"}},{"sleepStartTimestampGMT":"2021-12-25T01:03:00.0","sleepEndTimestampGMT":"2021-12-25T06:55:00.0","calendarDate":"2021-12-25","sleepWindowConfirmationType":"ENHANCED_CONFIRMED_FINAL","deepSleepSeconds":2340,"lightSleepSeconds":14040,"remSleepSeconds":1020,"awakeSleepSeconds":3720,"unmeasurableSeconds":0,"retro":false,"awakeCount":4,"avgSleepStress":18.985795454545453,"sleepScores":{"overallScore":29,"qualityScore":54,"durationScore":48,"recoveryScore":71,"deepScore":73,"remScore":0,"lightScore":0,"awakeningsCountScore":40,"awakeTimeScore":38,"combinedAwakeScore":39,"restfulnessScore":35,"feedback":"NEGATIVE_SHORT_AND_POOR_QUALITY","insight":"NONE"}},{"sleepStartTimestampGMT":"2021-12-25T20:54:00.0","sleepEndTimestampGMT":"2021-12-26T05:44:00.0","calendarDate":"2021-12-26","sleepWindowConfirmationType":"ENHANCED_CONFIRMED_FINAL","deepSleepSeconds":0,"lightSleepSeconds":23940,"remSleepSeconds":5460,"awakeSleepSeconds":0,"unmeasurableSeconds":2400,"spo2SleepSummary":{"userProfilePk":87578117,"deviceId":3324959462,"sleepMeasurementStartGMT":"2021-12-25T20:56:00.0","sleepMeasurementEndGMT":"2021-12-26T05:41:00.0","averageSPO2":97.0,"averageHR":49.0,"lowestSPO2":91},"averageRespiration":16.0,"lowestRespiration":11.0,"highestRespiration":23.0,"retro":false,"awakeCount":0,"avgSleepStress":9.441458733205375,"sleepScores":{"overallScore":85,"qualityScore":78,"durationScore":100,"recoveryScore":98,"deepScore":0,"remScore":74,"lightScore":0,"awakeningsCountScore":100,"awakeTimeScore":100,"combinedAwakeScore":100,"restfulnessScore":18,"feedback":"NEGATIVE_LONG_BUT_LIGHT","insight":"NONE"}},{"sleepStartTimestampGMT":"2021-12-26T23:44:00.0","sleepEndTimestampGMT":"2021-12-27T06:08:00.0","calendarDate":"2021-12-27","sleepWindowConfirmationType":"ENHANCED_CONFIRMED_FINAL","deepSleepSeconds":540,"lightSleepSeconds":16320,"remSleepSeconds":3000,"awakeSleepSeconds":3180,"unmeasurableSeconds":0,"spo2SleepSummary":{"userProfilePk":87578117,"deviceId":3324959462,"sleepMeasurementStartGMT":"2021-12-26T23:45:00.0","sleepMeasurementEndGMT":"2021-12-27T06:06:00.0","averageSPO2":96.0,"averageHR":52.0,"lowestSPO2":88},"averageRespiration":14.0,"lowestRespiration":10.0,"highestRespiration":18.0,"retro":false,"awakeCount":2,"avgSleepStress":15.78167115902965,"sleepScores":{"overallScore":37,"qualityScore":54,"durationScore":58,"recoveryScore":71,"deepScore":0,"remScore":63,"lightScore":0,"awakeningsCountScore":75,"awakeTimeScore":47,"combinedAwakeScore":61,"restfulnessScore":0,"feedback":"NEGATIVE_SHORT_AND_POOR_QUALITY","insight":"NEGATIVE_STRESSFUL_DAY"}},{"sleepStartTimestampGMT":"2021-12-27T22:26:00.0","sleepEndTimestampGMT":"2021-12-28T06:30:00.0","calendarDate":"2021-12-28","sleepWindowConfirmationType":"ENHANCED_CONFIRMED_FINAL","deepSleepSeconds":600,"lightSleepSeconds":21540,"remSleepSeconds":4560,"awakeSleepSeconds":1680,"unmeasurableSeconds":660,"spo2SleepSummary":{"userProfilePk":87578117,"deviceId":3324959462,"sleepMeasurementStartGMT":"2021-12-27T22:27:00.0","sleepMeasurementEndGMT":"2021-12-28T06:30:00.0","averageSPO2":96.0,"averageHR":52.0,"lowestSPO2":91},"averageRespiration":15.0,"lowestRespiration":10.0,"highestRespiration":21.0,"retro":false,"awakeCount":1,"avgSleepStress":12.380851063829788,"sleepScores":{"overallScore":73,"qualityScore":66,"durationScore":87,"recoveryScore":86,"deepScore":0,"remScore":69,"lightScore":0,"awakeningsCountScore":87,"awakeTimeScore":72,"combinedAwakeScore":79,"restfulnessScore":0,"feedback":"NEGATIVE_LONG_BUT_LIGHT","insight":"NONE"}},{"sleepStartTimestampGMT":"2021-12-28T22:20:00.0","sleepEndTimestampGMT":"2021-12-29T06:41:00.0","calendarDate":"2021-12-29","sleepWindowConfirmationType":"ENHANCED_CONFIRMED_FINAL","deepSleepSeconds":960,"lightSleepSeconds":20940,"remSleepSeconds":5520,"awakeSleepSeconds":2640,"unmeasurableSeconds":0,"spo2SleepSummary":{"userProfilePk":87578117,"deviceId":3324959462,"sleepMeasurementStartGMT":"2021-12-28T22:24:00.0","sleepMeasurementEndGMT":"2021-12-29T06:41:00.0","averageSPO2":95.0,"averageHR":54.0,"lowestSPO2":91},"averageRespiration":15.0,"lowestRespiration":12.0,"highestRespiration":19.0,"retro":false,"awakeCount":2,"avgSleepStress":16.6056338028169,"sleepScores":{"overallScore":73,"qualityScore":65,"durationScore":92,"recoveryScore":78,"deepScore":0,"remScore":79,"lightScore":29,"awakeningsCountScore":75,"awakeTimeScore":56,"combinedAwakeScore":65,"restfulnessScore":51,"feedback":"NEGATIVE_LONG_BUT_LIGHT","insight":"NONE"}},{"sleepStartTimestampGMT":"2021-12-29T21:56:00.0","sleepEndTimestampGMT":"2021-12-30T08:02:00.0","calendarDate":"2021-12-30","sleepWindowConfirmationType":"ENHANCED_CONFIRMED_FINAL","deepSleepSeconds":0,"lightSleepSeconds":28320,"remSleepSeconds":6840,"awakeSleepSeconds":1200,"unmeasurableSeconds":0,"spo2SleepSummary":{"userProfilePk":87578117,"deviceId":3324959462,"sleepMeasurementStartGMT":"2021-12-29T21:57:00.0","sleepMeasurementEndGMT":"2021-12-30T08:01:00.0","averageSPO2":97.0,"averageHR":50.0,"lowestSPO2":87},"averageRespiration":15.0,"lowestRespiration":10.0,"highestRespiration":21.0,"retro":false,"awakeCount":1,"avgSleepStress":10.13893653516295,"sleepScores":{"overallScore":83,"qualityScore":75,"durationScore":100,"recoveryScore":100,"deepScore":0,"remScore":77,"lightScore":0,"awakeningsCountScore":87,"awakeTimeScore":80,"combinedAwakeScore":83,"restfulnessScore":6,"feedback":"NEGATIVE_LONG_BUT_LIGHT","insight":"NONE"}},{"sleepStartTimestampGMT":"2021-12-30T23:26:00.0","sleepEndTimestampGMT":"2021-12-31T06:33:00.0","calendarDate":"2021-12-31","sleepWindowConfirmationType":"ENHANCED_CONFIRMED_FINAL","deepSleepSeconds":3840,"lightSleepSeconds":16620,"remSleepSeconds":3180,"awakeSleepSeconds":1980,"unmeasurableSeconds":0,"retro":false,"awakeCount":1,"avgSleepStress":9.55,"sleepScores":{"overallScore":77,"qualityScore":78,"durationScore":73,"recoveryScore":99,"deepScore":84,"remScore":46,"lightScore":64,"awakeningsCountScore":87,"awakeTimeScore":67,"combinedAwakeScore":77,"restfulnessScore":0,"feedback":"NEGATIVE_RESTLESS","insight":"NONE"}},{"sleepStartTimestampGMT":"2022-01-01T02:43:00.0","sleepEndTimestampGMT":"2022-01-01T08:00:00.0","calendarDate":"2022-01-01","sleepWindowConfirmationType":"ENHANCED_CONFIRMED_FINAL","deepSleepSeconds":0,"lightSleepSeconds":16200,"remSleepSeconds":2640,"awakeSleepSeconds":180,"unmeasurableSeconds":0,"retro":false,"awakeCount":0,"avgSleepStress":24.015822784810126,"sleepScores":{"overallScore":34,"qualityScore":54,"durationScore":55,"recoveryScore":57,"deepScore":0,"remScore":53,"lightScore":0,"awakeningsCountScore":100,"awakeTimeScore":100,"combinedAwakeScore":100,"restfulnessScore":0,"feedback":"NEGATIVE_SHORT_AND_POOR_QUALITY","insight":"NEGATIVE_LATE_BED_TIME"}},{"sleepStartTimestampGMT":"2022-01-01T23:34:00.0","sleepEndTimestampGMT":"2022-01-02T07:32:00.0","calendarDate":"2022-01-02","sleepWindowConfirmationType":"ENHANCED_CONFIRMED_FINAL","deepSleepSeconds":1620,"lightSleepSeconds":19440,"remSleepSeconds":4560,"awakeSleepSeconds":3060,"unmeasurableSeconds":0,"spo2SleepSummary":{"userProfilePk":87578117,"deviceId":3324959462,"sleepMeasurementStartGMT":"2022-01-01T23:35:00.0","sleepMeasurementEndGMT":"2022-01-02T07:31:00.0","averageSPO2":96.0,"averageHR":53.0,"lowestSPO2":84},"averageRespiration":15.0,"lowestRespiration":13.0,"highestRespiration":22.0,"retro":false,"awakeCount":2,"avgSleepStress":13.396061269146609,"sleepScores":{"overallScore":70,"qualityScore":65,"durationScore":80,"recoveryScore":88,"deepScore":18,"remScore":71,"lightScore":33,"awakeningsCountScore":75,"awakeTimeScore":49,"combinedAwakeScore":62,"restfulnessScore":0,"feedback":"NEGATIVE_LONG_BUT_RESTLESS","insight":"NEGATIVE_LATE_BED_TIME"}},{"sleepStartTimestampGMT":"2022-01-02T22:32:00.0","sleepEndTimestampGMT":"2022-01-03T06:00:00.0","calendarDate":"2022-01-03","sleepWindowConfirmationType":"ENHANCED_CONFIRMED_FINAL","deepSleepSeconds":1380,"lightSleepSeconds":15420,"remSleepSeconds":9480,"awakeSleepSeconds":0,"unmeasurableSeconds":600,"spo2SleepSummary":{"userProfilePk":87578117,"deviceId":3324959462,"sleepMeasurementStartGMT":"2022-01-02T22:33:00.0","sleepMeasurementEndGMT":"2022-01-03T05:56:00.0","averageSPO2":94.0,"averageHR":52.0,"lowestSPO2":88},"averageRespiration":16.0,"lowestRespiration":12.0,"highestRespiration":21.0,"retro":false,"awakeCount":0,"avgSleepStress":14.643020594965675,"sleepScores":{"overallScore":77,"qualityScore":73,"durationScore":84,"recoveryScore":81,"deepScore":3,"remScore":61,"lightScore":92,"awakeningsCountScore":100,"awakeTimeScore":100,"combinedAwakeScore":100,"restfulnessScore":65,"feedback":"NEGATIVE_LONG_BUT_LIGHT","insight":"NEGATIVE_STRESSFUL_DAY"}},{"sleepStartTimestampGMT":"2022-01-03T21:21:00.0","sleepEndTimestampGMT":"2022-01-04T04:25:00.0","calendarDate":"2022-01-04","sleepWindowConfirmationType":"ENHANCED_CONFIRMED_FINAL","deepSleepSeconds":360,"lightSleepSeconds":12420,"remSleepSeconds":11220,"awakeSleepSeconds":780,"unmeasurableSeconds":660,"spo2SleepSummary":{"userProfilePk":87578117,"deviceId":3324959462,"sleepMeasurementStartGMT":"2022-01-03T21:22:00.0","sleepMeasurementEndGMT":"2022-01-04T04:21:00.0","averageSPO2":95.0,"averageHR":75.0,"lowestSPO2":88},"averageRespiration":19.0,"lowestRespiration":11.0,"highestRespiration":25.0,"retro":false,"awakeCount":1,"avgSleepStress":63.78313253012048,"sleepScores":{"overallScore":19,"qualityScore":12,"durationScore":74,"recoveryScore":0,"deepScore":0,"remScore":0,"lightScore":100,"awakeningsCountScore":87,"awakeTimeScore":89,"combinedAwakeScore":88,"restfulnessScore":61,"feedback":"NEGATIVE_POOR_STRUCTURE","insight":"NEGATIVE_HIGHLY_STRESSFUL_DAY"}},{"sleepStartTimestampGMT":"2022-01-04T22:30:00.0","sleepEndTimestampGMT":"2022-01-05T06:17:00.0","calendarDate":"2022-01-05","sleepWindowConfirmationType":"ENHANCED_CONFIRMED_FINAL","deepSleepSeconds":6960,"lightSleepSeconds":17880,"remSleepSeconds":2340,"awakeSleepSeconds":840,"unmeasurableSeconds":0,"spo2SleepSummary":{"userProfilePk":87578117,"deviceId":3324959462,"sleepMeasurementStartGMT":"2022-01-04T22:32:00.0","sleepMeasurementEndGMT":"2022-01-05T06:16:00.0","averageSPO2":95.0,"averageHR":54.0,"lowestSPO2":91},"averageRespiration":15.0,"lowestRespiration":10.0,"highestRespiration":20.0,"retro":false,"awakeCount":2,"avgSleepStress":13.481720430107528,"sleepScores":{"overallScore":73,"qualityScore":65,"durationScore":91,"recoveryScore":78,"deepScore":100,"remScore":0,"lightScore":73,"awakeningsCountScore":75,"awakeTimeScore":88,"combinedAwakeScore":81,"restfulnessScore":0,"feedback":"NEGATIVE_LONG_BUT_RESTLESS","insight":"NONE"}},{"sleepStartTimestampGMT":"2022-01-06T00:43:00.0","sleepEndTimestampGMT":"2022-01-06T06:40:00.0","calendarDate":"2022-01-06","sleepWindowConfirmationType":"ENHANCED_CONFIRMED_FINAL","deepSleepSeconds":1740,"lightSleepSeconds":17760,"remSleepSeconds":1800,"awakeSleepSeconds":120,"unmeasurableSeconds":0,"averageRespiration":14.0,"lowestRespiration":8.0,"highestRespiration":21.0,"retro":false,"awakeCount":0,"avgSleepStress":12.294117647058824,"sleepScores":{"overallScore":66,"qualityScore":66,"durationScore":65,"recoveryScore":84,"deepScore":42,"remScore":0,"lightScore":0,"awakeningsCountScore":100,"awakeTimeScore":100,"combinedAwakeScore":100,"restfulnessScore":0,"feedback":"NEGATIVE_RESTLESS","insight":"NONE"}},{"sleepStartTimestampGMT":"2022-01-11T21:47:00.0","sleepEndTimestampGMT":"2022-01-12T06:19:00.0","calendarDate":"2022-01-12","sleepWindowConfirmationType":"ENHANCED_CONFIRMED_FINAL","deepSleepSeconds":780,"lightSleepSeconds":21480,"remSleepSeconds":6420,"awakeSleepSeconds":540,"unmeasurableSeconds":1500,"spo2SleepSummary":{"userProfilePk":87578117,"deviceId":3324959462,"sleepMeasurementStartGMT":"2022-01-11T21:48:00.0","sleepMeasurementEndGMT":"2022-01-12T06:16:00.0","averageSPO2":96.0,"averageHR":49.0,"lowestSPO2":89},"averageRespiration":15.0,"lowestRespiration":11.0,"highestRespiration":21.0,"retro":false,"awakeCount":1,"avgSleepStress":8.174180327868852,"sleepScores":{"overallScore":88,"qualityScore":82,"durationScore":100,"recoveryScore":100,"deepScore":0,"remScore":93,"lightScore":41,"awakeningsCountScore":87,"awakeTimeScore":95,"combinedAwakeScore":91,"restfulnessScore":49,"feedback":"POSITIVE_LONG_AND_RECOVERING","insight":"NONE"}},{"sleepStartTimestampGMT":"2022-01-13T00:01:00.0","sleepEndTimestampGMT":"2022-01-13T03:48:00.0","calendarDate":"2022-01-13","sleepWindowConfirmationType":"ENHANCED_CONFIRMED_FINAL","deepSleepSeconds":0,"lightSleepSeconds":11700,"awakeSleepSeconds":1920,"unmeasurableSeconds":0,"spo2SleepSummary":{"userProfilePk":87578117,"deviceId":3324959462,"sleepMeasurementStartGMT":"2022-01-13T00:05:00.0","sleepMeasurementEndGMT":"2022-01-13T03:48:00.0","averageSPO2":96.0,"averageHR":54.0,"lowestSPO2":88},"averageRespiration":15.0,"lowestRespiration":12.0,"highestRespiration":21.0,"retro":false,"awakeCount":2,"avgSleepStress":17.96412556053812,"sleepScores":{"overallScore":10,"qualityScore":51,"durationScore":21,"recoveryScore":73,"deepScore":0,"remScore":0,"lightScore":0,"awakeningsCountScore":75,"awakeTimeScore":68,"combinedAwakeScore":71,"restfulnessScore":0,"feedback":"NEGATIVE_SHORT_AND_POOR_QUALITY","insight":"NEGATIVE_STRESSFUL_DAY"}},{"sleepStartTimestampGMT":"2022-01-13T21:11:00.0","sleepEndTimestampGMT":"2022-01-14T06:07:00.0","calendarDate":"2022-01-14","sleepWindowConfirmationType":"ENHANCED_CONFIRMED_FINAL","deepSleepSeconds":1080,"lightSleepSeconds":20580,"remSleepSeconds":4440,"awakeSleepSeconds":6060,"unmeasurableSeconds":0,"spo2SleepSummary":{"userProfilePk":87578117,"deviceId":3324959462,"sleepMeasurementStartGMT":"2022-01-13T21:17:00.0","sleepMeasurementEndGMT":"2022-01-14T06:06:00.0","averageSPO2":96.0,"averageHR":57.0,"lowestSPO2":82},"averageRespiration":15.0,"lowestRespiration":10.0,"highestRespiration":22.0,"retro":false,"awakeCount":5,"avgSleepStress":19.165399239543728,"sleepScores":{"overallScore":59,"qualityScore":42,"durationScore":83,"recoveryScore":70,"deepScore":0,"remScore":68,"lightScore":9,"awakeningsCountScore":0,"awakeTimeScore":0,"combinedAwakeScore":0,"restfulnessScore":0,"feedback":"NEGATIVE_LONG_BUT_POOR_QUALITY","insight":"NONE"}},{"sleepStartTimestampGMT":"2022-01-14T22:06:00.0","sleepEndTimestampGMT":"2022-01-15T07:57:00.0","calendarDate":"2022-01-15","sleepWindowConfirmationType":"ENHANCED_CONFIRMED_FINAL","deepSleepSeconds":1560,"lightSleepSeconds":23760,"remSleepSeconds":8160,"awakeSleepSeconds":540,"unmeasurableSeconds":1440,"spo2SleepSummary":{"userProfilePk":87578117,"deviceId":3324959462,"sleepMeasurementStartGMT":"2022-01-14T22:07:00.0","sleepMeasurementEndGMT":"2022-01-15T07:55:00.0","averageSPO2":96.0,"averageHR":52.0,"lowestSPO2":90},"averageRespiration":15.0,"lowestRespiration":11.0,"highestRespiration":21.0,"retro":false,"awakeCount":0,"avgSleepStress":12.96594982078853,"sleepScores":{"overallScore":85,"qualityScore":78,"durationScore":100,"recoveryScore":88,"deepScore":0,"remScore":100,"lightScore":63,"awakeningsCountScore":100,"awakeTimeScore":95,"combinedAwakeScore":97,"restfulnessScore":48,"feedback":"NEGATIVE_LONG_BUT_LIGHT","insight":"NONE"}},{"sleepStartTimestampGMT":"2022-01-16T01:17:00.0","sleepEndTimestampGMT":"2022-01-16T07:54:00.0","calendarDate":"2022-01-16","sleepWindowConfirmationType":"ENHANCED_CONFIRMED_FINAL","deepSleepSeconds":4020,"lightSleepSeconds":13260,"remSleepSeconds":4860,"awakeSleepSeconds":840,"unmeasurableSeconds":840,"spo2SleepSummary":{"userProfilePk":87578117,"deviceId":3324959462,"sleepMeasurementStartGMT":"2022-01-16T01:18:00.0","sleepMeasurementEndGMT":"2022-01-16T07:50:00.0","averageSPO2":96.0,"averageHR":60.0,"lowestSPO2":89},"averageRespiration":15.0,"lowestRespiration":10.0,"highestRespiration":20.0,"retro":false,"awakeCount":1,"avgSleepStress":28.642857142857142,"sleepScores":{"overallScore":52,"qualityScore":48,"durationScore":68,"recoveryScore":30,"deepScore":93,"remScore":90,"lightScore":88,"awakeningsCountScore":87,"awakeTimeScore":88,"combinedAwakeScore":87,"restfulnessScore":65,"feedback":"NEGATIVE_NOT_RESTORATIVE","insight":"NONE"}},{"sleepStartTimestampGMT":"2022-01-17T01:01:00.0","sleepEndTimestampGMT":"2022-01-17T05:59:00.0","calendarDate":"2022-01-17","sleepWindowConfirmationType":"ENHANCED_CONFIRMED_FINAL","deepSleepSeconds":4920,"lightSleepSeconds":11340,"remSleepSeconds":1620,"awakeSleepSeconds":0,"unmeasurableSeconds":0,"spo2SleepSummary":{"userProfilePk":87578117,"deviceId":3324959462,"sleepMeasurementStartGMT":"2022-01-17T01:02:00.0","sleepMeasurementEndGMT":"2022-01-17T05:55:00.0","averageSPO2":96.0,"averageHR":55.0,"lowestSPO2":92},"averageRespiration":14.0,"lowestRespiration":9.0,"highestRespiration":18.0,"retro":false,"awakeCount":0,"avgSleepStress":21.795986622073578,"sleepScores":{"overallScore":36,"qualityScore":60,"durationScore":50,"recoveryScore":60,"deepScore":100,"remScore":0,"lightScore":78,"awakeningsCountScore":100,"awakeTimeScore":100,"combinedAwakeScore":100,"restfulnessScore":0,"feedback":"NEGATIVE_SHORT_AND_POOR_STRUCTURE","insight":"NEGATIVE_STRENUOUS_EXERCISE"}},{"sleepStartTimestampGMT":"2022-01-17T23:09:00.0","sleepEndTimestampGMT":"2022-01-18T05:52:00.0","calendarDate":"2022-01-18","sleepWindowConfirmationType":"ENHANCED_CONFIRMED_FINAL","deepSleepSeconds":2280,"lightSleepSeconds":16740,"remSleepSeconds":3540,"awakeSleepSeconds":1020,"unmeasurableSeconds":600,"spo2SleepSummary":{"userProfilePk":87578117,"deviceId":3324959462,"sleepMeasurementStartGMT":"2022-01-17T23:10:00.0","sleepMeasurementEndGMT":"2022-01-18T05:51:00.0","averageSPO2":96.0,"averageHR":54.0,"lowestSPO2":89},"averageRespiration":15.0,"lowestRespiration":11.0,"highestRespiration":20.0,"retro":false,"awakeCount":1,"avgSleepStress":18.59438775510204,"sleepScores":{"overallScore":69,"qualityScore":68,"durationScore":69,"recoveryScore":68,"deepScore":62,"remScore":64,"lightScore":46,"awakeningsCountScore":87,"awakeTimeScore":84,"combinedAwakeScore":85,"restfulnessScore":41,"feedback":"NEGATIVE_RESTLESS","insight":"NONE"}},{"sleepStartTimestampGMT":"2022-01-18T21:21:00.0","sleepEndTimestampGMT":"2022-01-19T05:38:00.0","calendarDate":"2022-01-19","sleepWindowConfirmationType":"ENHANCED_CONFIRMED_FINAL","deepSleepSeconds":6720,"lightSleepSeconds":19980,"remSleepSeconds":1320,"awakeSleepSeconds":0,"unmeasurableSeconds":1800,"spo2SleepSummary":{"userProfilePk":87578117,"deviceId":3324959462,"sleepMeasurementStartGMT":"2022-01-18T21:22:00.0","sleepMeasurementEndGMT":"2022-01-19T05:35:00.0","averageSPO2":96.0,"averageHR":57.0,"lowestSPO2":88},"averageRespiration":15.0,"lowestRespiration":11.0,"highestRespiration":21.0,"retro":false,"awakeCount":0,"avgSleepStress":22.83132530120482,"sleepScores":{"overallScore":75,"qualityScore":66,"durationScore":97,"recoveryScore":60,"deepScore":100,"remScore":0,"lightScore":62,"awakeningsCountScore":100,"awakeTimeScore":100,"combinedAwakeScore":100,"restfulnessScore":63,"feedback":"NEGATIVE_LONG_BUT_NOT_REFRESHING","insight":"NONE"}},{"sleepStartTimestampGMT":"2022-01-19T22:06:00.0","sleepEndTimestampGMT":"2022-01-20T06:38:00.0","calendarDate":"2022-01-20","sleepWindowConfirmationType":"ENHANCED_CONFIRMED_FINAL","deepSleepSeconds":3120,"lightSleepSeconds":21480,"remSleepSeconds":300,"awakeSleepSeconds":5820,"unmeasurableSeconds":0,"spo2SleepSummary":{"userProfilePk":87578117,"deviceId":3324959462,"sleepMeasurementStartGMT":"2022-01-19T22:07:00.0","sleepMeasurementEndGMT":"2022-01-20T06:36:00.0","averageSPO2":96.0,"averageHR":61.0,"lowestSPO2":90},"averageRespiration":15.0,"lowestRespiration":12.0,"highestRespiration":21.0,"retro":false,"awakeCount":1,"avgSleepStress":26.79253112033195,"sleepScores":{"overallScore":60,"qualityScore":47,"durationScore":77,"recoveryScore":50,"deepScore":70,"remScore":0,"lightScore":0,"awakeningsCountScore":87,"awakeTimeScore":3,"combinedAwakeScore":45,"restfulnessScore":57,"feedback":"NEGATIVE_POOR_STRUCTURE","insight":"NEGATIVE_LATE_STRENUOUS_EXERCISE"}},{"sleepStartTimestampGMT":"2022-01-20T22:12:00.0","sleepEndTimestampGMT":"2022-01-21T04:20:00.0","calendarDate":"2022-01-21","sleepWindowConfirmationType":"ENHANCED_CONFIRMED_FINAL","deepSleepSeconds":1020,"lightSleepSeconds":15840,"remSleepSeconds":3660,"awakeSleepSeconds":0,"unmeasurableSeconds":1560,"spo2SleepSummary":{"userProfilePk":87578117,"deviceId":3324959462,"sleepMeasurementStartGMT":"2022-01-20T22:13:00.0","sleepMeasurementEndGMT":"2022-01-21T04:16:00.0","averageSPO2":96.0,"averageHR":56.0,"lowestSPO2":91},"averageRespiration":15.0,"lowestRespiration":10.0,"highestRespiration":18.0,"retro":false,"awakeCount":0,"avgSleepStress":13.684049079754601,"sleepScores":{"overallScore":70,"qualityScore":79,"durationScore":62,"recoveryScore":86,"deepScore":0,"remScore":71,"lightScore":22,"awakeningsCountScore":100,"awakeTimeScore":100,"combinedAwakeScore":100,"restfulnessScore":89,"feedback":"POSITIVE_CONTINUOUS","insight":"NONE"}},{"sleepStartTimestampGMT":"2022-01-21T21:53:00.0","sleepEndTimestampGMT":"2022-01-22T05:51:00.0","calendarDate":"2022-01-22","sleepWindowConfirmationType":"ENHANCED_CONFIRMED_FINAL","deepSleepSeconds":1380,"lightSleepSeconds":25920,"remSleepSeconds":720,"awakeSleepSeconds":0,"unmeasurableSeconds":660,"spo2SleepSummary":{"userProfilePk":87578117,"deviceId":3324959462,"sleepMeasurementStartGMT":"2022-01-21T21:54:00.0","sleepMeasurementEndGMT":"2022-01-22T05:51:00.0","averageSPO2":93.0,"averageHR":41.0,"lowestSPO2":86},"averageRespiration":15.0,"lowestRespiration":12.0,"highestRespiration":21.0,"retro":false,"awakeCount":0,"avgSleepStress":10.447761194029852,"sleepScores":{"overallScore":85,"qualityScore":79,"durationScore":97,"recoveryScore":100,"deepScore":0,"remScore":0,"lightScore":0,"awakeningsCountScore":100,"awakeTimeScore":100,"combinedAwakeScore":100,"restfulnessScore":94,"feedback":"NEGATIVE_LONG_BUT_LIGHT","insight":"NONE"}},{"sleepStartTimestampGMT":"2022-01-22T21:32:00.0","sleepEndTimestampGMT":"2022-01-23T06:28:00.0","calendarDate":"2022-01-23","sleepWindowConfirmationType":"ENHANCED_CONFIRMED_FINAL","deepSleepSeconds":3360,"lightSleepSeconds":18060,"remSleepSeconds":4500,"awakeSleepSeconds":6240,"unmeasurableSeconds":0,"spo2SleepSummary":{"userProfilePk":87578117,"deviceId":3324959462,"sleepMeasurementStartGMT":"2022-01-22T21:33:00.0","sleepMeasurementEndGMT":"2022-01-23T06:26:00.0","averageSPO2":96.0,"averageHR":54.0,"lowestSPO2":88},"averageRespiration":14.0,"lowestRespiration":8.0,"highestRespiration":18.0,"retro":false,"awakeCount":1,"avgSleepStress":14.434362934362934,"sleepScores":{"overallScore":71,"qualityScore":65,"durationScore":82,"recoveryScore":84,"deepScore":72,"remScore":70,"lightScore":66,"awakeningsCountScore":87,"awakeTimeScore":0,"combinedAwakeScore":43,"restfulnessScore":0,"feedback":"NEGATIVE_LONG_BUT_RESTLESS","insight":"NONE"}},{"sleepStartTimestampGMT":"2022-01-23T21:50:00.0","sleepEndTimestampGMT":"2022-01-24T04:50:00.0","calendarDate":"2022-01-24","sleepWindowConfirmationType":"ENHANCED_CONFIRMED_FINAL","deepSleepSeconds":3240,"lightSleepSeconds":17040,"remSleepSeconds":3180,"awakeSleepSeconds":540,"unmeasurableSeconds":1200,"spo2SleepSummary":{"userProfilePk":87578117,"deviceId":3324959462,"sleepMeasurementStartGMT":"2022-01-23T21:51:00.0","sleepMeasurementEndGMT":"2022-01-24T04:46:00.0","averageSPO2":95.0,"averageHR":51.0,"lowestSPO2":85},"averageRespiration":16.0,"lowestRespiration":12.0,"highestRespiration":21.0,"retro":false,"awakeCount":1,"avgSleepStress":11.104060913705585,"sleepScores":{"overallScore":76,"qualityScore":78,"durationScore":72,"recoveryScore":90,"deepScore":74,"remScore":47,"lightScore":59,"awakeningsCountScore":87,"awakeTimeScore":95,"combinedAwakeScore":91,"restfulnessScore":28,"feedback":"NEGATIVE_RESTLESS","insight":"NONE"}},{"sleepStartTimestampGMT":"2022-01-24T23:40:00.0","sleepEndTimestampGMT":"2022-01-25T06:16:00.0","calendarDate":"2022-01-25","sleepWindowConfirmationType":"ENHANCED_CONFIRMED_FINAL","deepSleepSeconds":0,"lightSleepSeconds":16740,"remSleepSeconds":7020,"awakeSleepSeconds":0,"unmeasurableSeconds":0,"spo2SleepSummary":{"userProfilePk":87578117,"deviceId":3324959462,"sleepMeasurementStartGMT":"2022-01-24T23:41:00.0","sleepMeasurementEndGMT":"2022-01-25T06:16:00.0","averageSPO2":96.0,"averageHR":50.0,"lowestSPO2":89},"averageRespiration":15.0,"lowestRespiration":12.0,"highestRespiration":20.0,"retro":false,"awakeCount":0,"avgSleepStress":11.703804347826088,"sleepScores":{"overallScore":77,"qualityScore":78,"durationScore":73,"recoveryScore":89,"deepScore":0,"remScore":86,"lightScore":64,"awakeningsCountScore":100,"awakeTimeScore":100,"combinedAwakeScore":100,"restfulnessScore":49,"feedback":"NEGATIVE_LIGHT","insight":"NEGATIVE_LATE_BED_TIME"}},{"sleepStartTimestampGMT":"2022-01-25T21:13:00.0","sleepEndTimestampGMT":"2022-01-26T06:00:00.0","calendarDate":"2022-01-26","sleepWindowConfirmationType":"ENHANCED_CONFIRMED_FINAL","deepSleepSeconds":3900,"lightSleepSeconds":15420,"remSleepSeconds":10140,"awakeSleepSeconds":2160,"unmeasurableSeconds":0,"spo2SleepSummary":{"userProfilePk":87578117,"deviceId":3324959462,"sleepMeasurementStartGMT":"2022-01-25T21:14:00.0","sleepMeasurementEndGMT":"2022-01-26T05:56:00.0","averageSPO2":95.0,"averageHR":57.0,"lowestSPO2":80},"averageRespiration":15.0,"lowestRespiration":10.0,"highestRespiration":19.0,"retro":false,"awakeCount":3,"avgSleepStress":22.015384615384615,"sleepScores":{"overallScore":74,"qualityScore":64,"durationScore":100,"recoveryScore":64,"deepScore":72,"remScore":67,"lightScore":100,"awakeningsCountScore":65,"awakeTimeScore":64,"combinedAwakeScore":64,"restfulnessScore":57,"feedback":"NEGATIVE_LONG_BUT_RESTLESS","insight":"NONE"}},{"sleepStartTimestampGMT":"2022-01-26T21:01:00.0","sleepEndTimestampGMT":"2022-01-27T05:56:00.0","calendarDate":"2022-01-27","sleepWindowConfirmationType":"ENHANCED_CONFIRMED_FINAL","deepSleepSeconds":0,"lightSleepSeconds":24060,"remSleepSeconds":5040,"awakeSleepSeconds":3000,"unmeasurableSeconds":0,"spo2SleepSummary":{"userProfilePk":87578117,"deviceId":3324959462,"sleepMeasurementStartGMT":"2022-01-26T21:02:00.0","sleepMeasurementEndGMT":"2022-01-27T05:56:00.0","averageSPO2":97.0,"averageHR":50.0,"lowestSPO2":81},"averageRespiration":15.0,"lowestRespiration":10.0,"highestRespiration":21.0,"retro":false,"awakeCount":4,"avgSleepStress":8.436105476673427,"sleepScores":{"overallScore":76,"qualityScore":66,"durationScore":100,"recoveryScore":100,"deepScore":0,"remScore":69,"lightScore":0,"awakeningsCountScore":40,"awakeTimeScore":50,"combinedAwakeScore":45,"restfulnessScore":0,"feedback":"NEGATIVE_LONG_BUT_LIGHT","insight":"NEGATIVE_LATE_STRENUOUS_EXERCISE"}},{"sleepStartTimestampGMT":"2022-01-27T21:15:00.0","sleepEndTimestampGMT":"2022-01-28T03:47:00.0","calendarDate":"2022-01-28","sleepWindowConfirmationType":"ENHANCED_CONFIRMED_FINAL","deepSleepSeconds":840,"lightSleepSeconds":11520,"remSleepSeconds":2700,"awakeSleepSeconds":8460,"unmeasurableSeconds":0,"spo2SleepSummary":{"userProfilePk":87578117,"deviceId":3324959462,"sleepMeasurementStartGMT":"2022-01-27T21:16:00.0","sleepMeasurementEndGMT":"2022-01-28T03:47:00.0","averageSPO2":97.0,"averageHR":50.0,"lowestSPO2":87},"averageRespiration":14.0,"lowestRespiration":11.0,"highestRespiration":19.0,"retro":false,"awakeCount":4,"avgSleepStress":11.640211640211641,"sleepScores":{"overallScore":23,"qualityScore":58,"durationScore":37,"recoveryScore":92,"deepScore":8,"remScore":71,"lightScore":28,"awakeningsCountScore":40,"awakeTimeScore":0,"combinedAwakeScore":20,"restfulnessScore":0,"feedback":"NEGATIVE_SHORT_AND_POOR_QUALITY","insight":"NONE"}},{"sleepStartTimestampGMT":"2022-01-28T21:02:00.0","sleepEndTimestampGMT":"2022-01-29T04:37:00.0","calendarDate":"2022-01-29","sleepWindowConfirmationType":"ENHANCED_CONFIRMED_FINAL","deepSleepSeconds":7380,"lightSleepSeconds":16140,"remSleepSeconds":3780,"awakeSleepSeconds":0,"unmeasurableSeconds":0,"spo2SleepSummary":{"userProfilePk":87578117,"deviceId":3324959462,"sleepMeasurementStartGMT":"2022-01-28T21:03:00.0","sleepMeasurementEndGMT":"2022-01-29T04:35:00.0","averageSPO2":96.0,"averageHR":43.0,"lowestSPO2":84},"averageRespiration":16.0,"lowestRespiration":12.0,"highestRespiration":25.0,"retro":false,"awakeCount":0,"avgSleepStress":8.257534246575343,"sleepScores":{"overallScore":90,"qualityScore":89,"durationScore":92,"recoveryScore":100,"deepScore":100,"remScore":51,"lightScore":90,"awakeningsCountScore":100,"awakeTimeScore":100,"combinedAwakeScore":100,"restfulnessScore":35,"feedback":"POSITIVE_LONG_AND_RECOVERING","insight":"NONE"}},{"sleepStartTimestampGMT":"2022-01-29T21:47:00.0","sleepEndTimestampGMT":"2022-01-30T05:06:00.0","calendarDate":"2022-01-30","sleepWindowConfirmationType":"ENHANCED_CONFIRMED_FINAL","deepSleepSeconds":0,"lightSleepSeconds":12060,"remSleepSeconds":13800,"awakeSleepSeconds":480,"unmeasurableSeconds":0,"spo2SleepSummary":{"userProfilePk":87578117,"deviceId":3324959462,"sleepMeasurementStartGMT":"2022-01-29T21:48:00.0","sleepMeasurementEndGMT":"2022-01-30T05:05:00.0","averageSPO2":95.0,"averageHR":59.0,"lowestSPO2":87},"averageRespiration":15.0,"lowestRespiration":12.0,"highestRespiration":20.0,"retro":false,"awakeCount":1,"avgSleepStress":27.759090909090908,"sleepScores":{"overallScore":62,"qualityScore":50,"durationScore":81,"recoveryScore":49,"deepScore":0,"remScore":0,"lightScore":100,"awakeningsCountScore":87,"awakeTimeScore":96,"combinedAwakeScore":91,"restfulnessScore":71,"feedback":"NEGATIVE_LONG_BUT_POOR_QUALITY","insight":"NEGATIVE_STRESSFUL_DAY"}},{"sleepStartTimestampGMT":"2022-01-30T20:57:00.0","sleepEndTimestampGMT":"2022-01-31T05:01:00.0","calendarDate":"2022-01-31","sleepWindowConfirmationType":"ENHANCED_CONFIRMED_FINAL","deepSleepSeconds":1380,"lightSleepSeconds":22740,"remSleepSeconds":3660,"awakeSleepSeconds":0,"unmeasurableSeconds":1260,"spo2SleepSummary":{"userProfilePk":87578117,"deviceId":3324959462,"sleepMeasurementStartGMT":"2022-01-30T21:00:00.0","sleepMeasurementEndGMT":"2022-01-31T05:01:00.0","averageSPO2":96.0,"averageHR":46.0,"lowestSPO2":88},"averageRespiration":15.0,"lowestRespiration":10.0,"highestRespiration":22.0,"retro":false,"awakeCount":0,"avgSleepStress":5.7018779342723,"sleepScores":{"overallScore":85,"qualityScore":80,"durationScore":95,"recoveryScore":100,"deepScore":0,"remScore":42,"lightScore":0,"awakeningsCountScore":100,"awakeTimeScore":100,"combinedAwakeScore":100,"restfulnessScore":61,"feedback":"POSITIVE_LONG_AND_RECOVERING","insight":"NONE"}},{"sleepStartTimestampGMT":"2022-01-31T21:29:00.0","sleepEndTimestampGMT":"2022-02-01T03:39:00.0","calendarDate":"2022-02-01","sleepWindowConfirmationType":"ENHANCED_CONFIRMED_FINAL","deepSleepSeconds":1980,"lightSleepSeconds":12420,"remSleepSeconds":6780,"awakeSleepSeconds":1020,"unmeasurableSeconds":0,"spo2SleepSummary":{"userProfilePk":87578117,"deviceId":3324959462,"sleepMeasurementStartGMT":"2022-01-31T21:30:00.0","sleepMeasurementEndGMT":"2022-02-01T03:39:00.0","averageSPO2":95.0,"averageHR":56.0,"lowestSPO2":82},"averageRespiration":14.0,"lowestRespiration":10.0,"highestRespiration":20.0,"retro":false,"awakeCount":1,"avgSleepStress":24.61864406779661,"sleepScores":{"overallScore":47,"qualityScore":48,"durationScore":64,"recoveryScore":40,"deepScore":58,"remScore":75,"lightScore":92,"awakeningsCountScore":87,"awakeTimeScore":84,"combinedAwakeScore":85,"restfulnessScore":0,"feedback":"NEGATIVE_POOR_STRUCTURE","insight":"NEGATIVE_STRESSFUL_DAY"}},{"sleepStartTimestampGMT":"2022-02-01T21:24:00.0","sleepEndTimestampGMT":"2022-02-02T04:34:00.0","calendarDate":"2022-02-02","sleepWindowConfirmationType":"ENHANCED_CONFIRMED_FINAL","deepSleepSeconds":7140,"lightSleepSeconds":15960,"remSleepSeconds":2340,"awakeSleepSeconds":360,"unmeasurableSeconds":0,"spo2SleepSummary":{"userProfilePk":87578117,"deviceId":3324959462,"sleepMeasurementStartGMT":"2022-02-01T21:25:00.0","sleepMeasurementEndGMT":"2022-02-02T04:30:00.0","averageSPO2":97.0,"averageHR":59.0,"lowestSPO2":93},"averageRespiration":14.0,"lowestRespiration":9.0,"highestRespiration":17.0,"retro":false,"awakeCount":1,"avgSleepStress":27.317865429234338,"sleepScores":{"overallScore":55,"qualityScore":41,"durationScore":79,"recoveryScore":26,"deepScore":100,"remScore":0,"lightScore":80,"awakeningsCountScore":87,"awakeTimeScore":99,"combinedAwakeScore":93,"restfulnessScore":77,"feedback":"NEGATIVE_POOR_STRUCTURE","insight":"NEGATIVE_STRESSFUL_DAY"}},{"sleepStartTimestampGMT":"2022-02-02T21:18:00.0","sleepEndTimestampGMT":"2022-02-03T04:33:00.0","calendarDate":"2022-02-03","sleepWindowConfirmationType":"ENHANCED_CONFIRMED_FINAL","deepSleepSeconds":5820,"lightSleepSeconds":13860,"remSleepSeconds":6420,"awakeSleepSeconds":0,"unmeasurableSeconds":0,"spo2SleepSummary":{"userProfilePk":87578117,"deviceId":3324959462,"sleepMeasurementStartGMT":"2022-02-02T21:19:00.0","sleepMeasurementEndGMT":"2022-02-03T04:31:00.0","averageSPO2":97.0,"averageHR":62.0,"lowestSPO2":91},"averageRespiration":15.0,"lowestRespiration":11.0,"highestRespiration":17.0,"retro":false,"awakeCount":0,"avgSleepStress":25.6875,"sleepScores":{"overallScore":69,"qualityScore":63,"durationScore":83,"recoveryScore":44,"deepScore":100,"remScore":100,"lightScore":100,"awakeningsCountScore":100,"awakeTimeScore":100,"combinedAwakeScore":100,"restfulnessScore":72,"feedback":"POSITIVE_LONG_AND_REFRESHING","insight":"POSITIVE_EXERCISE"}},{"sleepStartTimestampGMT":"2022-02-03T22:20:00.0","sleepEndTimestampGMT":"2022-02-04T04:33:00.0","calendarDate":"2022-02-04","sleepWindowConfirmationType":"ENHANCED_CONFIRMED_FINAL","deepSleepSeconds":4800,"lightSleepSeconds":12540,"remSleepSeconds":5040,"awakeSleepSeconds":0,"unmeasurableSeconds":0,"spo2SleepSummary":{"userProfilePk":87578117,"deviceId":3324959462,"sleepMeasurementStartGMT":"2022-02-03T22:21:00.0","sleepMeasurementEndGMT":"2022-02-04T04:20:00.0","averageSPO2":95.0,"averageHR":59.0,"lowestSPO2":86},"averageRespiration":15.0,"lowestRespiration":12.0,"highestRespiration":18.0,"retro":false,"awakeCount":0,"avgSleepStress":21.23268698060942,"sleepScores":{"overallScore":76,"qualityScore":79,"durationScore":69,"recoveryScore":64,"deepScore":100,"remScore":93,"lightScore":100,"awakeningsCountScore":100,"awakeTimeScore":100,"combinedAwakeScore":100,"restfulnessScore":76,"feedback":"POSITIVE_REFRESHING","insight":"NONE"}},{"sleepStartTimestampGMT":"2022-02-05T00:07:00.0","sleepEndTimestampGMT":"2022-02-05T06:00:00.0","calendarDate":"2022-02-05","sleepWindowConfirmationType":"ENHANCED_CONFIRMED_FINAL","deepSleepSeconds":1920,"lightSleepSeconds":19260,"awakeSleepSeconds":0,"unmeasurableSeconds":0,"spo2SleepSummary":{"userProfilePk":87578117,"deviceId":3324959462,"sleepMeasurementStartGMT":"2022-02-05T00:08:00.0","sleepMeasurementEndGMT":"2022-02-05T05:56:00.0","averageSPO2":95.0,"averageHR":54.0,"lowestSPO2":85},"averageRespiration":15.0,"lowestRespiration":12.0,"highestRespiration":22.0,"retro":false,"awakeCount":0,"avgSleepStress":9.581196581196581,"sleepScores":{"overallScore":76,"qualityScore":83,"durationScore":64,"recoveryScore":99,"deepScore":54,"remScore":0,"lightScore":0,"awakeningsCountScore":100,"awakeTimeScore":100,"combinedAwakeScore":100,"restfulnessScore":78,"feedback":"POSITIVE_RECOVERING","insight":"NONE"}},{"sleepStartTimestampGMT":"2022-02-05T22:43:00.0","sleepEndTimestampGMT":"2022-02-06T05:42:00.0","calendarDate":"2022-02-06","sleepWindowConfirmationType":"ENHANCED_CONFIRMED_FINAL","deepSleepSeconds":660,"lightSleepSeconds":18960,"remSleepSeconds":3780,"awakeSleepSeconds":900,"unmeasurableSeconds":840,"spo2SleepSummary":{"userProfilePk":87578117,"deviceId":3324959462,"sleepMeasurementStartGMT":"2022-02-05T22:46:00.0","sleepMeasurementEndGMT":"2022-02-05T23:46:00.0","averageSPO2":97.0,"averageHR":53.0,"lowestSPO2":95},"averageRespiration":15.0,"lowestRespiration":10.0,"highestRespiration":21.0,"retro":false,"awakeCount":1,"avgSleepStress":14.124069478908188,"sleepScores":{"overallScore":69,"qualityScore":67,"durationScore":72,"recoveryScore":85,"deepScore":0,"remScore":66,"lightScore":0,"awakeningsCountScore":87,"awakeTimeScore":87,"combinedAwakeScore":87,"restfulnessScore":0,"feedback":"NEGATIVE_LIGHT","insight":"NONE"}},{"sleepStartTimestampGMT":"2022-02-06T21:05:00.0","sleepEndTimestampGMT":"2022-02-07T05:10:00.0","calendarDate":"2022-02-07","sleepWindowConfirmationType":"ENHANCED_CONFIRMED_FINAL","deepSleepSeconds":2580,"lightSleepSeconds":24720,"remSleepSeconds":420,"awakeSleepSeconds":1380,"unmeasurableSeconds":0,"spo2SleepSummary":{"userProfilePk":87578117,"deviceId":3324959462,"sleepMeasurementStartGMT":"2022-02-06T21:06:00.0","sleepMeasurementEndGMT":"2022-02-07T05:06:00.0","averageSPO2":96.0,"averageHR":45.0,"lowestSPO2":87},"averageRespiration":14.0,"lowestRespiration":11.0,"highestRespiration":17.0,"retro":false,"awakeCount":1,"avgSleepStress":6.687344913151365,"sleepScores":{"overallScore":85,"qualityScore":80,"durationScore":95,"recoveryScore":100,"deepScore":57,"remScore":0,"lightScore":0,"awakeningsCountScore":87,"awakeTimeScore":77,"combinedAwakeScore":82,"restfulnessScore":76,"feedback":"POSITIVE_LONG_AND_RECOVERING","insight":"POSITIVE_EXERCISE"}},{"sleepStartTimestampGMT":"2022-02-07T21:15:00.0","sleepEndTimestampGMT":"2022-02-08T01:58:00.0","calendarDate":"2022-02-08","sleepWindowConfirmationType":"ENHANCED_CONFIRMED_FINAL","deepSleepSeconds":1380,"lightSleepSeconds":9180,"remSleepSeconds":6300,"awakeSleepSeconds":120,"unmeasurableSeconds":0,"spo2SleepSummary":{"userProfilePk":87578117,"deviceId":3324959462,"sleepMeasurementStartGMT":"2022-02-07T21:16:00.0","sleepMeasurementEndGMT":"2022-02-08T01:58:00.0","averageSPO2":95.0,"averageHR":56.0,"lowestSPO2":87},"averageRespiration":15.0,"lowestRespiration":12.0,"highestRespiration":20.0,"retro":false,"awakeCount":0,"avgSleepStress":23.134328358208954,"sleepScores":{"overallScore":45,"qualityScore":68,"durationScore":46,"recoveryScore":61,"deepScore":43,"remScore":48,"lightScore":100,"awakeningsCountScore":100,"awakeTimeScore":100,"combinedAwakeScore":100,"restfulnessScore":88,"feedback":"NEGATIVE_SHORT_AND_POOR_STRUCTURE","insight":"NONE"}},{"sleepStartTimestampGMT":"2022-02-08T21:17:00.0","sleepEndTimestampGMT":"2022-02-09T05:06:00.0","calendarDate":"2022-02-09","sleepWindowConfirmationType":"ENHANCED_CONFIRMED_FINAL","deepSleepSeconds":1560,"lightSleepSeconds":19440,"remSleepSeconds":6300,"awakeSleepSeconds":180,"unmeasurableSeconds":660,"spo2SleepSummary":{"userProfilePk":87578117,"deviceId":3324959462,"sleepMeasurementStartGMT":"2022-02-08T21:18:00.0","sleepMeasurementEndGMT":"2022-02-09T05:06:00.0","averageSPO2":95.0,"averageHR":57.0,"lowestSPO2":71},"averageRespiration":15.0,"lowestRespiration":11.0,"highestRespiration":18.0,"retro":false,"awakeCount":0,"avgSleepStress":25.736842105263158,"sleepScores":{"overallScore":62,"qualityScore":44,"durationScore":92,"recoveryScore":29,"deepScore":9,"remScore":97,"lightScore":63,"awakeningsCountScore":100,"awakeTimeScore":100,"combinedAwakeScore":100,"restfulnessScore":67,"feedback":"NEGATIVE_LONG_BUT_POOR_QUALITY","insight":"NEGATIVE_HIGHLY_STRESSFUL_DAY"}},{"sleepStartTimestampGMT":"2022-02-09T22:14:00.0","sleepEndTimestampGMT":"2022-02-10T04:10:00.0","calendarDate":"2022-02-10","sleepWindowConfirmationType":"ENHANCED_CONFIRMED_FINAL","deepSleepSeconds":780,"lightSleepSeconds":11340,"remSleepSeconds":2340,"awakeSleepSeconds":6900,"unmeasurableSeconds":0,"spo2SleepSummary":{"userProfilePk":87578117,"deviceId":3324959462,"sleepMeasurementStartGMT":"2022-02-09T22:15:00.0","sleepMeasurementEndGMT":"2022-02-10T04:10:00.0","averageSPO2":96.0,"averageHR":62.0,"lowestSPO2":86},"averageRespiration":14.0,"lowestRespiration":10.0,"highestRespiration":19.0,"retro":false,"awakeCount":3,"avgSleepStress":27.208333333333332,"sleepScores":{"overallScore":10,"qualityScore":35,"durationScore":34,"recoveryScore":39,"deepScore":5,"remScore":66,"lightScore":13,"awakeningsCountScore":65,"awakeTimeScore":0,"combinedAwakeScore":32,"restfulnessScore":0,"feedback":"NEGATIVE_SHORT_AND_POOR_QUALITY","insight":"NONE"}},{"sleepStartTimestampGMT":"2022-02-10T20:30:00.0","sleepEndTimestampGMT":"2022-02-11T05:30:00.0","calendarDate":"2022-02-11","sleepWindowConfirmationType":"ENHANCED_CONFIRMED_FINAL","deepSleepSeconds":1800,"lightSleepSeconds":19500,"remSleepSeconds":11100,"awakeSleepSeconds":0,"unmeasurableSeconds":0,"spo2SleepSummary":{"userProfilePk":87578117,"deviceId":3324959462,"sleepMeasurementStartGMT":"2022-02-10T20:31:00.0","sleepMeasurementEndGMT":"2022-02-11T05:30:00.0","averageSPO2":95.0,"averageHR":56.0,"lowestSPO2":84},"averageRespiration":15.0,"lowestRespiration":9.0,"highestRespiration":20.0,"retro":false,"awakeCount":0,"avgSleepStress":19.50857142857143,"sleepScores":{"overallScore":80,"qualityScore":72,"durationScore":100,"recoveryScore":71,"deepScore":7,"remScore":67,"lightScore":87,"awakeningsCountScore":100,"awakeTimeScore":100,"combinedAwakeScore":100,"restfulnessScore":91,"feedback":"POSITIVE_LONG_AND_CONTINUOUS","insight":"POSITIVE_EXERCISE"}},{"sleepStartTimestampGMT":"2022-02-11T21:36:00.0","sleepEndTimestampGMT":"2022-02-12T04:31:00.0","calendarDate":"2022-02-12","sleepWindowConfirmationType":"ENHANCED_CONFIRMED_FINAL","deepSleepSeconds":600,"lightSleepSeconds":21120,"remSleepSeconds":3120,"awakeSleepSeconds":60,"unmeasurableSeconds":0,"spo2SleepSummary":{"userProfilePk":87578117,"deviceId":3324959462,"sleepMeasurementStartGMT":"2022-02-11T21:37:00.0","sleepMeasurementEndGMT":"2022-02-12T04:30:00.0","averageSPO2":95.0,"averageHR":55.0,"lowestSPO2":83},"averageRespiration":14.0,"lowestRespiration":11.0,"highestRespiration":18.0,"retro":false,"awakeCount":0,"avgSleepStress":17.5,"sleepScores":{"overallScore":71,"qualityScore":67,"durationScore":77,"recoveryScore":73,"deepScore":0,"remScore":34,"lightScore":0,"awakeningsCountScore":100,"awakeTimeScore":100,"combinedAwakeScore":100,"restfulnessScore":67,"feedback":"NEGATIVE_LIGHT","insight":"NONE"}},{"sleepStartTimestampGMT":"2022-02-12T21:15:00.0","sleepEndTimestampGMT":"2022-02-13T06:03:00.0","calendarDate":"2022-02-13","sleepWindowConfirmationType":"ENHANCED_CONFIRMED_FINAL","deepSleepSeconds":0,"lightSleepSeconds":27600,"remSleepSeconds":3180,"awakeSleepSeconds":900,"unmeasurableSeconds":0,"spo2SleepSummary":{"userProfilePk":87578117,"deviceId":3324959462,"sleepMeasurementStartGMT":"2022-02-12T21:16:00.0","sleepMeasurementEndGMT":"2022-02-13T06:00:00.0","averageSPO2":96.0,"averageHR":51.0,"lowestSPO2":86},"averageRespiration":14.0,"lowestRespiration":9.0,"highestRespiration":19.0,"retro":false,"awakeCount":1,"avgSleepStress":6.573529411764706,"sleepScores":{"overallScore":81,"qualityScore":73,"durationScore":100,"recoveryScore":100,"deepScore":0,"remScore":4,"lightScore":0,"awakeningsCountScore":87,"awakeTimeScore":87,"combinedAwakeScore":87,"restfulnessScore":50,"feedback":"NEGATIVE_LONG_BUT_LIGHT","insight":"NEGATIVE_VERY_STRENUOUS_EXERCISE"}},{"sleepStartTimestampGMT":"2022-02-13T22:08:00.0","sleepEndTimestampGMT":"2022-02-14T06:38:00.0","calendarDate":"2022-02-14","sleepWindowConfirmationType":"ENHANCED_CONFIRMED_FINAL","deepSleepSeconds":5040,"lightSleepSeconds":22320,"remSleepSeconds":1800,"awakeSleepSeconds":1440,"unmeasurableSeconds":0,"spo2SleepSummary":{"userProfilePk":87578117,"deviceId":3324959462,"sleepMeasurementStartGMT":"2022-02-13T22:09:00.0","sleepMeasurementEndGMT":"2022-02-14T06:35:00.0","averageSPO2":95.0,"averageHR":46.0,"lowestSPO2":90},"averageRespiration":14.0,"lowestRespiration":11.0,"highestRespiration":18.0,"retro":false,"awakeCount":2,"avgSleepStress":9.708860759493671,"sleepScores":{"overallScore":83,"qualityScore":76,"durationScore":100,"recoveryScore":100,"deepScore":89,"remScore":0,"lightScore":28,"awakeningsCountScore":75,"awakeTimeScore":76,"combinedAwakeScore":75,"restfulnessScore":16,"feedback":"NEGATIVE_LONG_BUT_NOT_REFRESHING","insight":"NONE"}},{"sleepStartTimestampGMT":"2022-02-14T21:04:00.0","sleepEndTimestampGMT":"2022-02-15T06:16:00.0","calendarDate":"2022-02-15","sleepWindowConfirmationType":"ENHANCED_CONFIRMED_FINAL","deepSleepSeconds":0,"lightSleepSeconds":23880,"remSleepSeconds":7140,"awakeSleepSeconds":2100,"unmeasurableSeconds":0,"spo2SleepSummary":{"userProfilePk":87578117,"deviceId":3324959462,"sleepMeasurementStartGMT":"2022-02-14T21:05:00.0","sleepMeasurementEndGMT":"2022-02-15T06:15:00.0","averageSPO2":95.0,"averageHR":52.0,"lowestSPO2":86},"averageRespiration":14.0,"lowestRespiration":10.0,"highestRespiration":21.0,"retro":false,"awakeCount":2,"avgSleepStress":15.38030888030888,"sleepScores":{"overallScore":76,"qualityScore":67,"durationScore":100,"recoveryScore":82,"deepScore":0,"remScore":97,"lightScore":24,"awakeningsCountScore":75,"awakeTimeScore":65,"combinedAwakeScore":70,"restfulnessScore":21,"feedback":"NEGATIVE_LONG_BUT_LIGHT","insight":"NEGATIVE_STRENUOUS_EXERCISE"}},{"sleepStartTimestampGMT":"2022-02-15T20:49:00.0","sleepEndTimestampGMT":"2022-02-16T01:47:00.0","calendarDate":"2022-02-16","sleepWindowConfirmationType":"ENHANCED_CONFIRMED_FINAL","deepSleepSeconds":0,"lightSleepSeconds":15060,"remSleepSeconds":960,"awakeSleepSeconds":1140,"unmeasurableSeconds":720,"spo2SleepSummary":{"userProfilePk":87578117,"deviceId":3324959462,"sleepMeasurementStartGMT":"2022-02-15T20:50:00.0","sleepMeasurementEndGMT":"2022-02-16T01:47:00.0","averageSPO2":96.0,"averageHR":53.0,"lowestSPO2":88},"averageRespiration":15.0,"lowestRespiration":9.0,"highestRespiration":21.0,"retro":false,"awakeCount":2,"avgSleepStress":14.47841726618705,"sleepScores":{"overallScore":29,"qualityScore":60,"durationScore":42,"recoveryScore":82,"deepScore":0,"remScore":0,"lightScore":0,"awakeningsCountScore":75,"awakeTimeScore":81,"combinedAwakeScore":78,"restfulnessScore":35,"feedback":"NEGATIVE_SHORT_AND_POOR_STRUCTURE","insight":"NONE"}},{"sleepStartTimestampGMT":"2022-02-16T21:30:00.0","sleepEndTimestampGMT":"2022-02-17T05:19:00.0","calendarDate":"2022-02-17","sleepWindowConfirmationType":"ENHANCED_CONFIRMED_FINAL","deepSleepSeconds":0,"lightSleepSeconds":21120,"remSleepSeconds":5820,"awakeSleepSeconds":0,"unmeasurableSeconds":1200,"spo2SleepSummary":{"userProfilePk":87578117,"deviceId":3324959462,"sleepMeasurementStartGMT":"2022-02-16T21:31:00.0","sleepMeasurementEndGMT":"2022-02-17T05:16:00.0","averageSPO2":95.0,"averageHR":52.0,"lowestSPO2":88},"averageRespiration":16.0,"lowestRespiration":12.0,"highestRespiration":21.0,"retro":false,"awakeCount":0,"avgSleepStress":13.944572748267898,"sleepScores":{"overallScore":82,"qualityScore":78,"durationScore":89,"recoveryScore":82,"deepScore":0,"remScore":87,"lightScore":13,"awakeningsCountScore":100,"awakeTimeScore":100,"combinedAwakeScore":100,"restfulnessScore":79,"feedback":"POSITIVE_LONG_AND_CONTINUOUS","insight":"NONE"}},{"sleepStartTimestampGMT":"2022-02-17T22:24:00.0","sleepEndTimestampGMT":"2022-02-18T05:38:00.0","calendarDate":"2022-02-18","sleepWindowConfirmationType":"ENHANCED_CONFIRMED_FINAL","deepSleepSeconds":2400,"lightSleepSeconds":16860,"remSleepSeconds":2340,"awakeSleepSeconds":3720,"unmeasurableSeconds":720,"spo2SleepSummary":{"userProfilePk":87578117,"deviceId":3324959462,"sleepMeasurementStartGMT":"2022-02-17T22:25:00.0","sleepMeasurementEndGMT":"2022-02-18T05:35:00.0","averageSPO2":95.0,"averageHR":52.0,"lowestSPO2":81},"averageRespiration":15.0,"lowestRespiration":10.0,"highestRespiration":20.0,"retro":false,"awakeCount":3,"avgSleepStress":11.785326086956522,"sleepScores":{"overallScore":65,"qualityScore":65,"durationScore":66,"recoveryScore":94,"deepScore":65,"remScore":11,"lightScore":16,"awakeningsCountScore":65,"awakeTimeScore":38,"combinedAwakeScore":51,"restfulnessScore":0,"feedback":"NEGATIVE_RESTLESS","insight":"NONE"}},{"sleepStartTimestampGMT":"2022-02-18T21:39:00.0","sleepEndTimestampGMT":"2022-02-19T05:22:00.0","calendarDate":"2022-02-19","sleepWindowConfirmationType":"ENHANCED_CONFIRMED_FINAL","deepSleepSeconds":1140,"lightSleepSeconds":21960,"remSleepSeconds":4200,"awakeSleepSeconds":480,"unmeasurableSeconds":0,"spo2SleepSummary":{"userProfilePk":87578117,"deviceId":3324959462,"sleepMeasurementStartGMT":"2022-02-18T21:42:00.0","sleepMeasurementEndGMT":"2022-02-19T05:21:00.0","averageSPO2":95.0,"averageHR":54.0,"lowestSPO2":88},"averageRespiration":16.0,"lowestRespiration":12.0,"highestRespiration":22.0,"retro":false,"awakeCount":1,"avgSleepStress":15.115812917594655,"sleepScores":{"overallScore":73,"qualityScore":65,"durationScore":92,"recoveryScore":81,"deepScore":0,"remScore":63,"lightScore":0,"awakeningsCountScore":87,"awakeTimeScore":96,"combinedAwakeScore":91,"restfulnessScore":0,"feedback":"NEGATIVE_LONG_BUT_LIGHT","insight":"NONE"}},{"sleepStartTimestampGMT":"2022-02-19T22:10:00.0","sleepEndTimestampGMT":"2022-02-20T06:40:00.0","calendarDate":"2022-02-20","sleepWindowConfirmationType":"ENHANCED_CONFIRMED_FINAL","deepSleepSeconds":2520,"lightSleepSeconds":24360,"remSleepSeconds":3180,"awakeSleepSeconds":540,"unmeasurableSeconds":0,"spo2SleepSummary":{"userProfilePk":87578117,"deviceId":3324959462,"sleepMeasurementStartGMT":"2022-02-19T22:11:00.0","sleepMeasurementEndGMT":"2022-02-20T06:36:00.0","averageSPO2":95.0,"averageHR":51.0,"lowestSPO2":87},"averageRespiration":15.0,"lowestRespiration":12.0,"highestRespiration":23.0,"retro":false,"awakeCount":1,"avgSleepStress":11.41351888667992,"sleepScores":{"overallScore":81,"qualityScore":73,"durationScore":100,"recoveryScore":92,"deepScore":45,"remScore":8,"lightScore":0,"awakeningsCountScore":87,"awakeTimeScore":95,"combinedAwakeScore":91,"restfulnessScore":34,"feedback":"NEGATIVE_LONG_BUT_NOT_REFRESHING","insight":"NONE"}},{"sleepStartTimestampGMT":"2022-02-20T21:19:00.0","sleepEndTimestampGMT":"2022-02-21T05:51:00.0","calendarDate":"2022-02-21","sleepWindowConfirmationType":"ENHANCED_CONFIRMED_FINAL","deepSleepSeconds":3180,"lightSleepSeconds":20820,"remSleepSeconds":6540,"awakeSleepSeconds":180,"unmeasurableSeconds":0,"spo2SleepSummary":{"userProfilePk":87578117,"deviceId":3324959462,"sleepMeasurementStartGMT":"2022-02-20T21:20:00.0","sleepMeasurementEndGMT":"2022-02-21T05:50:00.0","averageSPO2":96.0,"averageHR":51.0,"lowestSPO2":86},"averageRespiration":15.0,"lowestRespiration":11.0,"highestRespiration":20.0,"retro":false,"awakeCount":0,"avgSleepStress":10.438735177865613,"sleepScores":{"overallScore":94,"qualityScore":91,"durationScore":100,"recoveryScore":97,"deepScore":63,"remScore":86,"lightScore":69,"awakeningsCountScore":100,"awakeTimeScore":100,"combinedAwakeScore":100,"restfulnessScore":79,"feedback":"POSITIVE_OPTIMAL_STRUCTURE","insight":"NONE"}},{"sleepStartTimestampGMT":"2022-02-22T21:34:00.0","sleepEndTimestampGMT":"2022-02-23T04:50:00.0","calendarDate":"2022-02-23","sleepWindowConfirmationType":"ENHANCED_CONFIRMED_FINAL","deepSleepSeconds":3540,"lightSleepSeconds":19560,"remSleepSeconds":1860,"awakeSleepSeconds":1200,"unmeasurableSeconds":0,"spo2SleepSummary":{"userProfilePk":87578117,"deviceId":3324959462,"sleepMeasurementStartGMT":"2022-02-22T21:35:00.0","sleepMeasurementEndGMT":"2022-02-23T04:50:00.0","averageSPO2":97.0,"averageHR":58.0,"lowestSPO2":90},"averageRespiration":15.0,"lowestRespiration":11.0,"highestRespiration":21.0,"retro":false,"awakeCount":1,"avgSleepStress":19.064343163538872,"sleepScores":{"overallScore":70,"qualityScore":66,"durationScore":78,"recoveryScore":78,"deepScore":76,"remScore":0,"lightScore":13,"awakeningsCountScore":87,"awakeTimeScore":80,"combinedAwakeScore":83,"restfulnessScore":27,"feedback":"NEGATIVE_NOT_REFRESHING","insight":"NONE"}},{"sleepStartTimestampGMT":"2022-02-23T21:32:00.0","sleepEndTimestampGMT":"2022-02-24T05:45:00.0","calendarDate":"2022-02-24","sleepWindowConfirmationType":"ENHANCED_CONFIRMED_FINAL","deepSleepSeconds":2040,"lightSleepSeconds":22320,"remSleepSeconds":5220,"awakeSleepSeconds":0,"unmeasurableSeconds":0,"spo2SleepSummary":{"userProfilePk":87578117,"deviceId":3324959462,"sleepMeasurementStartGMT":"2022-02-23T21:33:00.0","sleepMeasurementEndGMT":"2022-02-24T05:45:00.0","averageSPO2":96.0,"averageHR":49.0,"lowestSPO2":90},"averageRespiration":15.0,"lowestRespiration":8.0,"highestRespiration":21.0,"retro":false,"awakeCount":0,"avgSleepStress":9.65235173824131,"sleepScores":{"overallScore":89,"qualityScore":84,"durationScore":100,"recoveryScore":97,"deepScore":25,"remScore":71,"lightScore":36,"awakeningsCountScore":100,"awakeTimeScore":100,"combinedAwakeScore":100,"restfulnessScore":62,"feedback":"POSITIVE_LONG_AND_CONTINUOUS","insight":"NONE"}},{"sleepStartTimestampGMT":"2022-02-24T21:40:00.0","sleepEndTimestampGMT":"2022-02-25T05:52:00.0","calendarDate":"2022-02-25","sleepWindowConfirmationType":"ENHANCED_CONFIRMED_FINAL","deepSleepSeconds":2040,"lightSleepSeconds":20040,"remSleepSeconds":6840,"awakeSleepSeconds":600,"unmeasurableSeconds":0,"spo2SleepSummary":{"userProfilePk":87578117,"deviceId":3324959462,"sleepMeasurementStartGMT":"2022-02-24T21:41:00.0","sleepMeasurementEndGMT":"2022-02-25T05:50:00.0","averageSPO2":94.0,"averageHR":53.0,"lowestSPO2":82},"averageRespiration":15.0,"lowestRespiration":12.0,"highestRespiration":19.0,"retro":false,"awakeCount":1,"avgSleepStress":15.16326530612245,"sleepScores":{"overallScore":79,"qualityScore":70,"durationScore":100,"recoveryScore":79,"deepScore":27,"remScore":100,"lightScore":66,"awakeningsCountScore":87,"awakeTimeScore":93,"combinedAwakeScore":90,"restfulnessScore":0,"feedback":"NEGATIVE_LONG_BUT_RESTLESS","insight":"NONE"}},{"sleepStartTimestampGMT":"2022-02-25T23:04:00.0","sleepEndTimestampGMT":"2022-02-26T05:49:00.0","calendarDate":"2022-02-26","sleepWindowConfirmationType":"ENHANCED_CONFIRMED_FINAL","deepSleepSeconds":1320,"lightSleepSeconds":15780,"remSleepSeconds":6780,"awakeSleepSeconds":420,"unmeasurableSeconds":0,"spo2SleepSummary":{"userProfilePk":87578117,"deviceId":3324959462,"sleepMeasurementStartGMT":"2022-02-25T23:05:00.0","sleepMeasurementEndGMT":"2022-02-26T05:46:00.0","averageSPO2":93.0,"averageHR":53.0,"lowestSPO2":76},"averageRespiration":16.0,"lowestRespiration":9.0,"highestRespiration":22.0,"retro":false,"awakeCount":1,"avgSleepStress":15.325699745547073,"sleepScores":{"overallScore":75,"qualityScore":75,"durationScore":74,"recoveryScore":79,"deepScore":7,"remScore":94,"lightScore":73,"awakeningsCountScore":87,"awakeTimeScore":97,"combinedAwakeScore":92,"restfulnessScore":65,"feedback":"POSITIVE_CONTINUOUS","insight":"POSITIVE_EXERCISE"}},{"sleepStartTimestampGMT":"2022-02-26T21:18:00.0","sleepEndTimestampGMT":"2022-02-27T06:09:00.0","calendarDate":"2022-02-27","sleepWindowConfirmationType":"ENHANCED_CONFIRMED_FINAL","deepSleepSeconds":1200,"lightSleepSeconds":23460,"remSleepSeconds":6000,"awakeSleepSeconds":1200,"unmeasurableSeconds":0,"spo2SleepSummary":{"userProfilePk":87578117,"deviceId":3324959462,"sleepMeasurementStartGMT":"2022-02-26T21:19:00.0","sleepMeasurementEndGMT":"2022-02-27T06:06:00.0","averageSPO2":94.0,"averageHR":54.0,"lowestSPO2":88},"averageRespiration":15.0,"lowestRespiration":12.0,"highestRespiration":22.0,"retro":false,"awakeCount":2,"avgSleepStress":14.582375478927203,"sleepScores":{"overallScore":79,"qualityScore":71,"durationScore":100,"recoveryScore":83,"deepScore":0,"remScore":77,"lightScore":28,"awakeningsCountScore":75,"awakeTimeScore":80,"combinedAwakeScore":77,"restfulnessScore":66,"feedback":"POSITIVE_LONG_AND_RECOVERING","insight":"NONE"}},{"sleepStartTimestampGMT":"2022-02-28T23:11:00.0","sleepEndTimestampGMT":"2022-03-01T04:50:00.0","calendarDate":"2022-03-01","sleepWindowConfirmationType":"ENHANCED_CONFIRMED_FINAL","deepSleepSeconds":2940,"lightSleepSeconds":15240,"remSleepSeconds":660,"awakeSleepSeconds":1500,"unmeasurableSeconds":0,"spo2SleepSummary":{"userProfilePk":87578117,"deviceId":3324959462,"sleepMeasurementStartGMT":"2022-02-28T23:12:00.0","sleepMeasurementEndGMT":"2022-03-01T04:46:00.0","averageSPO2":94.0,"averageHR":56.0,"lowestSPO2":86},"averageRespiration":16.0,"lowestRespiration":13.0,"highestRespiration":21.0,"retro":false,"awakeCount":2,"avgSleepStress":16.67207792207792,"sleepScores":{"overallScore":41,"qualityScore":60,"durationScore":55,"recoveryScore":74,"deepScore":81,"remScore":0,"lightScore":0,"awakeningsCountScore":75,"awakeTimeScore":75,"combinedAwakeScore":75,"restfulnessScore":0,"feedback":"NEGATIVE_SHORT_AND_POOR_STRUCTURE","insight":"NONE"}},{"sleepStartTimestampGMT":"2022-03-01T22:00:00.0","sleepEndTimestampGMT":"2022-03-02T05:26:00.0","calendarDate":"2022-03-02","sleepWindowConfirmationType":"ENHANCED_CONFIRMED_FINAL","deepSleepSeconds":1680,"lightSleepSeconds":19020,"remSleepSeconds":4140,"awakeSleepSeconds":1920,"unmeasurableSeconds":0,"spo2SleepSummary":{"userProfilePk":87578117,"deviceId":3324959462,"sleepMeasurementStartGMT":"2022-03-01T22:01:00.0","sleepMeasurementEndGMT":"2022-03-02T05:25:00.0","averageSPO2":96.0,"averageHR":53.0,"lowestSPO2":90},"averageRespiration":16.0,"lowestRespiration":11.0,"highestRespiration":21.0,"retro":false,"awakeCount":3,"avgSleepStress":12.437219730941704,"sleepScores":{"overallScore":75,"qualityScore":73,"durationScore":77,"recoveryScore":88,"deepScore":23,"remScore":67,"lightScore":27,"awakeningsCountScore":65,"awakeTimeScore":68,"combinedAwakeScore":66,"restfulnessScore":62,"feedback":"NEGATIVE_LIGHT","insight":"NONE"}},{"sleepStartTimestampGMT":"2022-03-03T00:03:00.0","sleepEndTimestampGMT":"2022-03-03T05:45:00.0","calendarDate":"2022-03-03","sleepWindowConfirmationType":"ENHANCED_CONFIRMED_FINAL","deepSleepSeconds":480,"lightSleepSeconds":15720,"remSleepSeconds":4320,"awakeSleepSeconds":0,"unmeasurableSeconds":0,"spo2SleepSummary":{"userProfilePk":87578117,"deviceId":3324959462,"sleepMeasurementStartGMT":"2022-03-03T00:04:00.0","sleepMeasurementEndGMT":"2022-03-03T05:41:00.0","averageSPO2":95.0,"averageHR":57.0,"lowestSPO2":89},"averageRespiration":14.0,"lowestRespiration":9.0,"highestRespiration":19.0,"retro":false,"awakeCount":0,"avgSleepStress":23.026239067055393,"sleepScores":{"overallScore":60,"qualityScore":62,"durationScore":62,"recoveryScore":61,"deepScore":0,"remScore":84,"lightScore":27,"awakeningsCountScore":100,"awakeTimeScore":100,"combinedAwakeScore":100,"restfulnessScore":32,"feedback":"NEGATIVE_LIGHT","insight":"NEGATIVE_LATE_BED_TIME"}},{"sleepStartTimestampGMT":"2022-03-03T21:18:00.0","sleepEndTimestampGMT":"2022-03-04T03:57:00.0","calendarDate":"2022-03-04","sleepWindowConfirmationType":"ENHANCED_CONFIRMED_FINAL","deepSleepSeconds":0,"lightSleepSeconds":20880,"remSleepSeconds":2280,"awakeSleepSeconds":780,"unmeasurableSeconds":0,"spo2SleepSummary":{"userProfilePk":87578117,"deviceId":3324959462,"sleepMeasurementStartGMT":"2022-03-03T21:38:00.0","sleepMeasurementEndGMT":"2022-03-04T03:57:00.0","averageSPO2":95.0,"averageHR":57.0,"lowestSPO2":89},"averageRespiration":15.0,"lowestRespiration":8.0,"highestRespiration":20.0,"retro":false,"awakeCount":2,"avgSleepStress":17.115,"sleepScores":{"overallScore":64,"qualityScore":60,"durationScore":71,"recoveryScore":74,"deepScore":0,"remScore":0,"lightScore":0,"awakeningsCountScore":75,"awakeTimeScore":89,"combinedAwakeScore":82,"restfulnessScore":65,"feedback":"NEGATIVE_LIGHT","insight":"NONE"}},{"sleepStartTimestampGMT":"2022-03-04T22:01:00.0","sleepEndTimestampGMT":"2022-03-05T05:52:00.0","calendarDate":"2022-03-05","sleepWindowConfirmationType":"ENHANCED_CONFIRMED_FINAL","deepSleepSeconds":1740,"lightSleepSeconds":24780,"remSleepSeconds":780,"awakeSleepSeconds":420,"unmeasurableSeconds":540,"averageRespiration":15.0,"lowestRespiration":11.0,"highestRespiration":21.0,"retro":false,"awakeCount":0,"avgSleepStress":11.36504424778761,"sleepScores":{"overallScore":80,"qualityScore":75,"durationScore":92,"recoveryScore":95,"deepScore":18,"remScore":0,"lightScore":0,"awakeningsCountScore":100,"awakeTimeScore":97,"combinedAwakeScore":98,"restfulnessScore":63,"feedback":"NEGATIVE_LONG_BUT_NOT_REFRESHING","insight":"NONE"}},{"sleepStartTimestampGMT":"2022-03-05T21:34:00.0","sleepEndTimestampGMT":"2022-03-06T05:17:00.0","calendarDate":"2022-03-06","sleepWindowConfirmationType":"ENHANCED_CONFIRMED_FINAL","deepSleepSeconds":1260,"lightSleepSeconds":24360,"remSleepSeconds":1500,"awakeSleepSeconds":300,"unmeasurableSeconds":360,"spo2SleepSummary":{"userProfilePk":87578117,"deviceId":3324959462,"sleepMeasurementStartGMT":"2022-03-05T21:35:00.0","sleepMeasurementEndGMT":"2022-03-06T05:15:00.0","averageSPO2":95.0,"averageHR":50.0,"lowestSPO2":88},"averageRespiration":16.0,"lowestRespiration":11.0,"highestRespiration":20.0,"retro":false,"awakeCount":0,"avgSleepStress":15.85754189944134,"sleepScores":{"overallScore":71,"qualityScore":63,"durationScore":90,"recoveryScore":76,"deepScore":0,"remScore":0,"lightScore":0,"awakeningsCountScore":100,"awakeTimeScore":100,"combinedAwakeScore":100,"restfulnessScore":48,"feedback":"NEGATIVE_LONG_BUT_LIGHT","insight":"NONE"}},{"sleepStartTimestampGMT":"2022-03-06T21:01:00.0","sleepEndTimestampGMT":"2022-03-07T05:05:00.0","calendarDate":"2022-03-07","sleepWindowConfirmationType":"ENHANCED_CONFIRMED_FINAL","deepSleepSeconds":1080,"lightSleepSeconds":21360,"remSleepSeconds":4680,"awakeSleepSeconds":1020,"unmeasurableSeconds":900,"spo2SleepSummary":{"userProfilePk":87578117,"deviceId":3324959462,"sleepMeasurementStartGMT":"2022-03-06T21:02:00.0","sleepMeasurementEndGMT":"2022-03-07T05:05:00.0","averageSPO2":96.0,"averageHR":50.0,"lowestSPO2":91},"averageRespiration":14.0,"lowestRespiration":9.0,"highestRespiration":20.0,"retro":false,"awakeCount":1,"avgSleepStress":7.543524416135881,"sleepScores":{"overallScore":79,"qualityScore":74,"durationScore":90,"recoveryScore":100,"deepScore":0,"remScore":69,"lightScore":10,"awakeningsCountScore":87,"awakeTimeScore":84,"combinedAwakeScore":85,"restfulnessScore":0,"feedback":"NEGATIVE_LONG_BUT_LIGHT","insight":"NEGATIVE_VERY_STRENUOUS_EXERCISE"}}]