[{"sleepStartTimestampGMT":"2021-10-15T20:27:00.0","sleepEndTimestampGMT":"2021-10-16T04:04:00.0","calendarDate":"2021-10-16","sleepWindowConfirmationType":"ENHANCED_CONFIRMED_FINAL","deepSleepSeconds":0,"lightSleepSeconds":22920,"remSleepSeconds":4080,"awakeSleepSeconds":420,"unmeasurableSeconds":0,"averageRespiration":15.0,"lowestRespiration":12.0,"highestRespiration":20.0,"retro":false,"awakeCount":1,"avgSleepStress":7.77536231884058,"sleepScores":{"overallScore":79,"qualityScore":75,"durationScore":89,"recoveryScore":100,"deepScore":0,"remScore":62,"lightScore":0,"awakeningsCountScore":87,"awakeTimeScore":97,"combinedAwakeScore":92,"restfulnessScore":0,"feedback":"NEGATIVE_LONG_BUT_LIGHT","insight":"NONE"}},{"sleepStartTimestampGMT":"2021-10-20T21:10:00.0","sleepEndTimestampGMT":"2021-10-21T04:46:00.0","calendarDate":"2021-10-21","sleepWindowConfirmationType":"ENHANCED_CONFIRMED_FINAL","deepSleepSeconds":3780,"lightSleepSeconds":16560,"remSleepSeconds":7020,"awakeSleepSeconds":0,"unmeasurableSeconds":0,"spo2SleepSummary":{"userProfilePk":87578117,"deviceId":3324959462,"sleepMeasurementStartGMT":"2021-10-20T21:11:00.0","sleepMeasurementEndGMT":"2021-10-21T04:46:00.0","averageSPO2":94.0,"averageHR":55.0,"lowestSPO2":84},"averageRespiration":15.0,"lowestRespiration":10.0,"highestRespiration":19.0,"retro":false,"awakeCount":0,"avgSleepStress":14.635761589403973,"sleepScores":{"overallScore":87,"qualityScore":85,"durationScore":92,"recoveryScore":81,"deepScore":74,"remScore":100,"lightScore":86,"awakeningsCountScore":100,"awakeTimeScore":100,"combinedAwakeScore":100,"restfulnessScore":69,"feedback":"POSITIVE_LONG_AND_REFRESHING","insight":"POSITIVE_RESTFUL_DAY"}},{"sleepStartTimestampGMT":"2021-10-21T21:45:00.0","sleepEndTimestampGMT":"2021-10-22T05:35:00.0","calendarDate":"2021-10-22","sleepWindowConfirmationType":"ENHANCED_CONFIRMED_FINAL","deepSleepSeconds":5640,"lightSleepSeconds":19920,"remSleepSeconds":2640,"awakeSleepSeconds":0,"unmeasurableSeconds":0,"spo2SleepSummary":{"userProfilePk":87578117,"deviceId":3324959462,"sleepMeasurementStartGMT":"2021-10-21T21:46:00.0","sleepMeasurementEndGMT":"2021-10-22T05:31:00.0","averageSPO2":95.0,"averageHR":55.0,"lowestSPO2":81},"averageRespiration":15.0,"lowestRespiration":11.0,"highestRespiration":19.0,"retro":false,"awakeCount":0,"avgSleepStress":14.559574468085106,"sleepScores":{"overallScore":84,"qualityScore":77,"durationScore":98,"recoveryScore":82,"deepScore":100,"remScore":0,"lightScore":64,"awakeningsCountScore":100,"awakeTimeScore":100,"combinedAwakeScore":100,"restfulnessScore":61,"feedback":"NEGATIVE_LONG_BUT_NOT_REFRESHING","insight":"NONE"}},{"sleepStartTimestampGMT":"2021-10-22T20:08:00.0","sleepEndTimestampGMT":"2021-10-23T05:19:00.0","calendarDate":"2021-10-23","sleepWindowConfirmationType":"ENHANCED_CONFIRMED_FINAL","deepSleepSeconds":0,"lightSleepSeconds":26280,"remSleepSeconds":3540,"awakeSleepSeconds":2640,"unmeasurableSeconds":600,"spo2SleepSummary":{"userProfilePk":87578117,"deviceId":3324959462,"sleepMeasurementStartGMT":"2021-10-22T20:09:00.0","sleepMeasurementEndGMT":"2021-10-23T05:16:00.0","averageSPO2":97.0,"averageHR":52.0,"lowestSPO2":86},"averageRespiration":14.0,"lowestRespiration":10.0,"highestRespiration":19.0,"retro":false,"awakeCount":2,"avgSleepStress":8.237687366167023,"sleepScores":{"overallScore":79,"qualityScore":71,"durationScore":100,"recoveryScore":100,"deepScore":0,"remScore":25,"lightScore":0,"awakeningsCountScore":75,"awakeTimeScore":56,"combinedAwakeScore":65,"restfulnessScore":55,"feedback":"NEGATIVE_LONG_BUT_LIGHT","insight":"NONE"}},{"sleepStartTimestampGMT":"2021-10-24T20:34:00.0","sleepEndTimestampGMT":"2021-10-25T04:46:00.0","calendarDate":"2021-10-25","sleepWindowConfirmationType":"ENHANCED_CONFIRMED_FINAL","deepSleepSeconds":1980,"lightSleepSeconds":20400,"remSleepSeconds":6120,"awakeSleepSeconds":60,"unmeasurableSeconds":960,"spo2SleepSummary":{"userProfilePk":87578117,"deviceId":3324959462,"sleepMeasurementStartGMT":"2021-10-24T20:39:00.0","sleepMeasurementEndGMT":"2021-10-25T04:46:00.0","averageSPO2":96.0,"averageHR":46.0,"lowestSPO2":87},"averageRespiration":15.0,"lowestRespiration":9.0,"highestRespiration":21.0,"retro":false,"awakeCount":0,"avgSleepStress":4.886486486486486,"sleepScores":{"overallScore":90,"qualityScore":85,"durationScore":100,"recoveryScore":100,"deepScore":26,"remScore":86,"lightScore":62,"awakeningsCountScore":100,"awakeTimeScore":100,"combinedAwakeScore":100,"restfulnessScore":38,"feedback":"POSITIVE_LONG_AND_RECOVERING","insight":"NONE"}},{"sleepStartTimestampGMT":"2021-10-25T21:19:00.0","sleepEndTimestampGMT":"2021-10-26T04:44:00.0","calendarDate":"2021-10-26","sleepWindowConfirmationType":"ENHANCED_CONFIRMED_FINAL","deepSleepSeconds":780,"lightSleepSeconds":18000,"remSleepSeconds":7320,"awakeSleepSeconds":600,"unmeasurableSeconds":0,"spo2SleepSummary":{"userProfilePk":87578117,"deviceId":3324959462,"sleepMeasurementStartGMT":"2021-10-25T21:20:00.0","sleepMeasurementEndGMT":"2021-10-26T04:40:00.0","averageSPO2":96.0,"averageHR":46.0,"lowestSPO2":92},"averageRespiration":15.0,"lowestRespiration":12.0,"highestRespiration":24.0,"retro":false,"awakeCount":1,"avgSleepStress":7.0047846889952154,"sleepScores":{"overallScore":84,"qualityScore":85,"durationScore":83,"recoveryScore":100,"deepScore":0,"remScore":96,"lightScore":67,"awakeningsCountScore":87,"awakeTimeScore":93,"combinedAwakeScore":90,"restfulnessScore":77,"feedback":"POSITIVE_LONG_AND_RECOVERING","insight":"NONE"}},{"sleepStartTimestampGMT":"2021-10-27T23:01:00.0","sleepEndTimestampGMT":"2021-10-28T05:10:00.0","calendarDate":"2021-10-28","sleepWindowConfirmationType":"ENHANCED_CONFIRMED_FINAL","deepSleepSeconds":0,"lightSleepSeconds":18660,"remSleepSeconds":1860,"awakeSleepSeconds":1020,"unmeasurableSeconds":600,"spo2SleepSummary":{"userProfilePk":87578117,"deviceId":3324959462,"sleepMeasurementStartGMT":"2021-10-27T23:02:00.0","sleepMeasurementEndGMT":"2021-10-28T05:06:00.0","averageSPO2":96.0,"averageHR":56.0,"lowestSPO2":91},"averageRespiration":15.0,"lowestRespiration":9.0,"highestRespiration":20.0,"retro":false,"awakeCount":1,"avgSleepStress":18.575301204819276,"sleepScores":{"overallScore":53,"qualityScore":59,"durationScore":62,"recoveryScore":71,"deepScore":0,"remScore":0,"lightScore":0,"awakeningsCountScore":87,"awakeTimeScore":84,"combinedAwakeScore":85,"restfulnessScore":65,"feedback":"NEGATIVE_POOR_STRUCTURE","insight":"NONE"}},{"sleepStartTimestampGMT":"2021-10-28T21:50:00.0","sleepEndTimestampGMT":"2021-10-29T05:18:00.0","calendarDate":"2021-10-29","sleepWindowConfirmationType":"ENHANCED_CONFIRMED_FINAL","deepSleepSeconds":0,"lightSleepSeconds":21420,"remSleepSeconds":5460,"awakeSleepSeconds":0,"unmeasurableSeconds":0,"spo2SleepSummary":{"userProfilePk":87578117,"deviceId":3324959462,"sleepMeasurementStartGMT":"2021-10-28T21:51:00.0","sleepMeasurementEndGMT":"2021-10-29T05:16:00.0","averageSPO2":95.0,"averageHR":49.0,"lowestSPO2":89},"averageRespiration":15.0,"lowestRespiration":11.0,"highestRespiration":21.0,"retro":false,"awakeCount":0,"avgSleepStress":7.589928057553957,"sleepScores":{"overallScore":86,"qualityScore":85,"durationScore":89,"recoveryScore":100,"deepScore":0,"remScore":79,"lightScore":2,"awakeningsCountScore":100,"awakeTimeScore":100,"combinedAwakeScore":100,"restfulnessScore":73,"feedback":"POSITIVE_LONG_AND_RECOVERING","insight":"POSITIVE_RESTFUL_DAY"}},{"sleepStartTimestampGMT":"2021-10-31T00:20:00.0","sleepEndTimestampGMT":"2021-10-31T05:24:00.0","calendarDate":"2021-10-31","sleepWindowConfirmationType":"ENHANCED_CONFIRMED_FINAL","deepSleepSeconds":2100,"lightSleepSeconds":11940,"remSleepSeconds":1260,"awakeSleepSeconds":2280,"unmeasurableSeconds":660,"spo2SleepSummary":{"userProfilePk":87578117,"deviceId":3324959462,"sleepMeasurementStartGMT":"2021-10-31T00:22:00.0","sleepMeasurementEndGMT":"2021-10-31T05:21:00.0","averageSPO2":94.0,"averageHR":47.0,"lowestSPO2":76},"averageRespiration":15.0,"lowestRespiration":11.0,"highestRespiration":22.0,"retro":false,"awakeCount":1,"avgSleepStress":6.396946564885496,"sleepScores":{"overallScore":51,"qualityScore":79,"durationScore":38,"recoveryScore":100,"deepScore":74,"remScore":0,"lightScore":16,"awakeningsCountScore":87,"awakeTimeScore":62,"combinedAwakeScore":74,"restfulnessScore":64,"feedback":"NEGATIVE_SHORT_AND_POOR_STRUCTURE","insight":"NONE"}},{"sleepStartTimestampGMT":"2021-10-31T23:57:00.0","sleepEndTimestampGMT":"2021-11-01T06:42:00.0","calendarDate":"2021-11-01","sleepWindowConfirmationType":"ENHANCED_CONFIRMED_FINAL","deepSleepSeconds":0,"lightSleepSeconds":16080,"remSleepSeconds":8220,"awakeSleepSeconds":0,"unmeasurableSeconds":0,"spo2SleepSummary":{"userProfilePk":87578117,"deviceId":3324959462,"sleepMeasurementStartGMT":"2021-10-31T23:58:00.0","sleepMeasurementEndGMT":"2021-11-01T06:41:00.0","averageSPO2":95.0,"averageHR":50.0,"lowestSPO2":86},"averageRespiration":16.0,"lowestRespiration":11.0,"highestRespiration":23.0,"retro":false,"awakeCount":0,"avgSleepStress":12.26,"sleepScores":{"overallScore":74,"qualityScore":73,"durationScore":75,"recoveryScore":86,"deepScore":0,"remScore":69,"lightScore":73,"awakeningsCountScore":100,"awakeTimeScore":100,"combinedAwakeScore":100,"restfulnessScore":27,"feedback":"NEGATIVE_LIGHT","insight":"NONE"}},{"sleepStartTimestampGMT":"2021-11-01T21:37:00.0","sleepEndTimestampGMT":"2021-11-02T05:34:00.0","calendarDate":"2021-11-02","sleepWindowConfirmationType":"ENHANCED_CONFIRMED_FINAL","deepSleepSeconds":420,"lightSleepSeconds":20580,"remSleepSeconds":6960,"awakeSleepSeconds":0,"unmeasurableSeconds":660,"spo2SleepSummary":{"userProfilePk":87578117,"deviceId":3324959462,"sleepMeasurementStartGMT":"2021-11-01T21:44:00.0","sleepMeasurementEndGMT":"2021-11-02T05:31:00.0","averageSPO2":94.0,"averageHR":53.0,"lowestSPO2":84},"averageRespiration":15.0,"lowestRespiration":12.0,"highestRespiration":22.0,"retro":false,"awakeCount":0,"avgSleepStress":16.08649789029536,"sleepScores":{"overallScore":76,"qualityScore":68,"durationScore":96,"recoveryScore":75,"deepScore":0,"remScore":100,"lightScore":51,"awakeningsCountScore":100,"awakeTimeScore":100,"combinedAwakeScore":100,"restfulnessScore":0,"feedback":"NEGATIVE_LONG_BUT_LIGHT","insight":"NONE"}},{"sleepStartTimestampGMT":"2021-11-02T22:53:00.0","sleepEndTimestampGMT":"2021-11-03T06:06:00.0","calendarDate":"2021-11-03","sleepWindowConfirmationType":"ENHANCED_CONFIRMED_FINAL","deepSleepSeconds":2040,"lightSleepSeconds":16500,"remSleepSeconds":4440,"awakeSleepSeconds":3000,"unmeasurableSeconds":0,"spo2SleepSummary":{"userProfilePk":87578117,"deviceId":3324959462,"sleepMeasurementStartGMT":"2021-11-02T22:54:00.0","sleepMeasurementEndGMT":"2021-11-03T06:06:00.0","averageSPO2":95.0,"averageHR":55.0,"lowestSPO2":83},"averageRespiration":16.0,"lowestRespiration":12.0,"highestRespiration":24.0,"retro":false,"awakeCount":2,"avgSleepStress":15.45673076923077,"sleepScores":{"overallScore":75,"qualityScore":76,"durationScore":71,"recoveryScore":87,"deepScore":52,"remScore":76,"lightScore":61,"awakeningsCountScore":75,"awakeTimeScore":50,"combinedAwakeScore":62,"restfulnessScore":75,"feedback":"NEGATIVE_LIGHT","insight":"NEGATIVE_LATE_STRENUOUS_EXERCISE"}},{"sleepStartTimestampGMT":"2021-11-03T23:01:00.0","sleepEndTimestampGMT":"2021-11-04T04:05:00.0","calendarDate":"2021-11-04","sleepWindowConfirmationType":"ENHANCED_CONFIRMED_FINAL","deepSleepSeconds":420,"lightSleepSeconds":10380,"remSleepSeconds":6780,"awakeSleepSeconds":0,"unmeasurableSeconds":660,"spo2SleepSummary":{"userProfilePk":87578117,"deviceId":3324959462,"sleepMeasurementStartGMT":"2021-11-03T23:02:00.0","sleepMeasurementEndGMT":"2021-11-04T04:01:00.0","averageSPO2":96.0,"averageHR":61.0,"lowestSPO2":89},"averageRespiration":17.0,"lowestRespiration":13.0,"highestRespiration":21.0,"retro":false,"awakeCount":0,"avgSleepStress":27.59927797833935,"sleepScores":{"overallScore":31,"qualityScore":53,"durationScore":52,"recoveryScore":50,"deepScore":0,"remScore":0,"lightScore":100,"awakeningsCountScore":100,"awakeTimeScore":100,"combinedAwakeScore":100,"restfulnessScore":90,"feedback":"NEGATIVE_SHORT_AND_POOR_QUALITY","insight":"NONE"}},{"sleepStartTimestampGMT":"2021-11-05T02:57:00.0","sleepEndTimestampGMT":"2021-11-05T06:41:00.0","calendarDate":"2021-11-05","sleepWindowConfirmationType":"ENHANCED_CONFIRMED_FINAL","deepSleepSeconds":2520,"lightSleepSeconds":9840,"remSleepSeconds":600,"awakeSleepSeconds":480,"unmeasurableSeconds":0,"spo2SleepSummary":{"userProfilePk":87578117,"deviceId":3324959462,"sleepMeasurementStartGMT":"2021-11-05T02:58:00.0","sleepMeasurementEndGMT":"2021-11-05T06:41:00.0","averageSPO2":96.0,"averageHR":49.0,"lowestSPO2":93},"averageRespiration":15.0,"lowestRespiration":11.0,"highestRespiration":21.0,"retro":false,"awakeCount":1,"avgSleepStress":7.828703703703703,"sleepScores":{"overallScore":35,"qualityScore":78,"durationScore":27,"recoveryScore":100,"deepScore":100,"remScore":0,"lightScore":33,"awakeningsCountScore":87,"awakeTimeScore":96,"combinedAwakeScore":91,"restfulnessScore":0,"feedback":"NEGATIVE_SHORT_AND_POOR_STRUCTURE","insight":"NEGATIVE_LATE_BED_TIME"}},{"sleepStartTimestampGMT":"2021-11-05T21:08:00.0","sleepEndTimestampGMT":"2021-11-06T05:34:00.0","calendarDate":"2021-11-06","sleepWindowConfirmationType":"ENHANCED_CONFIRMED_FINAL","deepSleepSeconds":1920,"lightSleepSeconds":23760,"remSleepSeconds":2460,"awakeSleepSeconds":2220,"unmeasurableSeconds":0,"spo2SleepSummary":{"userProfilePk":87578117,"deviceId":3324959462,"sleepMeasurementStartGMT":"2021-11-05T21:09:00.0","sleepMeasurementEndGMT":"2021-11-06T05:31:00.0","averageSPO2":97.0,"averageHR":48.0,"lowestSPO2":91},"averageRespiration":15.0,"lowestRespiration":12.0,"highestRespiration":22.0,"retro":false,"awakeCount":2,"avgSleepStress":8.907407407407407,"sleepScores":{"overallScore":76,"qualityScore":68,"durationScore":97,"recoveryScore":100,"deepScore":24,"remScore":0,"lightScore":0,"awakeningsCountScore":75,"awakeTimeScore":63,"combinedAwakeScore":69,"restfulnessScore":19,"feedback":"NEGATIVE_LONG_BUT_NOT_REFRESHING","insight":"NONE"}},{"sleepStartTimestampGMT":"2021-11-07T01:26:00.0","sleepEndTimestampGMT":"2021-11-07T06:22:00.0","calendarDate":"2021-11-07","sleepWindowConfirmationType":"ENHANCED_CONFIRMED_FINAL","deepSleepSeconds":0,"lightSleepSeconds":12300,"remSleepSeconds":5460,"awakeSleepSeconds":0,"unmeasurableSeconds":0,"spo2SleepSummary":{"userProfilePk":87578117,"deviceId":3324959462,"sleepMeasurementStartGMT":"2021-11-07T01:27:00.0","sleepMeasurementEndGMT":"2021-11-07T06:20:00.0","averageSPO2":95.0,"averageHR":63.0,"lowestSPO2":87},"averageRespiration":16.0,"lowestRespiration":8.0,"highestRespiration":22.0,"retro":false,"awakeCount":0,"avgSleepStress":34.62837837837838,"sleepScores":{"overallScore":9,"qualityScore":19,"durationScore":50,"recoveryScore":4,"deepScore":0,"remScore":79,"lightScore":66,"awakeningsCountScore":100,"awakeTimeScore":100,"combinedAwakeScore":100,"restfulnessScore":41,"feedback":"NEGATIVE_SHORT_AND_POOR_QUALITY","insight":"NONE"}},{"sleepStartTimestampGMT":"2021-11-07T22:10:00.0","sleepEndTimestampGMT":"2021-11-08T05:03:00.0","calendarDate":"2021-11-08","sleepWindowConfirmationType":"ENHANCED_CONFIRMED_FINAL","deepSleepSeconds":4500,"lightSleepSeconds":15540,"remSleepSeconds":2760,"awakeSleepSeconds":1560,"unmeasurableSeconds":420,"spo2SleepSummary":{"userProfilePk":87578117,"deviceId":3324959462,"sleepMeasurementStartGMT":"2021-11-07T22:11:00.0","sleepMeasurementEndGMT":"2021-11-08T05:00:00.0","averageSPO2":97.0,"averageHR":48.0,"lowestSPO2":91},"averageRespiration":16.0,"lowestRespiration":9.0,"highestRespiration":25.0,"retro":false,"awakeCount":1,"avgSleepStress":6.88,"sleepScores":{"overallScore":78,"qualityScore":82,"durationScore":72,"recoveryScore":100,"deepScore":99,"remScore":55,"lightScore":72,"awakeningsCountScore":87,"awakeTimeScore":74,"combinedAwakeScore":80,"restfulnessScore":9,"feedback":"POSITIVE_RECOVERING","insight":"NONE"}},{"sleepStartTimestampGMT":"2021-11-08T22:42:00.0","sleepEndTimestampGMT":"2021-11-09T05:15:00.0","calendarDate":"2021-11-09","sleepWindowConfirmationType":"ENHANCED_CONFIRMED_FINAL","deepSleepSeconds":1920,"lightSleepSeconds":17580,"remSleepSeconds":2940,"awakeSleepSeconds":120,"unmeasurableSeconds":1020,"spo2SleepSummary":{"userProfilePk":87578117,"deviceId":3324959462,"sleepMeasurementStartGMT":"2021-11-08T22:43:00.0","sleepMeasurementEndGMT":"2021-11-09T05:11:00.0","averageSPO2":95.0,"averageHR":49.0,"lowestSPO2":91},"averageRespiration":14.0,"lowestRespiration":9.0,"highestRespiration":21.0,"retro":false,"awakeCount":0,"avgSleepStress":11.271505376344086,"sleepScores":{"overallScore":77,"qualityScore":82,"durationScore":69,"recoveryScore":93,"deepScore":47,"remScore":41,"lightScore":13,"awakeningsCountScore":100,"awakeTimeScore":100,"combinedAwakeScore":100,"restfulnessScore":66,"feedback":"POSITIVE_CONTINUOUS","insight":"POSITIVE_EXERCISE"}},{"sleepStartTimestampGMT":"2021-11-09T22:18:00.0","sleepEndTimestampGMT":"2021-11-10T04:15:00.0","calendarDate":"2021-11-10","sleepWindowConfirmationType":"ENHANCED_CONFIRMED_FINAL","deepSleepSeconds":780,"lightSleepSeconds":16200,"remSleepSeconds":3840,"awakeSleepSeconds":600,"unmeasurableSeconds":0,"spo2SleepSummary":{"userProfilePk":87578117,"deviceId":3324959462,"sleepMeasurementStartGMT":"2021-11-09T22:19:00.0","sleepMeasurementEndGMT":"2021-11-10T04:11:00.0","averageSPO2":97.0,"averageHR":53.0,"lowestSPO2":91},"averageRespiration":15.0,"lowestRespiration":9.0,"highestRespiration":18.0,"retro":false,"awakeCount":1,"avgSleepStress":18.526610644257705,"sleepScores":{"overallScore":62,"qualityScore":64,"durationScore":63,"recoveryScore":71,"deepScore":0,"remScore":73,"lightScore":18,"awakeningsCountScore":87,"awakeTimeScore":93,"combinedAwakeScore":90,"restfulnessScore":36,"feedback":"NEGATIVE_LIGHT","insight":"NONE"}},{"sleepStartTimestampGMT":"2021-11-11T20:25:00.0","sleepEndTimestampGMT":"2021-11-12T06:24:00.0","calendarDate":"2021-11-12","sleepWindowConfirmationType":"ENHANCED_CONFIRMED_FINAL","deepSleepSeconds":3480,"lightSleepSeconds":22500,"remSleepSeconds":9960,"awakeSleepSeconds":0,"unmeasurableSeconds":0,"spo2SleepSummary":{"userProfilePk":87578117,"deviceId":3324959462,"sleepMeasurementStartGMT":"2021-11-11T20:30:00.0","sleepMeasurementEndGMT":"2021-11-12T06:20:00.0","averageSPO2":94.0,"averageHR":52.0,"lowestSPO2":86},"averageRespiration":15.0,"lowestRespiration":12.0,"highestRespiration":21.0,"retro":false,"awakeCount":0,"avgSleepStress":13.372013651877133,"sleepScores":{"overallScore":91,"qualityScore":86,"durationScore":100,"recoveryScore":86,"deepScore":61,"remScore":99,"lightScore":80,"awakeningsCountScore":100,"awakeTimeScore":100,"combinedAwakeScore":100,"restfulnessScore":71,"feedback":"POSITIVE_LONG_AND_REFRESHING","insight":"NONE"}},{"sleepStartTimestampGMT":"2021-11-12T22:00:00.0","sleepEndTimestampGMT":"2021-11-13T05:51:00.0","calendarDate":"2021-11-13","sleepWindowConfirmationType":"ENHANCED_CONFIRMED_FINAL","deepSleepSeconds":480,"lightSleepSeconds":19260,"remSleepSeconds":7200,"awakeSleepSeconds":1320,"unmeasurableSeconds":0,"spo2SleepSummary":{"userProfilePk":87578117,"deviceId":3324959462,"sleepMeasurementStartGMT":"2021-11-12T22:01:00.0","sleepMeasurementEndGMT":"2021-11-13T05:51:00.0","averageSPO2":97.0,"averageHR":53.0,"lowestSPO2":91},"averageRespiration":16.0,"lowestRespiration":9.0,"highestRespiration":20.0,"retro":false,"awakeCount":1,"avgSleepStress":16.804347826086957,"sleepScores":{"overallScore":76,"qualityScore":71,"durationScore":89,"recoveryScore":76,"deepScore":0,"remScore":100,"lightScore":62,"awakeningsCountScore":87,"awakeTimeScore":78,"combinedAwakeScore":82,"restfulnessScore":62,"feedback":"NEGATIVE_LONG_BUT_LIGHT","insight":"NONE"}},{"sleepStartTimestampGMT":"2021-11-13T23:50:00.0","sleepEndTimestampGMT":"2021-11-14T06:15:00.0","calendarDate":"2021-11-14","sleepWindowConfirmationType":"ENHANCED_CONFIRMED_FINAL","deepSleepSeconds":3480,"lightSleepSeconds":13800,"remSleepSeconds":2100,"awakeSleepSeconds":0,"unmeasurableSeconds":3720,"spo2SleepSummary":{"userProfilePk":87578117,"deviceId":3324959462,"sleepMeasurementStartGMT":"2021-11-13T23:51:00.0","sleepMeasurementEndGMT":"2021-11-14T06:15:00.0","averageSPO2":97.0,"averageHR":59.0,"lowestSPO2":92},"averageRespiration":16.0,"lowestRespiration":12.0,"highestRespiration":22.0,"retro":false,"awakeCount":0,"avgSleepStress":27.811209439528024,"sleepScores":{"overallScore":34,"qualityScore":52,"durationScore":57,"recoveryScore":40,"deepScore":92,"remScore":11,"lightScore":63,"awakeningsCountScore":100,"awakeTimeScore":100,"combinedAwakeScore":100,"restfulnessScore":68,"feedback":"NEGATIVE_SHORT_AND_POOR_QUALITY","insight":"NONE"}},{"sleepStartTimestampGMT":"2021-11-14T23:25:00.0","sleepEndTimestampGMT":"2021-11-15T05:56:00.0","calendarDate":"2021-11-15","sleepWindowConfirmationType":"ENHANCED_CONFIRMED_FINAL","deepSleepSeconds":660,"lightSleepSeconds":18660,"remSleepSeconds":1980,"awakeSleepSeconds":960,"unmeasurableSeconds":1200,"spo2SleepSummary":{"userProfilePk":87578117,"deviceId":3324959462,"sleepMeasurementStartGMT":"2021-11-14T23:26:00.0","sleepMeasurementEndGMT":"2021-11-15T05:56:00.0","averageSPO2":95.0,"averageHR":50.0,"lowestSPO2":86},"averageRespiration":15.0,"lowestRespiration":12.0,"highestRespiration":20.0,"retro":false,"awakeCount":1,"avgSleepStress":9.89153439153439,"sleepScores":{"overallScore":70,"qualityScore":72,"durationScore":65,"recoveryScore":98,"deepScore":0,"remScore":0,"lightScore":0,"awakeningsCountScore":87,"awakeTimeScore":85,"combinedAwakeScore":86,"restfulnessScore":56,"feedback":"NEGATIVE_LIGHT","insight":"NONE"}},{"sleepStartTimestampGMT":"2021-11-15T21:08:00.0","sleepEndTimestampGMT":"2021-11-16T06:17:00.0","calendarDate":"2021-11-16","sleepWindowConfirmationType":"ENHANCED_CONFIRMED_FINAL","deepSleepSeconds":0,"lightSleepSeconds":24780,"remSleepSeconds":5340,"awakeSleepSeconds":2820,"unmeasurableSeconds":0,"spo2SleepSummary":{"userProfilePk":87578117,"deviceId":3324959462,"sleepMeasurementStartGMT":"2021-11-15T21:11:00.0","sleepMeasurementEndGMT":"2021-11-16T03:01:00.0","averageSPO2":95.0,"averageHR":55.0,"lowestSPO2":85},"averageRespiration":15.0,"lowestRespiration":11.0,"highestRespiration":23.0,"retro":false,"awakeCount":3,"avgSleepStress":13.94909090909091,"sleepScores":{"overallScore":74,"qualityScore":63,"durationScore":100,"recoveryScore":85,"deepScore":0,"remScore":71,"lightScore":0,"awakeningsCountScore":65,"awakeTimeScore":53,"combinedAwakeScore":59,"restfulnessScore":16,"feedback":"NEGATIVE_LONG_BUT_LIGHT","insight":"NONE"}},{"sleepStartTimestampGMT":"2021-11-16T22:32:00.0","sleepEndTimestampGMT":"2021-11-17T06:15:00.0","calendarDate":"2021-11-17","sleepWindowConfirmationType":"ENHANCED_CONFIRMED_FINAL","deepSleepSeconds":0,"lightSleepSeconds":21180,"remSleepSeconds":4860,"awakeSleepSeconds":780,"unmeasurableSeconds":960,"spo2SleepSummary":{"userProfilePk":87578117,"deviceId":3324959462,"sleepMeasurementStartGMT":"2021-11-16T22:33:00.0","sleepMeasurementEndGMT":"2021-11-17T06:15:00.0","averageSPO2":97.0,"averageHR":51.0,"lowestSPO2":92},"averageRespiration":14.0,"lowestRespiration":10.0,"highestRespiration":19.0,"retro":false,"awakeCount":1,"avgSleepStress":9.997732426303855,"sleepScores":{"overallScore":78,"qualityScore":75,"durationScore":83,"recoveryScore":98,"deepScore":0,"remScore":74,"lightScore":0,"awakeningsCountScore":87,"awakeTimeScore":89,"combinedAwakeScore":88,"restfulnessScore":5,"feedback":"NEGATIVE_LONG_BUT_LIGHT","insight":"NEGATIVE_LATE_STRENUOUS_EXERCISE"}},{"sleepStartTimestampGMT":"2021-11-17T21:04:00.0","sleepEndTimestampGMT":"2021-11-18T03:31:00.0","calendarDate":"2021-11-18","sleepWindowConfirmationType":"ENHANCED_CONFIRMED_FINAL","deepSleepSeconds":2820,"lightSleepSeconds":15060,"remSleepSeconds":5340,"awakeSleepSeconds":0,"unmeasurableSeconds":0,"spo2SleepSummary":{"userProfilePk":87578117,"deviceId":3324959462,"sleepMeasurementStartGMT":"2021-11-17T21:05:00.0","sleepMeasurementEndGMT":"2021-11-18T03:31:00.0","averageSPO2":96.0,"averageHR":56.0,"lowestSPO2":90},"averageRespiration":16.0,"lowestRespiration":12.0,"highestRespiration":20.0,"retro":false,"awakeCount":0,"avgSleepStress":23.149584487534625,"sleepScores":{"overallScore":73,"qualityScore":73,"durationScore":71,"recoveryScore":62,"deepScore":69,"remScore":97,"lightScore":75,"awakeningsCountScore":100,"awakeTimeScore":100,"combinedAwakeScore":100,"restfulnessScore":55,"feedback":"NEGATIVE_RESTLESS","insight":"NEGATIVE_LATE_STRENUOUS_EXERCISE"}},{"sleepStartTimestampGMT":"2021-11-18T20:48:00.0","sleepEndTimestampGMT":"2021-11-19T04:02:00.0","calendarDate":"2021-11-19","sleepWindowConfirmationType":"ENHANCED_CONFIRMED_FINAL","deepSleepSeconds":4140,"lightSleepSeconds":16800,"remSleepSeconds":4320,"awakeSleepSeconds":780,"unmeasurableSeconds":0,"spo2SleepSummary":{"userProfilePk":87578117,"deviceId":3324959462,"sleepMeasurementStartGMT":"2021-11-18T20:51:00.0","sleepMeasurementEndGMT":"2021-11-19T04:01:00.0","averageSPO2":95.0,"averageHR":54.0,"lowestSPO2":86},"averageRespiration":14.0,"lowestRespiration":9.0,"highestRespiration":17.0,"retro":false,"awakeCount":1,"avgSleepStress":18.605326876513317,"sleepScores":{"overallScore":77,"qualityScore":76,"durationScore":79,"recoveryScore":71,"deepScore":84,"remScore":69,"lightScore":72,"awakeningsCountScore":87,"awakeTimeScore":89,"combinedAwakeScore":88,"restfulnessScore":78,"feedback":"POSITIVE_CONTINUOUS","insight":"POSITIVE_EXERCISE"}},{"sleepStartTimestampGMT":"2021-11-19T22:49:00.0","sleepEndTimestampGMT":"2021-11-20T05:37:00.0","calendarDate":"2021-11-20","sleepWindowConfirmationType":"ENHANCED_CONFIRMED_FINAL","deepSleepSeconds":960,"lightSleepSeconds":19980,"remSleepSeconds":3540,"awakeSleepSeconds":0,"unmeasurableSeconds":0,"spo2SleepSummary":{"userProfilePk":87578117,"deviceId":3324959462,"sleepMeasurementStartGMT":"2021-11-19T22:50:00.0","sleepMeasurementEndGMT":"2021-11-20T05:36:00.0","averageSPO2":94.0,"averageHR":54.0,"lowestSPO2":77},"averageRespiration":16.0,"lowestRespiration":11.0,"highestRespiration":22.0,"retro":false,"awakeCount":0,"avgSleepStress":14.074812967581048,"sleepScores":{"overallScore":73,"qualityScore":71,"durationScore":76,"recoveryScore":84,"deepScore":0,"remScore":59,"lightScore":0,"awakeningsCountScore":100,"awakeTimeScore":100,"combinedAwakeScore":100,"restfulnessScore":35,"feedback":"NEGATIVE_LIGHT","insight":"NONE"}},{"sleepStartTimestampGMT":"2021-11-21T21:00:00.0","sleepEndTimestampGMT":"2021-11-22T05:40:00.0","calendarDate":"2021-11-22","sleepWindowConfirmationType":"ENHANCED_CONFIRMED_FINAL","deepSleepSeconds":4740,"lightSleepSeconds":17700,"remSleepSeconds":8160,"awakeSleepSeconds":600,"unmeasurableSeconds":0,"spo2SleepSummary":{"userProfilePk":87578117,"deviceId":3324959462,"sleepMeasurementStartGMT":"2021-11-21T21:01:00.0","sleepMeasurementEndGMT":"2021-11-22T05:40:00.0","averageSPO2":95.0,"averageHR":50.0,"lowestSPO2":86},"averageRespiration":15.0,"lowestRespiration":10.0,"highestRespiration":19.0,"retro":false,"awakeCount":1,"avgSleepStress":9.944990176817289,"sleepScores":{"overallScore":95,"qualityScore":93,"durationScore":100,"recoveryScore":99,"deepScore":80,"remScore":100,"lightScore":94,"awakeningsCountScore":87,"awakeTimeScore":93,"combinedAwakeScore":90,"restfulnessScore":72,"feedback":"POSITIVE_OPTIMAL_STRUCTURE","insight":"POSITIVE_EXERCISE"}},{"sleepStartTimestampGMT":"2021-11-22T22:29:00.0","sleepEndTimestampGMT":"2021-11-23T03:57:00.0","calendarDate":"2021-11-23","sleepWindowConfirmationType":"ENHANCED_CONFIRMED_FINAL","deepSleepSeconds":720,"lightSleepSeconds":16860,"awakeSleepSeconds":1500,"unmeasurableSeconds":600,"spo2SleepSummary":{"userProfilePk":87578117,"deviceId":3324959462,"sleepMeasurementStartGMT":"2021-11-22T22:30:00.0","sleepMeasurementEndGMT":"2021-11-23T03:57:00.0","averageSPO2":96.0,"averageHR":46.0,"lowestSPO2":84},"averageRespiration":15.0,"lowestRespiration":10.0,"highestRespiration":19.0,"retro":false,"awakeCount":3,"avgSleepStress":7.699275362318841,"sleepScores":{"overallScore":42,"qualityScore":64,"durationScore":49,"recoveryScore":100,"deepScore":0,"remScore":0,"lightScore":0,"awakeningsCountScore":65,"awakeTimeScore":75,"combinedAwakeScore":70,"restfulnessScore":0,"feedback":"NEGATIVE_SHORT_AND_POOR_STRUCTURE","insight":"NONE"}},{"sleepStartTimestampGMT":"2021-11-23T21:46:00.0","sleepEndTimestampGMT":"2021-11-24T05:37:00.0","calendarDate":"2021-11-24","sleepWindowConfirmationType":"ENHANCED_CONFIRMED_FINAL","deepSleepSeconds":4020,"lightSleepSeconds":18480,"remSleepSeconds":4680,"awakeSleepSeconds":1080,"unmeasurableSeconds":0,"spo2SleepSummary":{"userProfilePk":87578117,"deviceId":3324959462,"sleepMeasurementStartGMT":"2021-11-23T21:47:00.0","sleepMeasurementEndGMT":"2021-11-24T05:36:00.0","averageSPO2":96.0,"averageHR":47.0,"lowestSPO2":90},"averageRespiration":15.0,"lowestRespiration":12.0,"highestRespiration":19.0,"retro":false,"awakeCount":2,"avgSleepStress":7.024175824175824,"sleepScores":{"overallScore":88,"qualityScore":87,"durationScore":91,"recoveryScore":100,"deepScore":78,"remScore":69,"lightScore":69,"awakeningsCountScore":75,"awakeTimeScore":83,"combinedAwakeScore":79,"restfulnessScore":66,"feedback":"POSITIVE_LONG_AND_RECOVERING","insight":"NONE"}},{"sleepStartTimestampGMT":"2021-11-24T21:43:00.0","sleepEndTimestampGMT":"2021-11-25T06:16:00.0","calendarDate":"2021-11-25","sleepWindowConfirmationType":"ENHANCED_CONFIRMED_FINAL","deepSleepSeconds":0,"lightSleepSeconds":18240,"remSleepSeconds":7200,"awakeSleepSeconds":4500,"unmeasurableSeconds":840,"spo2SleepSummary":{"userProfilePk":87578117,"deviceId":3324959462,"sleepMeasurementStartGMT":"2021-11-24T21:44:00.0","sleepMeasurementEndGMT":"2021-11-25T06:16:00.0","averageSPO2":94.0,"averageHR":51.0,"lowestSPO2":81},"averageRespiration":14.0,"lowestRespiration":10.0,"highestRespiration":19.0,"retro":false,"awakeCount":3,"avgSleepStress":14.594433399602385,"sleepScores":{"overallScore":67,"qualityScore":60,"durationScore":79,"recoveryScore":83,"deepScore":0,"remScore":95,"lightScore":62,"awakeningsCountScore":65,"awakeTimeScore":25,"combinedAwakeScore":45,"restfulnessScore":0,"feedback":"NEGATIVE_LIGHT","insight":"NEGATIVE_LATE_EXERCISE"}},{"sleepStartTimestampGMT":"2021-11-25T21:15:00.0","sleepEndTimestampGMT":"2021-11-26T04:56:00.0","calendarDate":"2021-11-26","sleepWindowConfirmationType":"ENHANCED_CONFIRMED_FINAL","deepSleepSeconds":0,"lightSleepSeconds":11520,"remSleepSeconds":6120,"awakeSleepSeconds":9180,"unmeasurableSeconds":840,"spo2SleepSummary":{"userProfilePk":87578117,"deviceId":3324959462,"sleepMeasurementStartGMT":"2021-11-25T21:16:00.0","sleepMeasurementEndGMT":"2021-11-26T04:56:00.0","averageSPO2":94.0,"averageHR":53.0,"lowestSPO2":85},"averageRespiration":14.0,"lowestRespiration":10.0,"highestRespiration":17.0,"retro":false,"awakeCount":2,"avgSleepStress":17.15505617977528,"sleepScores":{"overallScore":30,"qualityScore":55,"durationScore":49,"recoveryScore":81,"deepScore":0,"remScore":66,"lightScore":74,"awakeningsCountScore":75,"awakeTimeScore":0,"combinedAwakeScore":37,"restfulnessScore":0,"feedback":"NEGATIVE_SHORT_AND_POOR_QUALITY","insight":"NONE"}},{"sleepStartTimestampGMT":"2021-11-26T22:44:00.0","sleepEndTimestampGMT":"2021-11-27T04:42:00.0","calendarDate":"2021-11-27","sleepWindowConfirmationType":"ENHANCED_CONFIRMED_FINAL","deepSleepSeconds":1560,"lightSleepSeconds":12540,"remSleepSeconds":5340,"awakeSleepSeconds":0,"unmeasurableSeconds":2040,"retro":false,"awakeCount":0,"avgSleepStress":24.70731707317073,"sleepScores":{"overallScore":34,"qualityScore":51,"durationScore":58,"recoveryScore":41,"deepScore":40,"remScore":100,"lightScore":76,"awakeningsCountScore":100,"awakeTimeScore":100,"combinedAwakeScore":100,"restfulnessScore":1,"feedback":"NEGATIVE_SHORT_AND_POOR_QUALITY","insight":"NEGATIVE_STRESSFUL_DAY"}}]