[{"sleepStartTimestampGMT":"2022-03-07T22:15:00.0","sleepEndTimestampGMT":"2022-03-08T05:37:00.0","calendarDate":"2022-03-08","sleepWindowConfirmationType":"ENHANCED_CONFIRMED_FINAL","deepSleepSeconds":1560,"lightSleepSeconds":21540,"remSleepSeconds":960,"awakeSleepSeconds":2460,"unmeasurableSeconds":0,"spo2SleepSummary":{"userProfilePk":87578117,"deviceId":3324959462,"sleepMeasurementStartGMT":"2022-03-07T22:24:00.0","sleepMeasurementEndGMT":"2022-03-08T05:36:00.0","averageSPO2":95.0,"averageHR":53.0,"lowestSPO2":90},"averageRespiration":16.0,"lowestRespiration":12.0,"highestRespiration":22.0,"retro":false,"awakeCount":1,"avgSleepStress":14.851598173515981,"sleepScores":{"overallScore":63,"qualityScore":56,"durationScore":74,"recoveryScore":79,"deepScore":20,"remScore":0,"lightScore":0,"awakeningsCountScore":87,"awakeTimeScore":59,"combinedAwakeScore":73,"restfulnessScore":0,"feedback":"NEGATIVE_POOR_STRUCTURE","insight":"NEGATIVE_STRESSFUL_DAY"}},{"sleepStartTimestampGMT":"2022-03-08T22:11:00.0","sleepEndTimestampGMT":"2022-03-09T05:56:00.0","calendarDate":"2022-03-09","sleepWindowConfirmationType":"ENHANCED_CONFIRMED_FINAL","deepSleepSeconds":660,"lightSleepSeconds":22860,"remSleepSeconds":3240,"awakeSleepSeconds":360,"unmeasurableSeconds":780,"spo2SleepSummary":{"userProfilePk":87578117,"deviceId":3324959462,"sleepMeasurementStartGMT":"2022-03-08T22:12:00.0","sleepMeasurementEndGMT":"2022-03-09T05:55:00.0","averageSPO2":95.0,"averageHR":51.0,"lowestSPO2":88},"averageRespiration":15.0,"lowestRespiration":12.0,"highestRespiration":21.0,"retro":false,"awakeCount":0,"avgSleepStress":12.0,"sleepScores":{"overallScore":76,"qualityScore":70,"durationScore":88,"recoveryScore":89,"deepScore":0,"remScore":28,"lightScore":0,"awakeningsCountScore":100,"awakeTimeScore":99,"combinedAwakeScore":99,"restfulnessScore":29,"feedback":"NEGATIVE_LONG_BUT_LIGHT","insight":"NONE"}},{"sleepStartTimestampGMT":"2022-03-10T22:30:00.0","sleepEndTimestampGMT":"2022-03-11T05:31:00.0","calendarDate":"2022-03-11","sleepWindowConfirmationType":"ENHANCED_CONFIRMED_FINAL","deepSleepSeconds":3420,"lightSleepSeconds":17400,"remSleepSeconds":3780,"awakeSleepSeconds":0,"unmeasurableSeconds":660,"spo2SleepSummary":{"userProfilePk":87578117,"deviceId":3324959462,"sleepMeasurementStartGMT":"2022-03-10T22:31:00.0","sleepMeasurementEndGMT":"2022-03-11T05:30:00.0","averageSPO2":92.0,"averageHR":47.0,"lowestSPO2":83},"averageRespiration":16.0,"lowestRespiration":12.0,"highestRespiration":21.0,"retro":false,"awakeCount":0,"avgSleepStress":6.889763779527559,"sleepScores":{"overallScore":85,"qualityScore":90,"durationScore":76,"recoveryScore":100,"deepScore":75,"remScore":63,"lightScore":64,"awakeningsCountScore":100,"awakeTimeScore":100,"combinedAwakeScore":100,"restfulnessScore":64,"feedback":"POSITIVE_RECOVERING","insight":"NONE"}},{"sleepStartTimestampGMT":"2022-03-11T23:23:00.0","sleepEndTimestampGMT":"2022-03-12T05:34:00.0","calendarDate":"2022-03-12","sleepWindowConfirmationType":"ENHANCED_CONFIRMED_FINAL","deepSleepSeconds":0,"lightSleepSeconds":18540,"remSleepSeconds":3720,"awakeSleepSeconds":0,"unmeasurableSeconds":0,"spo2SleepSummary":{"userProfilePk":87578117,"deviceId":3324959462,"sleepMeasurementStartGMT":"2022-03-11T23:24:00.0","sleepMeasurementEndGMT":"2022-03-12T05:31:00.0","averageSPO2":95.0,"averageHR":52.0,"lowestSPO2":89},"averageRespiration":15.0,"lowestRespiration":12.0,"highestRespiration":19.0,"retro":false,"awakeCount":0,"avgSleepStress":13.04054054054054,"sleepScores":{"overallScore":73,"qualityScore":75,"durationScore":68,"recoveryScore":86,"deepScore":0,"remScore":67,"lightScore":0,"awakeningsCountScore":100,"awakeTimeScore":100,"combinedAwakeScore":100,"restfulnessScore":49,"feedback":"NEGATIVE_LIGHT","insight":"NEGATIVE_LATE_BED_TIME"}},{"sleepStartTimestampGMT":"2022-03-12T21:30:00.0","sleepEndTimestampGMT":"2022-03-13T06:52:00.0","calendarDate":"2022-03-13","sleepWindowConfirmationType":"ENHANCED_CONFIRMED_FINAL","deepSleepSeconds":1140,"lightSleepSeconds":19740,"remSleepSeconds":11220,"awakeSleepSeconds":900,"unmeasurableSeconds":720,"spo2SleepSummary":{"userProfilePk":87578117,"deviceId":3324959462,"sleepMeasurementStartGMT":"2022-03-12T21:31:00.0","sleepMeasurementEndGMT":"2022-03-13T06:51:00.0","averageSPO2":94.0,"averageHR":52.0,"lowestSPO2":87},"averageRespiration":16.0,"lowestRespiration":12.0,"highestRespiration":23.0,"retro":false,"awakeCount":1,"avgSleepStress":13.007393715341959,"sleepScores":{"overallScore":83,"qualityScore":76,"durationScore":100,"recoveryScore":92,"deepScore":0,"remScore":65,"lightScore":83,"awakeningsCountScore":87,"awakeTimeScore":87,"combinedAwakeScore":87,"restfulnessScore":60,"feedback":"NEGATIVE_LONG_BUT_LIGHT","insight":"NONE"}},{"sleepStartTimestampGMT":"2022-03-13T22:29:00.0","sleepEndTimestampGMT":"2022-03-14T06:25:00.0","calendarDate":"2022-03-14","sleepWindowConfirmationType":"ENHANCED_CONFIRMED_FINAL","deepSleepSeconds":1320,"lightSleepSeconds":18660,"remSleepSeconds":8580,"awakeSleepSeconds":0,"unmeasurableSeconds":0,"spo2SleepSummary":{"userProfilePk":87578117,"deviceId":3324959462,"sleepMeasurementStartGMT":"2022-03-13T22:30:00.0","sleepMeasurementEndGMT":"2022-03-14T06:21:00.0","averageSPO2":96.0,"averageHR":48.0,"lowestSPO2":83},"averageRespiration":16.0,"lowestRespiration":12.0,"highestRespiration":21.0,"retro":false,"awakeCount":0,"avgSleepStress":8.6651376146789,"sleepScores":{"overallScore":90,"qualityScore":85,"durationScore":100,"recoveryScore":100,"deepScore":0,"remScore":83,"lightScore":74,"awakeningsCountScore":100,"awakeTimeScore":100,"combinedAwakeScore":100,"restfulnessScore":62,"feedback":"POSITIVE_LONG_AND_RECOVERING","insight":"POSITIVE_EXERCISE"}},{"sleepStartTimestampGMT":"2022-03-14T22:16:00.0","sleepEndTimestampGMT":"2022-03-15T06:14:00.0","calendarDate":"2022-03-15","sleepWindowConfirmationType":"ENHANCED_CONFIRMED_FINAL","deepSleepSeconds":0,"lightSleepSeconds":17880,"remSleepSeconds":7020,"awakeSleepSeconds":3780,"unmeasurableSeconds":0,"spo2SleepSummary":{"userProfilePk":87578117,"deviceId":3324959462,"sleepMeasurementStartGMT":"2022-03-14T22:17:00.0","sleepMeasurementEndGMT":"2022-03-15T06:11:00.0","averageSPO2":95.0,"averageHR":52.0,"lowestSPO2":90},"averageRespiration":15.0,"lowestRespiration":9.0,"highestRespiration":22.0,"retro":false,"awakeCount":1,"avgSleepStress":14.791578947368421,"sleepScores":{"overallScore":69,"qualityScore":64,"durationScore":77,"recoveryScore":84,"deepScore":0,"remScore":95,"lightScore":61,"awakeningsCountScore":87,"awakeTimeScore":37,"combinedAwakeScore":62,"restfulnessScore":0,"feedback":"NEGATIVE_LIGHT","insight":"NONE"}},{"sleepStartTimestampGMT":"2022-03-16T01:38:00.0","sleepEndTimestampGMT":"2022-03-16T05:25:00.0","calendarDate":"2022-03-16","sleepWindowConfirmationType":"ENHANCED_CONFIRMED_FINAL","deepSleepSeconds":780,"lightSleepSeconds":9780,"remSleepSeconds":3000,"awakeSleepSeconds":60,"unmeasurableSeconds":0,"spo2SleepSummary":{"userProfilePk":87578117,"deviceId":3324959462,"sleepMeasurementStartGMT":"2022-03-16T01:40:00.0","sleepMeasurementEndGMT":"2022-03-16T05:21:00.0","averageSPO2":96.0,"averageHR":52.0,"lowestSPO2":92},"averageRespiration":15.0,"lowestRespiration":9.0,"highestRespiration":18.0,"retro":false,"awakeCount":0,"avgSleepStress":16.0,"sleepScores":{"overallScore":34,"qualityScore":73,"durationScore":30,"recoveryScore":77,"deepScore":10,"remScore":91,"lightScore":61,"awakeningsCountScore":100,"awakeTimeScore":100,"combinedAwakeScore":100,"restfulnessScore":43,"feedback":"NEGATIVE_SHORT_AND_POOR_STRUCTURE","insight":"NONE"}},{"sleepStartTimestampGMT":"2022-03-16T21:44:00.0","sleepEndTimestampGMT":"2022-03-17T06:11:00.0","calendarDate":"2022-03-17","sleepWindowConfirmationType":"ENHANCED_CONFIRMED_FINAL","deepSleepSeconds":0,"lightSleepSeconds":24480,"remSleepSeconds":5340,"awakeSleepSeconds":600,"unmeasurableSeconds":0,"spo2SleepSummary":{"userProfilePk":87578117,"deviceId":3324959462,"sleepMeasurementStartGMT":"2022-03-16T21:45:00.0","sleepMeasurementEndGMT":"2022-03-17T06:11:00.0","averageSPO2":95.0,"averageHR":52.0,"lowestSPO2":89},"averageRespiration":15.0,"lowestRespiration":11.0,"highestRespiration":20.0,"retro":false,"awakeCount":1,"avgSleepStress":13.294949494949496,"sleepScores":{"overallScore":80,"qualityScore":72,"durationScore":100,"recoveryScore":88,"deepScore":0,"remScore":71,"lightScore":0,"awakeningsCountScore":87,"awakeTimeScore":93,"combinedAwakeScore":90,"restfulnessScore":27,"feedback":"NEGATIVE_LONG_BUT_LIGHT","insight":"NONE"}},{"sleepStartTimestampGMT":"2022-03-18T00:01:00.0","sleepEndTimestampGMT":"2022-03-18T05:54:00.0","calendarDate":"2022-03-18","sleepWindowConfirmationType":"ENHANCED_CONFIRMED_FINAL","deepSleepSeconds":960,"lightSleepSeconds":14220,"remSleepSeconds":5400,"awakeSleepSeconds":0,"unmeasurableSeconds":600,"spo2SleepSummary":{"userProfilePk":87578117,"deviceId":3324959462,"sleepMeasurementStartGMT":"2022-03-18T00:02:00.0","sleepMeasurementEndGMT":"2022-03-18T05:51:00.0","averageSPO2":94.0,"averageHR":55.0,"lowestSPO2":87},"averageRespiration":16.0,"lowestRespiration":13.0,"highestRespiration":20.0,"retro":false,"awakeCount":0,"avgSleepStress":17.893175074183976,"sleepScores":{"overallScore":66,"qualityScore":72,"durationScore":62,"recoveryScore":78,"deepScore":0,"remScore":100,"lightScore":67,"awakeningsCountScore":100,"awakeTimeScore":100,"combinedAwakeScore":100,"restfulnessScore":33,"feedback":"NEGATIVE_LIGHT","insight":"NEGATIVE_LATE_BED_TIME"}},{"sleepStartTimestampGMT":"2022-03-19T02:04:00.0","sleepEndTimestampGMT":"2022-03-19T06:55:00.0","calendarDate":"2022-03-19","sleepWindowConfirmationType":"ENHANCED_CONFIRMED_FINAL","deepSleepSeconds":2100,"lightSleepSeconds":13260,"remSleepSeconds":600,"awakeSleepSeconds":840,"unmeasurableSeconds":660,"spo2SleepSummary":{"userProfilePk":87578117,"deviceId":3324959462,"sleepMeasurementStartGMT":"2022-03-19T02:05:00.0","sleepMeasurementEndGMT":"2022-03-19T06:51:00.0","averageSPO2":95.0,"averageHR":48.0,"lowestSPO2":90},"averageRespiration":16.0,"lowestRespiration":12.0,"highestRespiration":21.0,"retro":false,"awakeCount":1,"avgSleepStress":7.576388888888889,"sleepScores":{"overallScore":61,"qualityScore":82,"durationScore":45,"recoveryScore":100,"deepScore":70,"remScore":0,"lightScore":0,"awakeningsCountScore":100,"awakeTimeScore":100,"combinedAwakeScore":100,"restfulnessScore":49,"feedback":"POSITIVE_SHORT_BUT_RECOVERING","insight":"POSITIVE_EXERCISE"}},{"sleepStartTimestampGMT":"2022-03-19T23:24:00.0","sleepEndTimestampGMT":"2022-03-20T05:27:00.0","calendarDate":"2022-03-20","sleepWindowConfirmationType":"ENHANCED_CONFIRMED_FINAL","deepSleepSeconds":2700,"lightSleepSeconds":16680,"remSleepSeconds":2220,"awakeSleepSeconds":180,"unmeasurableSeconds":0,"spo2SleepSummary":{"userProfilePk":87578117,"deviceId":3324959462,"sleepMeasurementStartGMT":"2022-03-19T23:25:00.0","sleepMeasurementEndGMT":"2022-03-20T05:25:00.0","averageSPO2":95.0,"averageHR":47.0,"lowestSPO2":91},"averageRespiration":15.0,"lowestRespiration":10.0,"highestRespiration":21.0,"retro":false,"awakeCount":0,"avgSleepStress":7.380952380952381,"sleepScores":{"overallScore":74,"qualityScore":77,"durationScore":66,"recoveryScore":100,"deepScore":70,"remScore":4,"lightScore":22,"awakeningsCountScore":100,"awakeTimeScore":100,"combinedAwakeScore":100,"restfulnessScore":0,"feedback":"NEGATIVE_RESTLESS","insight":"NEGATIVE_VERY_STRENUOUS_EXERCISE"}},{"sleepStartTimestampGMT":"2022-03-20T22:50:00.0","sleepEndTimestampGMT":"2022-03-21T04:48:00.0","calendarDate":"2022-03-21","sleepWindowConfirmationType":"ENHANCED_CONFIRMED_FINAL","deepSleepSeconds":960,"lightSleepSeconds":15660,"remSleepSeconds":4860,"awakeSleepSeconds":0,"unmeasurableSeconds":0,"spo2SleepSummary":{"userProfilePk":87578117,"deviceId":3324959462,"sleepMeasurementStartGMT":"2022-03-20T22:51:00.0","sleepMeasurementEndGMT":"2022-03-21T04:46:00.0","averageSPO2":96.0,"averageHR":46.0,"lowestSPO2":93},"averageRespiration":14.0,"lowestRespiration":9.0,"highestRespiration":20.0,"retro":false,"awakeCount":0,"avgSleepStress":7.266081871345029,"sleepScores":{"overallScore":78,"qualityScore":86,"durationScore":65,"recoveryScore":100,"deepScore":0,"remScore":94,"lightScore":57,"awakeningsCountScore":100,"awakeTimeScore":100,"combinedAwakeScore":100,"restfulnessScore":64,"feedback":"POSITIVE_RECOVERING","insight":"NONE"}},{"sleepStartTimestampGMT":"2022-03-21T21:18:00.0","sleepEndTimestampGMT":"2022-03-22T06:05:00.0","calendarDate":"2022-03-22","sleepWindowConfirmationType":"ENHANCED_CONFIRMED_FINAL","deepSleepSeconds":0,"lightSleepSeconds":23880,"remSleepSeconds":5520,"awakeSleepSeconds":1500,"unmeasurableSeconds":720,"spo2SleepSummary":{"userProfilePk":87578117,"deviceId":3324959462,"sleepMeasurementStartGMT":"2022-03-21T21:19:00.0","sleepMeasurementEndGMT":"2022-03-22T06:01:00.0","averageSPO2":96.0,"averageHR":45.0,"lowestSPO2":90},"averageRespiration":15.0,"lowestRespiration":12.0,"highestRespiration":20.0,"retro":false,"awakeCount":2,"avgSleepStress":7.379014989293362,"sleepScores":{"overallScore":82,"qualityScore":74,"durationScore":100,"recoveryScore":100,"deepScore":0,"remScore":74,"lightScore":0,"awakeningsCountScore":75,"awakeTimeScore":75,"combinedAwakeScore":75,"restfulnessScore":18,"feedback":"NEGATIVE_LONG_BUT_LIGHT","insight":"NONE"}},{"sleepStartTimestampGMT":"2022-03-22T22:09:00.0","sleepEndTimestampGMT":"2022-03-23T06:07:00.0","calendarDate":"2022-03-23","sleepWindowConfirmationType":"ENHANCED_CONFIRMED_FINAL","deepSleepSeconds":0,"lightSleepSeconds":20940,"remSleepSeconds":4680,"awakeSleepSeconds":840,"unmeasurableSeconds":2220,"spo2SleepSummary":{"userProfilePk":87578117,"deviceId":3324959462,"sleepMeasurementStartGMT":"2022-03-22T22:10:00.0","sleepMeasurementEndGMT":"2022-03-23T06:06:00.0","averageSPO2":96.0,"averageHR":50.0,"lowestSPO2":90},"averageRespiration":16.0,"lowestRespiration":12.0,"highestRespiration":21.0,"retro":false,"awakeCount":1,"avgSleepStress":12.226579520697168,"sleepScores":{"overallScore":78,"qualityScore":77,"durationScore":80,"recoveryScore":91,"deepScore":0,"remScore":73,"lightScore":0,"awakeningsCountScore":87,"awakeTimeScore":88,"combinedAwakeScore":87,"restfulnessScore":67,"feedback":"POSITIVE_LONG_AND_RECOVERING","insight":"POSITIVE_EXERCISE"}},{"sleepStartTimestampGMT":"2022-03-23T23:25:00.0","sleepEndTimestampGMT":"2022-03-24T05:20:00.0","calendarDate":"2022-03-24","sleepWindowConfirmationType":"ENHANCED_CONFIRMED_FINAL","deepSleepSeconds":600,"lightSleepSeconds":15900,"remSleepSeconds":4380,"awakeSleepSeconds":0,"unmeasurableSeconds":420,"spo2SleepSummary":{"userProfilePk":87578117,"deviceId":3324959462,"sleepMeasurementStartGMT":"2022-03-23T23:27:00.0","sleepMeasurementEndGMT":"2022-03-24T05:20:00.0","averageSPO2":95.0,"averageHR":47.0,"lowestSPO2":90},"averageRespiration":15.0,"lowestRespiration":12.0,"highestRespiration":19.0,"retro":false,"awakeCount":0,"avgSleepStress":5.811688311688312,"sleepScores":{"overallScore":72,"qualityScore":79,"durationScore":63,"recoveryScore":100,"deepScore":0,"remScore":83,"lightScore":31,"awakeningsCountScore":100,"awakeTimeScore":100,"combinedAwakeScore":100,"restfulnessScore":11,"feedback":"NEGATIVE_LIGHT","insight":"NEGATIVE_LATE_BED_TIME"}},{"sleepStartTimestampGMT":"2022-03-26T00:46:00.0","sleepEndTimestampGMT":"2022-03-26T06:01:00.0","calendarDate":"2022-03-26","sleepWindowConfirmationType":"ENHANCED_CONFIRMED_FINAL","deepSleepSeconds":1680,"lightSleepSeconds":16140,"remSleepSeconds":960,"awakeSleepSeconds":120,"unmeasurableSeconds":0,"spo2SleepSummary":{"userProfilePk":87578117,"deviceId":3324959462,"sleepMeasurementStartGMT":"2022-03-26T00:47:00.0","sleepMeasurementEndGMT":"2022-03-26T06:01:00.0","averageSPO2":96.0,"averageHR":50.0,"lowestSPO2":89},"averageRespiration":15.0,"lowestRespiration":11.0,"highestRespiration":21.0,"retro":false,"awakeCount":0,"avgSleepStress":8.85576923076923,"sleepScores":{"overallScore":62,"qualityScore":75,"durationScore":55,"recoveryScore":100,"deepScore":53,"remScore":0,"lightScore":0,"awakeningsCountScore":100,"awakeTimeScore":100,"combinedAwakeScore":100,"restfulnessScore":0,"feedback":"NEGATIVE_SHORT_AND_POOR_STRUCTURE","insight":"NONE"}},{"sleepStartTimestampGMT":"2022-03-26T23:43:00.0","sleepEndTimestampGMT":"2022-03-27T06:33:00.0","calendarDate":"2022-03-27","sleepWindowConfirmationType":"ENHANCED_CONFIRMED_FINAL","deepSleepSeconds":600,"lightSleepSeconds":21480,"remSleepSeconds":2220,"awakeSleepSeconds":300,"unmeasurableSeconds":0,"spo2SleepSummary":{"userProfilePk":87578117,"deviceId":3324959462,"sleepMeasurementStartGMT":"2022-03-26T23:44:00.0","sleepMeasurementEndGMT":"2022-03-27T06:31:00.0","averageSPO2":95.0,"averageHR":48.0,"lowestSPO2":85},"averageRespiration":15.0,"lowestRespiration":12.0,"highestRespiration":22.0,"retro":false,"awakeCount":0,"avgSleepStress":6.561224489795919,"sleepScores":{"overallScore":75,"qualityScore":75,"durationScore":75,"recoveryScore":100,"deepScore":0,"remScore":0,"lightScore":0,"awakeningsCountScore":100,"awakeTimeScore":100,"combinedAwakeScore":100,"restfulnessScore":50,"feedback":"NEGATIVE_LIGHT","insight":"NEGATIVE_STRENUOUS_EXERCISE"}},{"sleepStartTimestampGMT":"2022-03-27T21:29:00.0","sleepEndTimestampGMT":"2022-03-28T00:43:00.0","calendarDate":"2022-03-28","sleepWindowConfirmationType":"ENHANCED_CONFIRMED_FINAL","deepSleepSeconds":1020,"lightSleepSeconds":9420,"awakeSleepSeconds":1200,"unmeasurableSeconds":0,"spo2SleepSummary":{"userProfilePk":87578117,"deviceId":3324959462,"sleepMeasurementStartGMT":"2022-03-27T21:30:00.0","sleepMeasurementEndGMT":"2022-03-28T00:43:00.0","averageSPO2":96.0,"averageHR":57.0,"lowestSPO2":91},"averageRespiration":16.0,"lowestRespiration":9.0,"highestRespiration":19.0,"retro":false,"awakeCount":1,"avgSleepStress":27.047120418848166,"sleepScores":{"overallScore":0,"qualityScore":0,"durationScore":0,"recoveryScore":0,"deepScore":0,"remScore":0,"lightScore":0,"awakeningsCountScore":0,"awakeTimeScore":0,"combinedAwakeScore":0,"restfulnessScore":0,"feedback":"NONE","insight":"NONE"}},{"sleepStartTimestampGMT":"2022-03-29T21:40:00.0","sleepEndTimestampGMT":"2022-03-30T04:59:00.0","calendarDate":"2022-03-30","sleepWindowConfirmationType":"ENHANCED_CONFIRMED_FINAL","deepSleepSeconds":0,"lightSleepSeconds":16680,"remSleepSeconds":8520,"awakeSleepSeconds":0,"unmeasurableSeconds":1140,"spo2SleepSummary":{"userProfilePk":87578117,"deviceId":3324959462,"sleepMeasurementStartGMT":"2022-03-29T21:41:00.0","sleepMeasurementEndGMT":"2022-03-30T04:56:00.0","averageSPO2":95.0,"averageHR":52.0,"lowestSPO2":86},"averageRespiration":14.0,"lowestRespiration":9.0,"highestRespiration":20.0,"retro":false,"awakeCount":0,"avgSleepStress":14.529411764705882,"sleepScores":{"overallScore":75,"qualityScore":73,"durationScore":78,"recoveryScore":79,"deepScore":0,"remScore":69,"lightScore":73,"awakeningsCountScore":100,"awakeTimeScore":100,"combinedAwakeScore":100,"restfulnessScore":63,"feedback":"NEGATIVE_LIGHT","insight":"NONE"}},{"sleepStartTimestampGMT":"2022-03-31T23:51:00.0","sleepEndTimestampGMT":"2022-04-01T05:34:00.0","calendarDate":"2022-04-01","sleepWindowConfirmationType":"ENHANCED_CONFIRMED_FINAL","deepSleepSeconds":1740,"lightSleepSeconds":15720,"remSleepSeconds":3120,"awakeSleepSeconds":0,"unmeasurableSeconds":0,"spo2SleepSummary":{"userProfilePk":87578117,"deviceId":3324959462,"sleepMeasurementStartGMT":"2022-03-31T23:52:00.0","sleepMeasurementEndGMT":"2022-04-01T05:31:00.0","averageSPO2":95.0,"averageHR":53.0,"lowestSPO2":88},"averageRespiration":15.0,"lowestRespiration":13.0,"highestRespiration":21.0,"retro":false,"awakeCount":0,"avgSleepStress":12.354651162790697,"sleepScores":{"overallScore":70,"qualityScore":78,"durationScore":62,"recoveryScore":90,"deepScore":46,"remScore":62,"lightScore":29,"awakeningsCountScore":100,"awakeTimeScore":100,"combinedAwakeScore":100,"restfulnessScore":26,"feedback":"NEGATIVE_RESTLESS","insight":"NONE"}},{"sleepStartTimestampGMT":"2022-04-01T22:31:00.0","sleepEndTimestampGMT":"2022-04-02T05:34:00.0","calendarDate":"2022-04-02","sleepWindowConfirmationType":"ENHANCED_CONFIRMED_FINAL","deepSleepSeconds":0,"lightSleepSeconds":20280,"remSleepSeconds":3840,"awakeSleepSeconds":300,"unmeasurableSeconds":960,"spo2SleepSummary":{"userProfilePk":87578117,"deviceId":3324959462,"sleepMeasurementStartGMT":"2022-04-01T22:32:00.0","sleepMeasurementEndGMT":"2022-04-02T05:31:00.0","averageSPO2":95.0,"averageHR":51.0,"lowestSPO2":89},"averageRespiration":15.0,"lowestRespiration":12.0,"highestRespiration":21.0,"retro":false,"awakeCount":0,"avgSleepStress":11.678391959798995,"sleepScores":{"overallScore":75,"qualityScore":75,"durationScore":75,"recoveryScore":88,"deepScore":0,"remScore":65,"lightScore":0,"awakeningsCountScore":100,"awakeTimeScore":100,"combinedAwakeScore":100,"restfulnessScore":42,"feedback":"NEGATIVE_LIGHT","insight":"NONE"}},{"sleepStartTimestampGMT":"2022-04-02T20:15:00.0","sleepEndTimestampGMT":"2022-04-03T04:02:00.0","calendarDate":"2022-04-03","sleepWindowConfirmationType":"ENHANCED_CONFIRMED_FINAL","deepSleepSeconds":300,"lightSleepSeconds":14820,"remSleepSeconds":3840,"awakeSleepSeconds":9060,"unmeasurableSeconds":0,"spo2SleepSummary":{"userProfilePk":87578117,"deviceId":3324959462,"sleepMeasurementStartGMT":"2022-04-02T20:20:00.0","sleepMeasurementEndGMT":"2022-04-03T04:01:00.0","averageSPO2":96.0,"averageHR":56.0,"lowestSPO2":88},"averageRespiration":14.0,"lowestRespiration":9.0,"highestRespiration":21.0,"retro":false,"awakeCount":2,"avgSleepStress":24.1036866359447,"sleepScores":{"overallScore":32,"qualityScore":52,"durationScore":55,"recoveryScore":73,"deepScore":0,"remScore":79,"lightScore":15,"awakeningsCountScore":75,"awakeTimeScore":0,"combinedAwakeScore":37,"restfulnessScore":0,"feedback":"NEGATIVE_SHORT_AND_POOR_QUALITY","insight":"NEGATIVE_LATE_STRENUOUS_EXERCISE"}},{"sleepStartTimestampGMT":"2022-04-03T21:50:00.0","sleepEndTimestampGMT":"2022-04-04T05:17:00.0","calendarDate":"2022-04-04","sleepWindowConfirmationType":"ENHANCED_CONFIRMED_FINAL","deepSleepSeconds":2100,"lightSleepSeconds":19260,"remSleepSeconds":4740,"awakeSleepSeconds":720,"unmeasurableSeconds":0,"spo2SleepSummary":{"userProfilePk":87578117,"deviceId":3324959462,"sleepMeasurementStartGMT":"2022-04-03T21:51:00.0","sleepMeasurementEndGMT":"2022-04-04T05:15:00.0","averageSPO2":96.0,"averageHR":46.0,"lowestSPO2":91},"averageRespiration":15.0,"lowestRespiration":12.0,"highestRespiration":22.0,"retro":false,"awakeCount":1,"avgSleepStress":6.806976744186047,"sleepScores":{"overallScore":81,"qualityScore":79,"durationScore":83,"recoveryScore":100,"deepScore":41,"remScore":72,"lightScore":50,"awakeningsCountScore":87,"awakeTimeScore":91,"combinedAwakeScore":89,"restfulnessScore":0,"feedback":"NEGATIVE_LONG_BUT_RESTLESS","insight":"NONE"}},{"sleepStartTimestampGMT":"2022-04-04T22:23:00.0","sleepEndTimestampGMT":"2022-04-05T05:52:00.0","calendarDate":"2022-04-05","sleepWindowConfirmationType":"ENHANCED_CONFIRMED_FINAL","deepSleepSeconds":540,"lightSleepSeconds":15060,"remSleepSeconds":10920,"awakeSleepSeconds":420,"unmeasurableSeconds":0,"spo2SleepSummary":{"userProfilePk":87578117,"deviceId":3324959462,"sleepMeasurementStartGMT":"2022-04-04T22:24:00.0","sleepMeasurementEndGMT":"2022-04-05T05:51:00.0","averageSPO2":96.0,"averageHR":58.0,"lowestSPO2":90},"averageRespiration":15.0,"lowestRespiration":9.0,"highestRespiration":22.0,"retro":false,"awakeCount":0,"avgSleepStress":29.004608294930875,"sleepScores":{"overallScore":35,"qualityScore":22,"durationScore":86,"recoveryScore":13,"deepScore":0,"remScore":0,"lightScore":98,"awakeningsCountScore":100,"awakeTimeScore":97,"combinedAwakeScore":98,"restfulnessScore":31,"feedback":"NEGATIVE_LONG_BUT_POOR_QUALITY","insight":"NEGATIVE_HIGHLY_STRESSFUL_DAY"}},{"sleepStartTimestampGMT":"2022-04-05T20:39:00.0","sleepEndTimestampGMT":"2022-04-06T05:12:00.0","calendarDate":"2022-04-06","sleepWindowConfirmationType":"ENHANCED_CONFIRMED_FINAL","deepSleepSeconds":3660,"lightSleepSeconds":17700,"remSleepSeconds":8760,"awakeSleepSeconds":0,"unmeasurableSeconds":660,"spo2SleepSummary":{"userProfilePk":87578117,"deviceId":3324959462,"sleepMeasurementStartGMT":"2022-04-05T20:40:00.0","sleepMeasurementEndGMT":"2022-04-06T05:11:00.0","averageSPO2":95.0,"averageHR":60.0,"lowestSPO2":87},"averageRespiration":15.0,"lowestRespiration":9.0,"highestRespiration":19.0,"retro":false,"awakeCount":0,"avgSleepStress":27.799188640973632,"sleepScores":{"overallScore":63,"qualityScore":43,"durationScore":100,"recoveryScore":24,"deepScore":69,"remScore":88,"lightScore":93,"awakeningsCountScore":100,"awakeTimeScore":100,"combinedAwakeScore":100,"restfulnessScore":66,"feedback":"NEGATIVE_LONG_BUT_NOT_RESTORATIVE","insight":"NEGATIVE_STRESSFUL_DAY"}},{"sleepStartTimestampGMT":"2022-04-07T00:00:00.0","sleepEndTimestampGMT":"2022-04-07T04:59:00.0","calendarDate":"2022-04-07","sleepWindowConfirmationType":"ENHANCED_CONFIRMED_FINAL","deepSleepSeconds":1920,"lightSleepSeconds":12120,"remSleepSeconds":3900,"awakeSleepSeconds":0,"unmeasurableSeconds":0,"spo2SleepSummary":{"userProfilePk":87578117,"deviceId":3324959462,"sleepMeasurementStartGMT":"2022-04-07T00:01:00.0","sleepMeasurementEndGMT":"2022-04-07T04:56:00.0","averageSPO2":96.0,"averageHR":59.0,"lowestSPO2":87},"averageRespiration":16.0,"lowestRespiration":12.0,"highestRespiration":21.0,"retro":false,"awakeCount":0,"avgSleepStress":22.63573883161512,"sleepScores":{"overallScore":57,"qualityScore":71,"durationScore":51,"recoveryScore":60,"deepScore":64,"remScore":88,"lightScore":70,"awakeningsCountScore":100,"awakeTimeScore":100,"combinedAwakeScore":100,"restfulnessScore":64,"feedback":"POSITIVE_SHORT_BUT_CONTINUOUS","insight":"NONE"}},{"sleepStartTimestampGMT":"2022-04-07T21:21:00.0","sleepEndTimestampGMT":"2022-04-08T04:14:00.0","calendarDate":"2022-04-08","sleepWindowConfirmationType":"ENHANCED_CONFIRMED_FINAL","deepSleepSeconds":3060,"lightSleepSeconds":20100,"remSleepSeconds":1080,"awakeSleepSeconds":540,"unmeasurableSeconds":0,"spo2SleepSummary":{"userProfilePk":87578117,"deviceId":3324959462,"sleepMeasurementStartGMT":"2022-04-07T21:22:00.0","sleepMeasurementEndGMT":"2022-04-08T04:11:00.0","averageSPO2":96.0,"averageHR":54.0,"lowestSPO2":88},"averageRespiration":16.0,"lowestRespiration":11.0,"highestRespiration":22.0,"retro":false,"awakeCount":1,"avgSleepStress":12.38888888888889,"sleepScores":{"overallScore":73,"qualityScore":72,"durationScore":75,"recoveryScore":88,"deepScore":70,"remScore":0,"lightScore":0,"awakeningsCountScore":87,"awakeTimeScore":95,"combinedAwakeScore":91,"restfulnessScore":32,"feedback":"NEGATIVE_NOT_REFRESHING","insight":"NONE"}},{"sleepStartTimestampGMT":"2022-04-08T21:37:00.0","sleepEndTimestampGMT":"2022-04-09T04:55:00.0","calendarDate":"2022-04-09","sleepWindowConfirmationType":"ENHANCED_CONFIRMED_FINAL","deepSleepSeconds":1020,"lightSleepSeconds":20280,"remSleepSeconds":4140,"awakeSleepSeconds":840,"unmeasurableSeconds":0,"spo2SleepSummary":{"userProfilePk":87578117,"deviceId":3324959462,"sleepMeasurementStartGMT":"2022-04-08T21:38:00.0","sleepMeasurementEndGMT":"2022-04-09T04:51:00.0","averageSPO2":95.0,"averageHR":47.0,"lowestSPO2":87},"averageRespiration":15.0,"lowestRespiration":12.0,"highestRespiration":21.0,"retro":false,"awakeCount":1,"avgSleepStress":5.158273381294964,"sleepScores":{"overallScore":80,"qualityScore":81,"durationScore":79,"recoveryScore":100,"deepScore":0,"remScore":66,"lightScore":2,"awakeningsCountScore":87,"awakeTimeScore":88,"combinedAwakeScore":87,"restfulnessScore":69,"feedback":"POSITIVE_RECOVERING","insight":"NONE"}},{"sleepStartTimestampGMT":"2022-04-09T20:19:00.0","sleepEndTimestampGMT":"2022-04-10T04:32:00.0","calendarDate":"2022-04-10","sleepWindowConfirmationType":"ENHANCED_CONFIRMED_FINAL","deepSleepSeconds":1020,"lightSleepSeconds":19080,"remSleepSeconds":9480,"awakeSleepSeconds":0,"unmeasurableSeconds":0,"spo2SleepSummary":{"userProfilePk":87578117,"deviceId":3324959462,"sleepMeasurementStartGMT":"2022-04-09T20:20:00.0","sleepMeasurementEndGMT":"2022-04-10T04:31:00.0","averageSPO2":94.0,"averageHR":53.0,"lowestSPO2":84},"averageRespiration":16.0,"lowestRespiration":12.0,"highestRespiration":21.0,"retro":false,"awakeCount":0,"avgSleepStress":17.95926680244399,"sleepScores":{"overallScore":78,"qualityScore":69,"durationScore":100,"recoveryScore":74,"deepScore":0,"remScore":75,"lightScore":76,"awakeningsCountScore":100,"awakeTimeScore":100,"combinedAwakeScore":100,"restfulnessScore":48,"feedback":"NEGATIVE_LONG_BUT_LIGHT","insight":"NEGATIVE_VERY_STRENUOUS_EXERCISE"}},{"sleepStartTimestampGMT":"2022-04-10T21:53:00.0","sleepEndTimestampGMT":"2022-04-11T04:22:00.0","calendarDate":"2022-04-11","sleepWindowConfirmationType":"ENHANCED_CONFIRMED_FINAL","deepSleepSeconds":840,"lightSleepSeconds":16800,"remSleepSeconds":5700,"awakeSleepSeconds":0,"unmeasurableSeconds":0,"spo2SleepSummary":{"userProfilePk":87578117,"deviceId":3324959462,"sleepMeasurementStartGMT":"2022-04-10T21:54:00.0","sleepMeasurementEndGMT":"2022-04-11T04:21:00.0","averageSPO2":95.0,"averageHR":52.0,"lowestSPO2":86},"averageRespiration":16.0,"lowestRespiration":11.0,"highestRespiration":21.0,"retro":false,"awakeCount":0,"avgSleepStress":14.579896907216495,"sleepScores":{"overallScore":76,"qualityScore":77,"durationScore":72,"recoveryScore":81,"deepScore":0,"remScore":100,"lightScore":61,"awakeningsCountScore":100,"awakeTimeScore":100,"combinedAwakeScore":100,"restfulnessScore":61,"feedback":"NEGATIVE_LIGHT","insight":"NONE"}},{"sleepStartTimestampGMT":"2022-04-11T19:35:00.0","sleepEndTimestampGMT":"2022-04-12T04:37:00.0","calendarDate":"2022-04-12","sleepWindowConfirmationType":"ENHANCED_CONFIRMED_FINAL","deepSleepSeconds":1020,"lightSleepSeconds":23700,"remSleepSeconds":7800,"awakeSleepSeconds":0,"unmeasurableSeconds":0,"spo2SleepSummary":{"userProfilePk":87578117,"deviceId":3324959462,"sleepMeasurementStartGMT":"2022-04-11T19:36:00.0","sleepMeasurementEndGMT":"2022-04-12T04:35:00.0","averageSPO2":95.0,"averageHR":54.0,"lowestSPO2":87},"averageRespiration":15.0,"lowestRespiration":10.0,"highestRespiration":19.0,"retro":false,"awakeCount":0,"avgSleepStress":17.97962962962963,"sleepScores":{"overallScore":81,"qualityScore":73,"durationScore":100,"recoveryScore":73,"deepScore":0,"remScore":100,"lightScore":57,"awakeningsCountScore":100,"awakeTimeScore":100,"combinedAwakeScore":100,"restfulnessScore":66,"feedback":"POSITIVE_LONG_AND_REFRESHING","insight":"POSITIVE_EXERCISE"}},{"sleepStartTimestampGMT":"2022-04-12T20:03:00.0","sleepEndTimestampGMT":"2022-04-13T04:56:00.0","calendarDate":"2022-04-13","sleepWindowConfirmationType":"ENHANCED_CONFIRMED_FINAL","deepSleepSeconds":1860,"lightSleepSeconds":22380,"remSleepSeconds":5040,"awakeSleepSeconds":2700,"unmeasurableSeconds":0,"spo2SleepSummary":{"userProfilePk":87578117,"deviceId":3324959462,"sleepMeasurementStartGMT":"2022-04-12T20:04:00.0","sleepMeasurementEndGMT":"2022-04-13T04:56:00.0","averageSPO2":96.0,"averageHR":55.0,"lowestSPO2":88},"averageRespiration":15.0,"lowestRespiration":11.0,"highestRespiration":20.0,"retro":false,"awakeCount":2,"avgSleepStress":17.269749518304433,"sleepScores":{"overallScore":76,"qualityScore":66,"durationScore":100,"recoveryScore":76,"deepScore":18,"remScore":69,"lightScore":29,"awakeningsCountScore":75,"awakeTimeScore":55,"combinedAwakeScore":65,"restfulnessScore":67,"feedback":"NEGATIVE_LONG_BUT_LIGHT","insight":"NONE"}},{"sleepStartTimestampGMT":"2022-04-14T20:49:00.0","sleepEndTimestampGMT":"2022-04-15T05:05:00.0","calendarDate":"2022-04-15","sleepWindowConfirmationType":"ENHANCED_CONFIRMED_FINAL","deepSleepSeconds":420,"lightSleepSeconds":22440,"remSleepSeconds":6240,"awakeSleepSeconds":660,"unmeasurableSeconds":0,"spo2SleepSummary":{"userProfilePk":87578117,"deviceId":3324959462,"sleepMeasurementStartGMT":"2022-04-14T20:50:00.0","sleepMeasurementEndGMT":"2022-04-15T05:05:00.0","averageSPO2":95.0,"averageHR":52.0,"lowestSPO2":90},"averageRespiration":15.0,"lowestRespiration":12.0,"highestRespiration":21.0,"retro":false,"awakeCount":1,"avgSleepStress":13.131687242798353,"sleepScores":{"overallScore":84,"qualityScore":77,"durationScore":100,"recoveryScore":88,"deepScore":0,"remScore":86,"lightScore":23,"awakeningsCountScore":87,"awakeTimeScore":92,"combinedAwakeScore":89,"restfulnessScore":69,"feedback":"POSITIVE_LONG_AND_CONTINUOUS","insight":"POSITIVE_EXERCISE"}},{"sleepStartTimestampGMT":"2022-04-16T21:55:00.0","sleepEndTimestampGMT":"2022-04-17T05:42:00.0","calendarDate":"2022-04-17","sleepWindowConfirmationType":"ENHANCED_CONFIRMED_FINAL","deepSleepSeconds":3300,"lightSleepSeconds":19380,"remSleepSeconds":5160,"awakeSleepSeconds":180,"unmeasurableSeconds":0,"spo2SleepSummary":{"userProfilePk":87578117,"deviceId":3324959462,"sleepMeasurementStartGMT":"2022-04-16T21:56:00.0","sleepMeasurementEndGMT":"2022-04-17T05:41:00.0","averageSPO2":95.0,"averageHR":56.0,"lowestSPO2":86},"averageRespiration":17.0,"lowestRespiration":13.0,"highestRespiration":21.0,"retro":false,"awakeCount":0,"avgSleepStress":17.356521739130436,"sleepScores":{"overallScore":83,"qualityScore":77,"durationScore":95,"recoveryScore":75,"deepScore":68,"remScore":73,"lightScore":66,"awakeningsCountScore":100,"awakeTimeScore":100,"combinedAwakeScore":100,"restfulnessScore":56,"feedback":"POSITIVE_LONG_AND_CONTINUOUS","insight":"NONE"}},{"sleepStartTimestampGMT":"2022-04-18T21:33:00.0","sleepEndTimestampGMT":"2022-04-19T04:56:00.0","calendarDate":"2022-04-19","sleepWindowConfirmationType":"ENHANCED_CONFIRMED_FINAL","deepSleepSeconds":540,"lightSleepSeconds":23760,"remSleepSeconds":2280,"awakeSleepSeconds":0,"unmeasurableSeconds":0,"spo2SleepSummary":{"userProfilePk":87578117,"deviceId":3324959462,"sleepMeasurementStartGMT":"2022-04-18T21:34:00.0","sleepMeasurementEndGMT":"2022-04-19T04:56:00.0","averageSPO2":95.0,"averageHR":50.0,"lowestSPO2":88},"averageRespiration":15.0,"lowestRespiration":9.0,"highestRespiration":21.0,"retro":false,"awakeCount":0,"avgSleepStress":11.538461538461538,"sleepScores":{"overallScore":73,"qualityScore":66,"durationScore":87,"recoveryScore":92,"deepScore":0,"remScore":0,"lightScore":0,"awakeningsCountScore":100,"awakeTimeScore":100,"combinedAwakeScore":100,"restfulnessScore":0,"feedback":"NEGATIVE_LONG_BUT_LIGHT","insight":"NONE"}},{"sleepStartTimestampGMT":"2022-04-19T21:33:00.0","sleepEndTimestampGMT":"2022-04-20T04:04:00.0","calendarDate":"2022-04-20","sleepWindowConfirmationType":"MANUALLY_CONFIRMED","deepSleepSeconds":900,"lightSleepSeconds":18540,"remSleepSeconds":4020,"awakeSleepSeconds":0,"unmeasurableSeconds":0,"spo2SleepSummary":{"userProfilePk":87578117,"deviceId":3324959462,"sleepMeasurementStartGMT":"2022-04-19T21:34:00.0","sleepMeasurementEndGMT":"2022-04-20T04:00:00.0","averageSPO2":96.0,"averageHR":50.0,"lowestSPO2":91},"averageRespiration":15.0,"lowestRespiration":11.0,"highestRespiration":20.0,"retro":false,"awakeCount":0,"avgSleepStress":13.135897435897435,"sleepScores":{"overallScore":76,"qualityScore":77,"durationScore":74,"recoveryScore":86,"deepScore":0,"remScore":69,"lightScore":8,"awakeningsCountScore":100,"awakeTimeScore":100,"combinedAwakeScore":100,"restfulnessScore":67,"feedback":"POSITIVE_CONTINUOUS","insight":"POSITIVE_EXERCISE"}},{"sleepStartTimestampGMT":"2022-04-20T21:24:00.0","sleepEndTimestampGMT":"2022-04-21T03:48:00.0","calendarDate":"2022-04-21","sleepWindowConfirmationType":"ENHANCED_CONFIRMED_FINAL","deepSleepSeconds":5040,"lightSleepSeconds":16440,"remSleepSeconds":1260,"awakeSleepSeconds":300,"unmeasurableSeconds":0,"spo2SleepSummary":{"userProfilePk":87578117,"deviceId":3324959462,"sleepMeasurementStartGMT":"2022-04-20T21:25:00.0","sleepMeasurementEndGMT":"2022-04-21T03:46:00.0","averageSPO2":96.0,"averageHR":50.0,"lowestSPO2":81},"averageRespiration":16.0,"lowestRespiration":13.0,"highestRespiration":22.0,"retro":false,"awakeCount":0,"avgSleepStress":9.47012987012987,"sleepScores":{"overallScore":79,"qualityScore":85,"durationScore":70,"recoveryScore":100,"deepScore":100,"remScore":0,"lightScore":60,"awakeningsCountScore":100,"awakeTimeScore":100,"combinedAwakeScore":100,"restfulnessScore":49,"feedback":"POSITIVE_RECOVERING","insight":"NONE"}},{"sleepStartTimestampGMT":"2022-04-21T21:27:00.0","sleepEndTimestampGMT":"2022-04-22T04:00:00.0","calendarDate":"2022-04-22","sleepWindowConfirmationType":"ENHANCED_CONFIRMED_FINAL","deepSleepSeconds":2040,"lightSleepSeconds":17460,"remSleepSeconds":3540,"awakeSleepSeconds":540,"unmeasurableSeconds":0,"spo2SleepSummary":{"userProfilePk":87578117,"deviceId":3324959462,"sleepMeasurementStartGMT":"2022-04-21T21:28:00.0","sleepMeasurementEndGMT":"2022-04-22T03:56:00.0","averageSPO2":95.0,"averageHR":55.0,"lowestSPO2":88},"averageRespiration":16.0,"lowestRespiration":12.0,"highestRespiration":22.0,"retro":false,"awakeCount":1,"avgSleepStress":20.2680412371134,"sleepScores":{"overallScore":72,"qualityScore":72,"durationScore":71,"recoveryScore":73,"deepScore":51,"remScore":63,"lightScore":33,"awakeningsCountScore":87,"awakeTimeScore":88,"combinedAwakeScore":87,"restfulnessScore":63,"feedback":"NEGATIVE_LIGHT","insight":"NONE"}},{"sleepStartTimestampGMT":"2022-04-22T23:02:00.0","sleepEndTimestampGMT":"2022-04-23T05:19:00.0","calendarDate":"2022-04-23","sleepWindowConfirmationType":"ENHANCED_CONFIRMED_FINAL","deepSleepSeconds":2880,"lightSleepSeconds":16500,"remSleepSeconds":3240,"awakeSleepSeconds":0,"unmeasurableSeconds":0,"spo2SleepSummary":{"userProfilePk":87578117,"deviceId":3324959462,"sleepMeasurementStartGMT":"2022-04-22T23:03:00.0","sleepMeasurementEndGMT":"2022-04-23T05:16:00.0","averageSPO2":95.0,"averageHR":51.0,"lowestSPO2":87},"averageRespiration":16.0,"lowestRespiration":12.0,"highestRespiration":21.0,"retro":false,"awakeCount":0,"avgSleepStress":13.294985250737463,"sleepScores":{"overallScore":75,"qualityScore":78,"durationScore":69,"recoveryScore":86,"deepScore":71,"remScore":58,"lightScore":56,"awakeningsCountScore":100,"awakeTimeScore":100,"combinedAwakeScore":100,"restfulnessScore":17,"feedback":"NEGATIVE_RESTLESS","insight":"NONE"}},{"sleepStartTimestampGMT":"2022-04-23T21:08:00.0","sleepEndTimestampGMT":"2022-04-24T05:48:00.0","calendarDate":"2022-04-24","sleepWindowConfirmationType":"ENHANCED_CONFIRMED_FINAL","deepSleepSeconds":360,"lightSleepSeconds":18780,"remSleepSeconds":5880,"awakeSleepSeconds":6180,"unmeasurableSeconds":0,"spo2SleepSummary":{"userProfilePk":87578117,"deviceId":3324959462,"sleepMeasurementStartGMT":"2022-04-23T21:10:00.0","sleepMeasurementEndGMT":"2022-04-24T05:45:00.0","averageSPO2":96.0,"averageHR":57.0,"lowestSPO2":89},"averageRespiration":15.0,"lowestRespiration":11.0,"highestRespiration":20.0,"retro":false,"awakeCount":7,"avgSleepStress":21.128,"sleepScores":{"overallScore":58,"qualityScore":44,"durationScore":78,"recoveryScore":68,"deepScore":0,"remScore":100,"lightScore":40,"awakeningsCountScore":0,"awakeTimeScore":0,"combinedAwakeScore":0,"restfulnessScore":0,"feedback":"NEGATIVE_POOR_STRUCTURE","insight":"NONE"}},{"sleepStartTimestampGMT":"2022-04-24T22:01:00.0","sleepEndTimestampGMT":"2022-04-25T03:58:00.0","calendarDate":"2022-04-25","sleepWindowConfirmationType":"ENHANCED_CONFIRMED_FINAL","deepSleepSeconds":9420,"lightSleepSeconds":9480,"remSleepSeconds":2520,"awakeSleepSeconds":0,"unmeasurableSeconds":0,"spo2SleepSummary":{"userProfilePk":87578117,"deviceId":3324959462,"sleepMeasurementStartGMT":"2022-04-24T22:02:00.0","sleepMeasurementEndGMT":"2022-04-25T03:56:00.0","averageSPO2":95.0,"averageHR":59.0,"lowestSPO2":81},"averageRespiration":16.0,"lowestRespiration":12.0,"highestRespiration":21.0,"retro":false,"awakeCount":0,"avgSleepStress":28.784313725490197,"sleepScores":{"overallScore":39,"qualityScore":40,"durationScore":65,"recoveryScore":22,"deepScore":100,"remScore":23,"lightScore":100,"awakeningsCountScore":100,"awakeTimeScore":100,"combinedAwakeScore":100,"restfulnessScore":83,"feedback":"NEGATIVE_NOT_RESTORATIVE","insight":"NONE"}},{"sleepStartTimestampGMT":"2022-04-25T20:06:00.0","sleepEndTimestampGMT":"2022-04-26T04:21:00.0","calendarDate":"2022-04-26","sleepWindowConfirmationType":"ENHANCED_CONFIRMED_FINAL","deepSleepSeconds":1500,"lightSleepSeconds":23700,"remSleepSeconds":3960,"awakeSleepSeconds":540,"unmeasurableSeconds":0,"spo2SleepSummary":{"userProfilePk":87578117,"deviceId":3324959462,"sleepMeasurementStartGMT":"2022-04-25T20:07:00.0","sleepMeasurementEndGMT":"2022-04-26T04:21:00.0","averageSPO2":95.0,"averageHR":63.0,"lowestSPO2":89},"averageRespiration":16.0,"lowestRespiration":12.0,"highestRespiration":22.0,"retro":false,"awakeCount":1,"avgSleepStress":36.22085889570552,"sleepScores":{"overallScore":33,"qualityScore":15,"durationScore":100,"recoveryScore":0,"deepScore":2,"remScore":48,"lightScore":0,"awakeningsCountScore":87,"awakeTimeScore":95,"combinedAwakeScore":91,"restfulnessScore":69,"feedback":"NEGATIVE_LONG_BUT_NOT_RESTORATIVE","insight":"NONE"}},{"sleepStartTimestampGMT":"2022-04-26T23:02:00.0","sleepEndTimestampGMT":"2022-04-27T03:23:00.0","calendarDate":"2022-04-27","sleepWindowConfirmationType":"ENHANCED_CONFIRMED_FINAL","deepSleepSeconds":3480,"lightSleepSeconds":8820,"remSleepSeconds":3360,"awakeSleepSeconds":0,"unmeasurableSeconds":0,"spo2SleepSummary":{"userProfilePk":87578117,"deviceId":3324959462,"sleepMeasurementStartGMT":"2022-04-26T23:03:00.0","sleepMeasurementEndGMT":"2022-04-27T03:21:00.0","averageSPO2":96.0,"averageHR":67.0,"lowestSPO2":87},"averageRespiration":17.0,"lowestRespiration":12.0,"highestRespiration":21.0,"retro":false,"awakeCount":0,"avgSleepStress":42.9236641221374,"sleepScores":{"overallScore":8,"qualityScore":23,"durationScore":40,"recoveryScore":0,"deepScore":100,"remScore":86,"lightScore":99,"awakeningsCountScore":100,"awakeTimeScore":100,"combinedAwakeScore":100,"restfulnessScore":74,"feedback":"NEGATIVE_SHORT_AND_POOR_QUALITY","insight":"NEGATIVE_STRESSFUL_DAY"}},{"sleepStartTimestampGMT":"2022-04-27T22:24:00.0","sleepEndTimestampGMT":"2022-04-28T04:25:00.0","calendarDate":"2022-04-28","sleepWindowConfirmationType":"ENHANCED_CONFIRMED_FINAL","deepSleepSeconds":5100,"lightSleepSeconds":14460,"remSleepSeconds":2100,"awakeSleepSeconds":0,"unmeasurableSeconds":0,"spo2SleepSummary":{"userProfilePk":87578117,"deviceId":3324959462,"sleepMeasurementStartGMT":"2022-04-27T22:25:00.0","sleepMeasurementEndGMT":"2022-04-28T04:25:00.0","averageSPO2":95.0,"averageHR":61.0,"lowestSPO2":84},"averageRespiration":15.0,"lowestRespiration":8.0,"highestRespiration":22.0,"retro":false,"awakeCount":0,"avgSleepStress":27.58263305322129,"sleepScores":{"overallScore":37,"qualityScore":37,"durationScore":66,"recoveryScore":22,"deepScore":100,"remScore":0,"lightScore":71,"awakeningsCountScore":100,"awakeTimeScore":100,"combinedAwakeScore":100,"restfulnessScore":63,"feedback":"NEGATIVE_POOR_STRUCTURE","insight":"NONE"}},{"sleepStartTimestampGMT":"2022-04-28T21:57:00.0","sleepEndTimestampGMT":"2022-04-29T05:16:00.0","calendarDate":"2022-04-29","sleepWindowConfirmationType":"ENHANCED_CONFIRMED_FINAL","deepSleepSeconds":6300,"lightSleepSeconds":16080,"remSleepSeconds":3960,"awakeSleepSeconds":0,"unmeasurableSeconds":0,"spo2SleepSummary":{"userProfilePk":87578117,"deviceId":3324959462,"sleepMeasurementStartGMT":"2022-04-28T21:58:00.0","sleepMeasurementEndGMT":"2022-04-29T05:16:00.0","averageSPO2":96.0,"averageHR":57.0,"lowestSPO2":89},"averageRespiration":15.0,"lowestRespiration":10.0,"highestRespiration":20.0,"retro":false,"awakeCount":0,"avgSleepStress":16.857142857142858,"sleepScores":{"overallScore":82,"qualityScore":80,"durationScore":85,"recoveryScore":73,"deepScore":100,"remScore":62,"lightScore":84,"awakeningsCountScore":100,"awakeTimeScore":100,"combinedAwakeScore":100,"restfulnessScore":72,"feedback":"POSITIVE_LONG_AND_RECOVERING","insight":"NONE"}},{"sleepStartTimestampGMT":"2022-04-29T23:36:00.0","sleepEndTimestampGMT":"2022-04-30T05:06:00.0","calendarDate":"2022-04-30","sleepWindowConfirmationType":"ENHANCED_CONFIRMED_FINAL","deepSleepSeconds":540,"lightSleepSeconds":12780,"remSleepSeconds":3480,"awakeSleepSeconds":3000,"unmeasurableSeconds":0,"spo2SleepSummary":{"userProfilePk":87578117,"deviceId":3324959462,"sleepMeasurementStartGMT":"2022-04-29T23:37:00.0","sleepMeasurementEndGMT":"2022-04-30T05:05:00.0","averageSPO2":95.0,"averageHR":61.0,"lowestSPO2":88},"averageRespiration":15.0,"lowestRespiration":11.0,"highestRespiration":20.0,"retro":false,"awakeCount":1,"avgSleepStress":25.45288753799392,"sleepScores":{"overallScore":18,"qualityScore":41,"durationScore":45,"recoveryScore":39,"deepScore":0,"remScore":81,"lightScore":31,"awakeningsCountScore":87,"awakeTimeScore":50,"combinedAwakeScore":68,"restfulnessScore":0,"feedback":"NEGATIVE_SHORT_AND_POOR_QUALITY","insight":"NEGATIVE_STRESSFUL_DAY"}},{"sleepStartTimestampGMT":"2022-04-30T21:55:00.0","sleepEndTimestampGMT":"2022-05-01T05:36:00.0","calendarDate":"2022-05-01","sleepWindowConfirmationType":"ENHANCED_CONFIRMED_FINAL","deepSleepSeconds":1620,"lightSleepSeconds":24600,"remSleepSeconds":1440,"awakeSleepSeconds":0,"unmeasurableSeconds":0,"spo2SleepSummary":{"userProfilePk":87578117,"deviceId":3324959462,"sleepMeasurementStartGMT":"2022-04-30T21:56:00.0","sleepMeasurementEndGMT":"2022-05-01T05:36:00.0","averageSPO2":95.0,"averageHR":56.0,"lowestSPO2":86},"averageRespiration":16.0,"lowestRespiration":12.0,"highestRespiration":21.0,"retro":false,"awakeCount":0,"avgSleepStress":12.932242990654206,"sleepScores":{"overallScore":78,"qualityScore":71,"durationScore":94,"recoveryScore":87,"deepScore":11,"remScore":0,"lightScore":0,"awakeningsCountScore":100,"awakeTimeScore":100,"combinedAwakeScore":100,"restfulnessScore":65,"feedback":"NEGATIVE_LONG_BUT_NOT_REFRESHING","insight":"NEGATIVE_LATE_STRENUOUS_EXERCISE"}},{"sleepStartTimestampGMT":"2022-05-01T23:48:00.0","sleepEndTimestampGMT":"2022-05-02T05:48:00.0","calendarDate":"2022-05-02","sleepWindowConfirmationType":"ENHANCED_CONFIRMED_FINAL","deepSleepSeconds":2640,"lightSleepSeconds":15060,"remSleepSeconds":3900,"awakeSleepSeconds":0,"unmeasurableSeconds":0,"spo2SleepSummary":{"userProfilePk":87578117,"deviceId":3324959462,"sleepMeasurementStartGMT":"2022-05-01T23:49:00.0","sleepMeasurementEndGMT":"2022-05-02T05:46:00.0","averageSPO2":96.0,"averageHR":56.0,"lowestSPO2":87},"averageRespiration":16.0,"lowestRespiration":11.0,"highestRespiration":20.0,"retro":false,"awakeCount":0,"avgSleepStress":17.433333333333334,"sleepScores":{"overallScore":68,"qualityScore":69,"durationScore":66,"recoveryScore":69,"deepScore":69,"remScore":72,"lightScore":66,"awakeningsCountScore":100,"awakeTimeScore":100,"combinedAwakeScore":100,"restfulnessScore":0,"feedback":"POSITIVE_CONTINUOUS","insight":"NONE"}},{"sleepStartTimestampGMT":"2022-05-02T22:48:00.0","sleepEndTimestampGMT":"2022-05-03T05:14:00.0","calendarDate":"2022-05-03","sleepWindowConfirmationType":"ENHANCED_CONFIRMED_FINAL","deepSleepSeconds":2040,"lightSleepSeconds":17040,"remSleepSeconds":4020,"awakeSleepSeconds":60,"unmeasurableSeconds":0,"spo2SleepSummary":{"userProfilePk":87578117,"deviceId":3324959462,"sleepMeasurementStartGMT":"2022-05-02T22:49:00.0","sleepMeasurementEndGMT":"2022-05-03T05:11:00.0","averageSPO2":96.0,"averageHR":58.0,"lowestSPO2":89},"averageRespiration":16.0,"lowestRespiration":12.0,"highestRespiration":21.0,"retro":false,"awakeCount":0,"avgSleepStress":27.246684350132625,"sleepScores":{"overallScore":51,"qualityScore":44,"durationScore":71,"recoveryScore":28,"deepScore":51,"remScore":70,"lightScore":50,"awakeningsCountScore":100,"awakeTimeScore":100,"combinedAwakeScore":100,"restfulnessScore":72,"feedback":"NEGATIVE_NOT_RESTORATIVE","insight":"NEGATIVE_LATE_BED_TIME"}},{"sleepStartTimestampGMT":"2022-05-03T22:19:00.0","sleepEndTimestampGMT":"2022-05-04T05:17:00.0","calendarDate":"2022-05-04","sleepWindowConfirmationType":"ENHANCED_CONFIRMED_FINAL","deepSleepSeconds":3300,"lightSleepSeconds":11520,"remSleepSeconds":5760,"awakeSleepSeconds":3480,"unmeasurableSeconds":1020,"spo2SleepSummary":{"userProfilePk":87578117,"deviceId":3324959462,"sleepMeasurementStartGMT":"2022-05-03T22:22:00.0","sleepMeasurementEndGMT":"2022-05-04T05:16:00.0","averageSPO2":97.0,"averageHR":62.0,"lowestSPO2":86},"averageRespiration":16.0,"lowestRespiration":10.0,"highestRespiration":21.0,"retro":false,"awakeCount":1,"avgSleepStress":30.839506172839506,"sleepScores":{"overallScore":19,"qualityScore":25,"durationScore":62,"recoveryScore":8,"deepScore":83,"remScore":97,"lightScore":100,"awakeningsCountScore":87,"awakeTimeScore":42,"combinedAwakeScore":64,"restfulnessScore":47,"feedback":"NEGATIVE_NOT_RESTORATIVE","insight":"NONE"}},{"sleepStartTimestampGMT":"2022-05-04T23:34:00.0","sleepEndTimestampGMT":"2022-05-05T04:33:00.0","calendarDate":"2022-05-05","sleepWindowConfirmationType":"ENHANCED_CONFIRMED_FINAL","deepSleepSeconds":1740,"lightSleepSeconds":14640,"remSleepSeconds":1560,"awakeSleepSeconds":0,"unmeasurableSeconds":0,"retro":false,"awakeCount":0,"avgSleepStress":15.89,"sleepScores":{"overallScore":42,"qualityScore":63,"durationScore":51,"recoveryScore":74,"deepScore":61,"remScore":0,"lightScore":0,"awakeningsCountScore":100,"awakeTimeScore":100,"combinedAwakeScore":100,"restfulnessScore":0,"feedback":"NEGATIVE_SHORT_AND_POOR_STRUCTURE","insight":"NONE"}},{"sleepStartTimestampGMT":"2022-05-05T21:24:00.0","sleepEndTimestampGMT":"2022-05-06T04:36:00.0","calendarDate":"2022-05-06","sleepWindowConfirmationType":"ENHANCED_CONFIRMED_FINAL","deepSleepSeconds":1020,"lightSleepSeconds":19620,"remSleepSeconds":1920,"awakeSleepSeconds":3360,"unmeasurableSeconds":0,"retro":false,"awakeCount":3,"avgSleepStress":11.372365339578455,"sleepScores":{"overallScore":62,"qualityScore":57,"durationScore":69,"recoveryScore":92,"deepScore":0,"remScore":0,"lightScore":0,"awakeningsCountScore":65,"awakeTimeScore":44,"combinedAwakeScore":54,"restfulnessScore":0,"feedback":"NEGATIVE_POOR_STRUCTURE","insight":"NONE"}},{"sleepStartTimestampGMT":"2022-05-06T23:37:00.0","sleepEndTimestampGMT":"2022-05-07T07:11:00.0","calendarDate":"2022-05-07","sleepWindowConfirmationType":"ENHANCED_CONFIRMED_FINAL","deepSleepSeconds":2760,"lightSleepSeconds":17520,"remSleepSeconds":1500,"awakeSleepSeconds":5460,"unmeasurableSeconds":0,"retro":false,"awakeCount":5,"avgSleepStress":6.733644859813084,"sleepScores":{"overallScore":61,"qualityScore":58,"durationScore":66,"recoveryScore":100,"deepScore":71,"remScore":0,"lightScore":0,"awakeningsCountScore":0,"awakeTimeScore":9,"combinedAwakeScore":4,"restfulnessScore":0,"feedback":"NEGATIVE_POOR_STRUCTURE","insight":"NONE"}},{"sleepStartTimestampGMT":"2022-05-07T22:38:00.0","sleepEndTimestampGMT":"2022-05-08T04:38:00.0","calendarDate":"2022-05-08","sleepWindowConfirmationType":"ENHANCED_CONFIRMED_FINAL","deepSleepSeconds":1320,"lightSleepSeconds":17520,"remSleepSeconds":2040,"awakeSleepSeconds":720,"unmeasurableSeconds":0,"averageRespiration":16.0,"lowestRespiration":12.0,"highestRespiration":22.0,"retro":false,"awakeCount":1,"avgSleepStress":22.002777777777776,"sleepScores":{"overallScore":56,"qualityScore":58,"durationScore":63,"recoveryScore":64,"deepScore":18,"remScore":0,"lightScore":0,"awakeningsCountScore":87,"awakeTimeScore":91,"combinedAwakeScore":89,"restfulnessScore":61,"feedback":"NEGATIVE_POOR_STRUCTURE","insight":"NONE"}},{"sleepStartTimestampGMT":"2022-05-08T23:50:00.0","sleepEndTimestampGMT":"2022-05-09T07:09:00.0","calendarDate":"2022-05-09","sleepWindowConfirmationType":"ENHANCED_CONFIRMED_FINAL","deepSleepSeconds":1200,"lightSleepSeconds":18060,"remSleepSeconds":4980,"awakeSleepSeconds":2100,"unmeasurableSeconds":0,"spo2SleepSummary":{"userProfilePk":87578117,"deviceId":3324959462,"sleepMeasurementStartGMT":"2022-05-08T23:58:00.0","sleepMeasurementEndGMT":"2022-05-09T07:05:00.0","averageSPO2":96.0,"averageHR":50.0,"lowestSPO2":92},"averageRespiration":16.0,"lowestRespiration":12.0,"highestRespiration":23.0,"retro":false,"awakeCount":1,"avgSleepStress":13.510588235294117,"sleepScores":{"overallScore":68,"qualityScore":64,"durationScore":75,"recoveryScore":82,"deepScore":0,"remScore":80,"lightScore":44,"awakeningsCountScore":87,"awakeTimeScore":65,"combinedAwakeScore":76,"restfulnessScore":0,"feedback":"NEGATIVE_LIGHT","insight":"NEGATIVE_LATE_BED_TIME"}},{"sleepStartTimestampGMT":"2022-05-09T21:53:00.0","sleepEndTimestampGMT":"2022-05-10T03:21:00.0","calendarDate":"2022-05-10","sleepWindowConfirmationType":"ENHANCED_CONFIRMED_FINAL","deepSleepSeconds":0,"lightSleepSeconds":16680,"remSleepSeconds":1860,"awakeSleepSeconds":1140,"unmeasurableSeconds":0,"spo2SleepSummary":{"userProfilePk":87578117,"deviceId":3324959462,"sleepMeasurementStartGMT":"2022-05-09T22:04:00.0","sleepMeasurementEndGMT":"2022-05-10T03:21:00.0","averageSPO2":95.0,"averageHR":51.0,"lowestSPO2":92},"averageRespiration":14.0,"lowestRespiration":9.0,"highestRespiration":17.0,"retro":false,"awakeCount":1,"avgSleepStress":17.170886075949365,"sleepScores":{"overallScore":37,"qualityScore":59,"durationScore":53,"recoveryScore":75,"deepScore":0,"remScore":0,"lightScore":0,"awakeningsCountScore":87,"awakeTimeScore":81,"combinedAwakeScore":84,"restfulnessScore":45,"feedback":"NEGATIVE_SHORT_AND_POOR_QUALITY","insight":"NONE"}},{"sleepStartTimestampGMT":"2022-05-10T21:59:00.0","sleepEndTimestampGMT":"2022-05-11T01:40:00.0","calendarDate":"2022-05-11","sleepWindowConfirmationType":"ENHANCED_CONFIRMED_FINAL","deepSleepSeconds":2520,"lightSleepSeconds":9060,"remSleepSeconds":660,"awakeSleepSeconds":0,"unmeasurableSeconds":1020,"spo2SleepSummary":{"userProfilePk":87578117,"deviceId":3324959462,"sleepMeasurementStartGMT":"2022-05-10T22:00:00.0","sleepMeasurementEndGMT":"2022-05-11T01:40:00.0","averageSPO2":97.0,"averageHR":59.0,"lowestSPO2":91},"averageRespiration":16.0,"lowestRespiration":12.0,"highestRespiration":21.0,"retro":false,"awakeCount":0,"avgSleepStress":29.825136612021858,"sleepScores":{"overallScore":19,"qualityScore":35,"durationScore":54,"recoveryScore":25,"deepScore":94,"remScore":0,"lightScore":15,"awakeningsCountScore":87,"awakeTimeScore":29,"combinedAwakeScore":58,"restfulnessScore":70,"feedback":"NEGATIVE_SHORT_AND_POOR_QUALITY","insight":"NEGATIVE_STRESSFUL_DAY"}},{"sleepStartTimestampGMT":"2022-05-11T22:21:00.0","sleepEndTimestampGMT":"2022-05-12T05:12:00.0","calendarDate":"2022-05-12","sleepWindowConfirmationType":"ENHANCED_CONFIRMED_FINAL","deepSleepSeconds":1020,"lightSleepSeconds":14160,"remSleepSeconds":8820,"awakeSleepSeconds":660,"unmeasurableSeconds":0,"spo2SleepSummary":{"userProfilePk":87578117,"deviceId":3324959462,"sleepMeasurementStartGMT":"2022-05-11T22:23:00.0","sleepMeasurementEndGMT":"2022-05-12T05:10:00.0","averageSPO2":96.0,"averageHR":56.0,"lowestSPO2":82},"averageRespiration":15.0,"lowestRespiration":10.0,"highestRespiration":22.0,"retro":false,"awakeCount":1,"avgSleepStress":22.005089058524174,"sleepScores":{"overallScore":68,"qualityScore":64,"durationScore":74,"recoveryScore":63,"deepScore":0,"remScore":57,"lightScore":91,"awakeningsCountScore":87,"awakeTimeScore":92,"combinedAwakeScore":89,"restfulnessScore":89,"feedback":"NEGATIVE_LIGHT","insight":"NEGATIVE_LATE_STRENUOUS_EXERCISE"}},{"sleepStartTimestampGMT":"2022-05-12T20:17:00.0","sleepEndTimestampGMT":"2022-05-13T05:45:00.0","calendarDate":"2022-05-13","sleepWindowConfirmationType":"ENHANCED_CONFIRMED_FINAL","deepSleepSeconds":3540,"lightSleepSeconds":20640,"remSleepSeconds":5160,"awakeSleepSeconds":4740,"unmeasurableSeconds":0,"spo2SleepSummary":{"userProfilePk":87578117,"deviceId":3324959462,"sleepMeasurementStartGMT":"2022-05-12T20:18:00.0","sleepMeasurementEndGMT":"2022-05-13T05:45:00.0","averageSPO2":96.0,"averageHR":57.0,"lowestSPO2":90},"averageRespiration":15.0,"lowestRespiration":9.0,"highestRespiration":22.0,"retro":false,"awakeCount":2,"avgSleepStress":22.007272727272728,"sleepScores":{"overallScore":73,"qualityScore":62,"durationScore":100,"recoveryScore":63,"deepScore":69,"remScore":70,"lightScore":64,"awakeningsCountScore":75,"awakeTimeScore":21,"combinedAwakeScore":48,"restfulnessScore":66,"feedback":"NEGATIVE_LONG_BUT_DISCONTINUOUS","insight":"NONE"}},{"sleepStartTimestampGMT":"2022-05-13T23:02:00.0","sleepEndTimestampGMT":"2022-05-14T05:14:00.0","calendarDate":"2022-05-14","sleepWindowConfirmationType":"ENHANCED_CONFIRMED_FINAL","deepSleepSeconds":960,"lightSleepSeconds":13200,"remSleepSeconds":7860,"awakeSleepSeconds":300,"unmeasurableSeconds":0,"retro":false,"awakeCount":0,"avgSleepStress":20.387096774193548,"sleepScores":{"overallScore":65,"qualityScore":64,"durationScore":67,"recoveryScore":64,"deepScore":0,"remScore":63,"lightScore":88,"awakeningsCountScore":100,"awakeTimeScore":100,"combinedAwakeScore":100,"restfulnessScore":61,"feedback":"NEGATIVE_LIGHT","insight":"NONE"}},{"sleepStartTimestampGMT":"2022-05-14T21:53:00.0","sleepEndTimestampGMT":"2022-05-15T07:41:00.0","calendarDate":"2022-05-15","sleepWindowConfirmationType":"ENHANCED_CONFIRMED_FINAL","deepSleepSeconds":6840,"lightSleepSeconds":21060,"remSleepSeconds":1140,"awakeSleepSeconds":6240,"unmeasurableSeconds":0,"spo2SleepSummary":{"userProfilePk":87578117,"deviceId":3324959462,"sleepMeasurementStartGMT":"2022-05-14T21:54:00.0","sleepMeasurementEndGMT":"2022-05-15T07:41:00.0","averageSPO2":95.0,"averageHR":62.0,"lowestSPO2":88},"averageRespiration":14.0,"lowestRespiration":10.0,"highestRespiration":20.0,"retro":false,"awakeCount":1,"avgSleepStress":29.084805653710248,"sleepScores":{"overallScore":56,"qualityScore":57,"durationScore":100,"recoveryScore":73,"deepScore":100,"remScore":21,"lightScore":69,"awakeningsCountScore":74,"awakeTimeScore":0,"combinedAwakeScore":37,"restfulnessScore":22,"interruptionsScore":36,"feedback":"NEGATIVE_LONG_BUT_POOR_QUALITY","insight":"NONE"},"restlessMomentCount":86},{"sleepStartTimestampGMT":"2022-05-15T21:36:00.0","sleepEndTimestampGMT":"2022-05-16T06:00:00.0","calendarDate":"2022-05-16","sleepWindowConfirmationType":"ENHANCED_CONFIRMED_FINAL","deepSleepSeconds":300,"lightSleepSeconds":18000,"remSleepSeconds":10020,"awakeSleepSeconds":1920,"unmeasurableSeconds":0,"spo2SleepSummary":{"userProfilePk":87578117,"deviceId":3324959462,"sleepMeasurementStartGMT":"2022-05-15T21:37:00.0","sleepMeasurementEndGMT":"2022-05-16T06:00:00.0","averageSPO2":96.0,"averageHR":58.0,"lowestSPO2":87},"averageRespiration":16.0,"lowestRespiration":11.0,"highestRespiration":21.0,"retro":false,"awakeCount":1,"avgSleepStress":26.196787148594378,"sleepScores":{"overallScore":47,"qualityScore":45,"durationScore":99,"recoveryScore":17,"deepScore":11,"remScore":71,"lightScore":81,"awakeningsCountScore":87,"awakeTimeScore":68,"combinedAwakeScore":77,"restfulnessScore":70,"interruptionsScore":77,"feedback":"NEGATIVE_LONG_BUT_NOT_RESTORATIVE","insight":"NEGATIVE_STRESSFUL_DAY"},"restlessMomentCount":45},{"sleepStartTimestampGMT":"2022-05-16T20:22:00.0","sleepEndTimestampGMT":"2022-05-17T01:18:00.0","calendarDate":"2022-05-17","sleepWindowConfirmationType":"ENHANCED_CONFIRMED_FINAL","deepSleepSeconds":2280,"lightSleepSeconds":14880,"awakeSleepSeconds":600,"unmeasurableSeconds":0,"spo2SleepSummary":{"userProfilePk":87578117,"deviceId":3324959462,"sleepMeasurementStartGMT":"2022-05-16T20:28:00.0","sleepMeasurementEndGMT":"2022-05-17T01:18:00.0","averageSPO2":96.0,"averageHR":60.0,"lowestSPO2":91},"averageRespiration":15.0,"lowestRespiration":11.0,"highestRespiration":18.0,"retro":false,"awakeCount":1,"avgSleepStress":28.351535836177476,"sleepScores":{"overallScore":46,"qualityScore":53,"durationScore":47,"recoveryScore":49,"deepScore":75,"remScore":0,"lightScore":20,"awakeningsCountScore":87,"awakeTimeScore":93,"combinedAwakeScore":90,"restfulnessScore":25,"interruptionsScore":73,"feedback":"NEGATIVE_SHORT_AND_POOR_QUALITY","insight":"NEGATIVE_HIGHLY_STRESSFUL_DAY"},"restlessMomentCount":49},{"sleepStartTimestampGMT":"2022-05-17T20:03:00.0","sleepEndTimestampGMT":"2022-05-18T03:58:00.0","calendarDate":"2022-05-18","sleepWindowConfirmationType":"ENHANCED_CONFIRMED_FINAL","deepSleepSeconds":1860,"lightSleepSeconds":22440,"remSleepSeconds":1200,"awakeSleepSeconds":3000,"unmeasurableSeconds":0,"spo2SleepSummary":{"userProfilePk":87578117,"deviceId":3324959462,"sleepMeasurementStartGMT":"2022-05-17T20:04:00.0","sleepMeasurementEndGMT":"2022-05-18T03:56:00.0","averageSPO2":96.0,"averageHR":56.0,"lowestSPO2":88},"averageRespiration":15.0,"lowestRespiration":10.0,"highestRespiration":20.0,"retro":false,"awakeCount":1,"avgSleepStress":17.32181425485961,"sleepScores":{"overallScore":61,"qualityScore":60,"durationScore":79,"recoveryScore":66,"deepScore":63,"remScore":26,"lightScore":12,"awakeningsCountScore":87,"awakeTimeScore":50,"combinedAwakeScore":68,"restfulnessScore":62,"interruptionsScore":68,"feedback":"NEGATIVE_NOT_ENOUGH_REM","insight":"NEGATIVE_STRESSFUL_DAY"},"restlessMomentCount":46},{"sleepStartTimestampGMT":"2022-05-18T21:54:00.0","sleepEndTimestampGMT":"2022-05-19T02:22:00.0","calendarDate":"2022-05-19","sleepWindowConfirmationType":"ENHANCED_CONFIRMED_FINAL","deepSleepSeconds":4080,"lightSleepSeconds":10740,"awakeSleepSeconds":60,"unmeasurableSeconds":1200,"spo2SleepSummary":{"userProfilePk":87578117,"deviceId":3324959462,"sleepMeasurementStartGMT":"2022-05-18T21:55:00.0","sleepMeasurementEndGMT":"2022-05-19T02:21:00.0","averageSPO2":94.0,"averageHR":55.0,"lowestSPO2":86},"averageRespiration":15.0,"lowestRespiration":11.0,"highestRespiration":21.0,"retro":false,"awakeCount":0,"avgSleepStress":17.871559633027523,"sleepScores":{"overallScore":45,"qualityScore":74,"durationScore":36,"recoveryScore":74,"deepScore":100,"remScore":0,"lightScore":69,"awakeningsCountScore":100,"awakeTimeScore":100,"combinedAwakeScore":100,"restfulnessScore":92,"interruptionsScore":98,"feedback":"NEGATIVE_SHORT_AND_POOR_STRUCTURE","insight":"NEGATIVE_LATE_EXERCISE"},"restlessMomentCount":17},{"sleepStartTimestampGMT":"2022-05-19T19:31:00.0","sleepEndTimestampGMT":"2022-05-20T04:19:00.0","calendarDate":"2022-05-20","sleepWindowConfirmationType":"ENHANCED_CONFIRMED_FINAL","deepSleepSeconds":8040,"lightSleepSeconds":18360,"remSleepSeconds":2520,"awakeSleepSeconds":2760,"unmeasurableSeconds":0,"spo2SleepSummary":{"userProfilePk":87578117,"deviceId":3324959462,"sleepMeasurementStartGMT":"2022-05-19T19:36:00.0","sleepMeasurementEndGMT":"2022-05-20T04:16:00.0","averageSPO2":96.0,"averageHR":53.0,"lowestSPO2":92},"averageRespiration":15.0,"lowestRespiration":10.0,"highestRespiration":20.0,"retro":false,"awakeCount":1,"avgSleepStress":9.612284069097889,"sleepScores":{"overallScore":77,"qualityScore":80,"durationScore":100,"recoveryScore":100,"deepScore":100,"remScore":48,"lightScore":81,"awakeningsCountScore":87,"awakeTimeScore":54,"combinedAwakeScore":70,"restfulnessScore":42,"interruptionsScore":65,"feedback":"POSITIVE_LONG_AND_RECOVERING","insight":"NONE"},"restlessMomentCount":68},{"sleepStartTimestampGMT":"2022-05-20T22:27:00.0","sleepEndTimestampGMT":"2022-05-21T04:47:00.0","calendarDate":"2022-05-21","sleepWindowConfirmationType":"ENHANCED_CONFIRMED_FINAL","deepSleepSeconds":2040,"lightSleepSeconds":17100,"remSleepSeconds":3000,"awakeSleepSeconds":660,"unmeasurableSeconds":0,"spo2SleepSummary":{"userProfilePk":87578117,"deviceId":3324959462,"sleepMeasurementStartGMT":"2022-05-20T22:35:00.0","sleepMeasurementEndGMT":"2022-05-21T04:46:00.0","averageSPO2":97.0,"averageHR":48.0,"lowestSPO2":94},"averageRespiration":16.0,"lowestRespiration":12.0,"highestRespiration":22.0,"retro":false,"awakeCount":1,"avgSleepStress":7.591397849462366,"sleepScores":{"overallScore":72,"qualityScore":79,"durationScore":68,"recoveryScore":95,"deepScore":66,"remScore":65,"lightScore":63,"awakeningsCountScore":87,"awakeTimeScore":92,"combinedAwakeScore":89,"restfulnessScore":36,"interruptionsScore":75,"feedback":"NEGATIVE_RESTLESS","insight":"NEGATIVE_LATE_BED_TIME"},"restlessMomentCount":57},{"sleepStartTimestampGMT":"2022-05-21T20:52:00.0","sleepEndTimestampGMT":"2022-05-22T01:46:00.0","calendarDate":"2022-05-22","sleepWindowConfirmationType":"ENHANCED_CONFIRMED_FINAL","deepSleepSeconds":4320,"lightSleepSeconds":9060,"awakeSleepSeconds":4260,"unmeasurableSeconds":0,"spo2SleepSummary":{"userProfilePk":87578117,"deviceId":3324959462,"sleepMeasurementStartGMT":"2022-05-21T20:53:00.0","sleepMeasurementEndGMT":"2022-05-22T01:46:00.0","averageSPO2":97.0,"averageHR":61.0,"lowestSPO2":92},"averageRespiration":17.0,"lowestRespiration":12.0,"highestRespiration":23.0,"retro":false,"awakeCount":2,"avgSleepStress":32.160583941605836,"sleepScores":{"overallScore":28,"qualityScore":35,"durationScore":29,"recoveryScore":0,"deepScore":100,"remScore":0,"lightScore":75,"awakeningsCountScore":74,"awakeTimeScore":29,"combinedAwakeScore":51,"restfulnessScore":71,"interruptionsScore":56,"feedback":"NEGATIVE_SHORT_AND_POOR_QUALITY","insight":"NEGATIVE_VERY_STRENUOUS_EXERCISE"},"restlessMomentCount":21},{"sleepStartTimestampGMT":"2022-05-22T20:01:00.0","sleepEndTimestampGMT":"2022-05-23T05:58:12.0","calendarDate":"2022-05-23","sleepWindowConfirmationType":"ENHANCED_CONFIRMED_FINAL","deepSleepSeconds":0,"lightSleepSeconds":29700,"remSleepSeconds":4080,"awakeSleepSeconds":2040,"unmeasurableSeconds":0,"spo2SleepSummary":{"userProfilePk":87578117,"deviceId":3324959462,"sleepMeasurementStartGMT":"2022-05-22T20:02:00.0","sleepMeasurementEndGMT":"2022-05-23T05:56:00.0","averageSPO2":95.0,"averageHR":55.0,"lowestSPO2":84},"averageRespiration":16.0,"lowestRespiration":10.0,"highestRespiration":22.0,"retro":false,"awakeCount":2,"avgSleepStress":17.73229706390328,"sleepScores":{"overallScore":57,"qualityScore":55,"durationScore":100,"recoveryScore":70,"deepScore":0,"remScore":62,"lightScore":12,"awakeningsCountScore":74,"awakeTimeScore":66,"combinedAwakeScore":70,"restfulnessScore":45,"interruptionsScore":65,"feedback":"NEGATIVE_LONG_BUT_POOR_QUALITY","insight":"NONE"},"restlessMomentCount":76},{"sleepStartTimestampGMT":"2022-05-23T23:44:00.0","sleepEndTimestampGMT":"2022-05-24T05:47:00.0","calendarDate":"2022-05-24","sleepWindowConfirmationType":"ENHANCED_CONFIRMED_FINAL","deepSleepSeconds":4380,"lightSleepSeconds":13380,"remSleepSeconds":840,"awakeSleepSeconds":3180,"unmeasurableSeconds":0,"retro":false,"awakeCount":2,"avgSleepStress":20.807262569832403,"sleepScores":{"overallScore":54,"qualityScore":63,"durationScore":54,"recoveryScore":69,"deepScore":100,"remScore":25,"lightScore":70,"awakeningsCountScore":74,"awakeTimeScore":47,"combinedAwakeScore":60,"restfulnessScore":41,"interruptionsScore":57,"feedback":"NEGATIVE_SHORT_AND_POOR_STRUCTURE","insight":"NONE"},"restlessMomentCount":44},{"sleepStartTimestampGMT":"2022-05-24T22:36:00.0","sleepEndTimestampGMT":"2022-05-25T03:40:00.0","calendarDate":"2022-05-25","sleepWindowConfirmationType":"ENHANCED_CONFIRMED_FINAL","deepSleepSeconds":780,"lightSleepSeconds":13860,"remSleepSeconds":2820,"awakeSleepSeconds":120,"unmeasurableSeconds":660,"retro":false,"awakeCount":0,"avgSleepStress":12.511705685618729,"sleepScores":{"overallScore":58,"qualityScore":74,"durationScore":48,"recoveryScore":77,"deepScore":45,"remScore":70,"lightScore":61,"awakeningsCountScore":100,"awakeTimeScore":100,"combinedAwakeScore":100,"restfulnessScore":48,"interruptionsScore":86,"feedback":"NEGATIVE_SHORT_AND_POOR_STRUCTURE","insight":"NONE"},"restlessMomentCount":38},{"sleepStartTimestampGMT":"2022-05-25T22:36:00.0","sleepEndTimestampGMT":"2022-05-26T03:50:28.0","calendarDate":"2022-05-26","sleepWindowConfirmationType":"ENHANCED_CONFIRMED_FINAL","deepSleepSeconds":4080,"lightSleepSeconds":11220,"remSleepSeconds":840,"awakeSleepSeconds":2700,"unmeasurableSeconds":0,"retro":false,"awakeCount":2,"avgSleepStress":8.381443298969073,"sleepScores":{"overallScore":51,"qualityScore":68,"durationScore":42,"recoveryScore":76,"deepScore":100,"remScore":30,"lightScore":73,"awakeningsCountScore":74,"awakeTimeScore":55,"combinedAwakeScore":64,"restfulnessScore":56,"interruptionsScore":63,"feedback":"NEGATIVE_SHORT_AND_POOR_STRUCTURE","insight":"NONE"},"restlessMomentCount":31},{"sleepStartTimestampGMT":"2022-05-26T22:01:00.0","sleepEndTimestampGMT":"2022-05-27T06:10:27.0","calendarDate":"2022-05-27","sleepWindowConfirmationType":"ENHANCED_CONFIRMED_FINAL","deepSleepSeconds":2940,"lightSleepSeconds":17340,"remSleepSeconds":6420,"awakeSleepSeconds":1920,"unmeasurableSeconds":720,"spo2SleepSummary":{"userProfilePk":87578117,"deviceId":3324959462,"sleepMeasurementStartGMT":"2022-05-26T22:02:00.0","sleepMeasurementEndGMT":"2022-05-27T06:10:00.0","averageSPO2":97.0,"averageHR":54.0,"lowestSPO2":84},"averageRespiration":16.0,"lowestRespiration":12.0,"highestRespiration":21.0,"retro":false,"awakeCount":3,"avgSleepStress":18.736383442265794,"sleepScores":{"overallScore":77,"qualityScore":74,"durationScore":88,"recoveryScore":73,"deepScore":70,"remScore":100,"lightScore":79,"awakeningsCountScore":61,"awakeTimeScore":68,"combinedAwakeScore":64,"restfulnessScore":71,"interruptionsScore":65,"feedback":"POSITIVE_LONG_AND_REFRESHING","insight":"NONE"},"restlessMomentCount":42},{"sleepStartTimestampGMT":"2022-05-27T20:28:00.0","sleepEndTimestampGMT":"2022-05-28T05:12:00.0","calendarDate":"2022-05-28","sleepWindowConfirmationType":"ENHANCED_CONFIRMED_FINAL","deepSleepSeconds":3060,"lightSleepSeconds":23280,"remSleepSeconds":2940,"awakeSleepSeconds":2160,"unmeasurableSeconds":0,"spo2SleepSummary":{"userProfilePk":87578117,"deviceId":3324959462,"sleepMeasurementStartGMT":"2022-05-27T20:29:00.0","sleepMeasurementEndGMT":"2022-05-28T05:10:00.0","averageSPO2":94.0,"averageHR":46.0,"lowestSPO2":85},"averageRespiration":15.0,"lowestRespiration":12.0,"highestRespiration":19.0,"retro":false,"awakeCount":3,"avgSleepStress":7.521367521367521,"sleepScores":{"overallScore":74,"qualityScore":73,"durationScore":100,"recoveryScore":100,"deepScore":69,"remScore":55,"lightScore":61,"awakeningsCountScore":61,"awakeTimeScore":64,"combinedAwakeScore":62,"restfulnessScore":43,"interruptionsScore":58,"feedback":"NEGATIVE_LONG_BUT_RESTLESS","insight":"NONE"},"restlessMomentCount":68},{"sleepStartTimestampGMT":"2022-05-28T21:32:00.0","sleepEndTimestampGMT":"2022-05-29T03:51:00.0","calendarDate":"2022-05-29","sleepWindowConfirmationType":"ENHANCED_CONFIRMED_FINAL","deepSleepSeconds":4560,"lightSleepSeconds":16380,"remSleepSeconds":720,"awakeSleepSeconds":1080,"unmeasurableSeconds":0,"spo2SleepSummary":{"userProfilePk":87578117,"deviceId":3324959462,"sleepMeasurementStartGMT":"2022-05-28T21:33:00.0","sleepMeasurementEndGMT":"2022-05-29T03:51:00.0","averageSPO2":95.0,"averageHR":56.0,"lowestSPO2":80},"averageRespiration":15.0,"lowestRespiration":12.0,"highestRespiration":22.0,"retro":false,"awakeCount":1,"avgSleepStress":22.879781420765028,"sleepScores":{"overallScore":59,"qualityScore":68,"durationScore":66,"recoveryScore":66,"deepScore":100,"remScore":18,"lightScore":65,"awakeningsCountScore":87,"awakeTimeScore":83,"combinedAwakeScore":85,"restfulnessScore":54,"interruptionsScore":78,"feedback":"NEGATIVE_NOT_ENOUGH_REM","insight":"NEGATIVE_VERY_STRENUOUS_EXERCISE"},"restlessMomentCount":43},{"sleepStartTimestampGMT":"2022-05-30T20:59:00.0","sleepEndTimestampGMT":"2022-05-31T05:48:00.0","calendarDate":"2022-05-31","sleepWindowConfirmationType":"ENHANCED_CONFIRMED_FINAL","deepSleepSeconds":2340,"lightSleepSeconds":23220,"remSleepSeconds":3180,"awakeSleepSeconds":3000,"unmeasurableSeconds":0,"spo2SleepSummary":{"userProfilePk":87578117,"deviceId":3324959462,"sleepMeasurementStartGMT":"2022-05-30T21:00:00.0","sleepMeasurementEndGMT":"2022-05-31T05:46:00.0","averageSPO2":95.0,"averageHR":54.0,"lowestSPO2":84},"averageRespiration":15.0,"lowestRespiration":11.0,"highestRespiration":21.0,"retro":false,"awakeCount":3,"avgSleepStress":13.486434108527131,"sleepScores":{"overallScore":72,"qualityScore":67,"durationScore":100,"recoveryScore":86,"deepScore":64,"remScore":60,"lightScore":55,"awakeningsCountScore":61,"awakeTimeScore":50,"combinedAwakeScore":55,"restfulnessScore":46,"interruptionsScore":54,"feedback":"NEGATIVE_LONG_BUT_RESTLESS","insight":"NONE"},"restlessMomentCount":65},{"sleepStartTimestampGMT":"2022-05-31T20:33:00.0","sleepEndTimestampGMT":"2022-06-01T02:25:00.0","calendarDate":"2022-06-01","sleepWindowConfirmationType":"ENHANCED_CONFIRMED_FINAL","deepSleepSeconds":3840,"lightSleepSeconds":12840,"awakeSleepSeconds":4440,"unmeasurableSeconds":0,"spo2SleepSummary":{"userProfilePk":87578117,"deviceId":3324959462,"sleepMeasurementStartGMT":"2022-05-31T20:34:00.0","sleepMeasurementEndGMT":"2022-06-01T02:25:00.0","averageSPO2":97.0,"averageHR":59.0,"lowestSPO2":90},"averageRespiration":16.0,"lowestRespiration":12.0,"highestRespiration":23.0,"retro":false,"awakeCount":3,"avgSleepStress":26.49702380952381,"sleepScores":{"overallScore":36,"qualityScore":39,"durationScore":45,"recoveryScore":22,"deepScore":100,"remScore":0,"lightScore":64,"awakeningsCountScore":61,"awakeTimeScore":26,"combinedAwakeScore":43,"restfulnessScore":44,"interruptionsScore":45,"feedback":"NEGATIVE_SHORT_AND_POOR_QUALITY","insight":"NONE"},"restlessMomentCount":38},{"sleepStartTimestampGMT":"2022-06-01T21:08:00.0","sleepEndTimestampGMT":"2022-06-02T04:27:00.0","calendarDate":"2022-06-02","sleepWindowConfirmationType":"ENHANCED_CONFIRMED_FINAL","deepSleepSeconds":3420,"lightSleepSeconds":18660,"awakeSleepSeconds":4260,"unmeasurableSeconds":0,"spo2SleepSummary":{"userProfilePk":87578117,"deviceId":3324959462,"sleepMeasurementStartGMT":"2022-06-01T21:09:00.0","sleepMeasurementEndGMT":"2022-06-02T04:26:00.0","averageSPO2":97.0,"averageHR":57.0,"lowestSPO2":88},"averageRespiration":15.0,"lowestRespiration":11.0,"highestRespiration":20.0,"retro":false,"awakeCount":2,"avgSleepStress":22.934731934731936,"sleepScores":{"overallScore":51,"qualityScore":51,"durationScore":67,"recoveryScore":64,"deepScore":79,"remScore":0,"lightScore":33,"awakeningsCountScore":74,"awakeTimeScore":29,"combinedAwakeScore":51,"restfulnessScore":39,"interruptionsScore":50,"feedback":"NEGATIVE_POOR_STRUCTURE","insight":"NONE"},"restlessMomentCount":54},{"sleepStartTimestampGMT":"2022-06-02T20:31:00.0","sleepEndTimestampGMT":"2022-06-03T05:55:00.0","calendarDate":"2022-06-03","sleepWindowConfirmationType":"ENHANCED_CONFIRMED_FINAL","deepSleepSeconds":6360,"lightSleepSeconds":18600,"remSleepSeconds":2700,"awakeSleepSeconds":6180,"unmeasurableSeconds":0,"spo2SleepSummary":{"userProfilePk":87578117,"deviceId":3324959462,"sleepMeasurementStartGMT":"2022-06-02T20:32:00.0","sleepMeasurementEndGMT":"2022-06-03T05:55:00.0","averageSPO2":95.0,"averageHR":58.0,"lowestSPO2":90},"averageRespiration":14.0,"lowestRespiration":11.0,"highestRespiration":20.0,"retro":false,"awakeCount":1,"avgSleepStress":24.413793103448278,"sleepScores":{"overallScore":67,"qualityScore":64,"durationScore":94,"recoveryScore":66,"deepScore":100,"remScore":53,"lightScore":76,"awakeningsCountScore":87,"awakeTimeScore":0,"combinedAwakeScore":43,"restfulnessScore":70,"interruptionsScore":49,"feedback":"NEGATIVE_LONG_BUT_DISCONTINUOUS","insight":"NONE"},"restlessMomentCount":44},{"sleepStartTimestampGMT":"2022-06-04T00:08:00.0","sleepEndTimestampGMT":"2022-06-04T05:17:00.0","calendarDate":"2022-06-04","sleepWindowConfirmationType":"ENHANCED_CONFIRMED_FINAL","deepSleepSeconds":4920,"lightSleepSeconds":12360,"awakeSleepSeconds":1260,"unmeasurableSeconds":0,"spo2SleepSummary":{"userProfilePk":87578117,"deviceId":3324959462,"sleepMeasurementStartGMT":"2022-06-04T00:10:00.0","sleepMeasurementEndGMT":"2022-06-04T05:16:00.0","averageSPO2":93.0,"averageHR":57.0,"lowestSPO2":87},"averageRespiration":16.0,"lowestRespiration":12.0,"highestRespiration":22.0,"retro":false,"awakeCount":2,"avgSleepStress":21.58688524590164,"sleepScores":{"overallScore":49,"qualityScore":64,"durationScore":48,"recoveryScore":67,"deepScore":100,"remScore":0,"lightScore":71,"awakeningsCountScore":74,"awakeTimeScore":79,"combinedAwakeScore":76,"restfulnessScore":69,"interruptionsScore":75,"feedback":"NEGATIVE_SHORT_AND_POOR_STRUCTURE","insight":"NONE"},"restlessMomentCount":28},{"sleepStartTimestampGMT":"2022-06-04T23:46:00.0","sleepEndTimestampGMT":"2022-06-05T07:28:00.0","calendarDate":"2022-06-05","sleepWindowConfirmationType":"ENHANCED_CONFIRMED_FINAL","deepSleepSeconds":2280,"lightSleepSeconds":15600,"remSleepSeconds":6840,"awakeSleepSeconds":3000,"unmeasurableSeconds":0,"spo2SleepSummary":{"userProfilePk":87578117,"deviceId":3324959462,"sleepMeasurementStartGMT":"2022-06-04T23:47:00.0","sleepMeasurementEndGMT":"2022-06-05T07:26:00.0","averageSPO2":96.0,"averageHR":51.0,"lowestSPO2":90},"averageRespiration":15.0,"lowestRespiration":10.0,"highestRespiration":21.0,"retro":false,"awakeCount":2,"avgSleepStress":8.303769401330378,"sleepScores":{"overallScore":72,"qualityScore":73,"durationScore":77,"recoveryScore":79,"deepScore":66,"remScore":100,"lightScore":82,"awakeningsCountScore":74,"awakeTimeScore":50,"combinedAwakeScore":62,"restfulnessScore":38,"interruptionsScore":58,"feedback":"NEGATIVE_RESTLESS","insight":"NONE"},"restlessMomentCount":61},{"sleepStartTimestampGMT":"2022-06-05T21:38:00.0","sleepEndTimestampGMT":"2022-06-06T04:40:00.0","calendarDate":"2022-06-06","sleepWindowConfirmationType":"ENHANCED_CONFIRMED_FINAL","deepSleepSeconds":4200,"lightSleepSeconds":18240,"remSleepSeconds":2340,"awakeSleepSeconds":540,"unmeasurableSeconds":0,"spo2SleepSummary":{"userProfilePk":87578117,"deviceId":3324959462,"sleepMeasurementStartGMT":"2022-06-05T21:39:00.0","sleepMeasurementEndGMT":"2022-06-06T04:36:00.0","averageSPO2":95.0,"averageHR":50.0,"lowestSPO2":90},"averageRespiration":15.0,"lowestRespiration":12.0,"highestRespiration":22.0,"retro":false,"awakeCount":1,"avgSleepStress":8.06532663316583,"sleepScores":{"overallScore":76,"qualityScore":83,"durationScore":77,"recoveryScore":100,"deepScore":85,"remScore":51,"lightScore":68,"awakeningsCountScore":87,"awakeTimeScore":95,"combinedAwakeScore":91,"restfulnessScore":57,"interruptionsScore":82,"feedback":"POSITIVE_RECOVERING","insight":"NONE"},"restlessMomentCount":47},{"sleepStartTimestampGMT":"2022-06-06T23:03:00.0","sleepEndTimestampGMT":"2022-06-07T06:36:00.0","calendarDate":"2022-06-07","sleepWindowConfirmationType":"ENHANCED_CONFIRMED_FINAL","deepSleepSeconds":360,"lightSleepSeconds":18540,"remSleepSeconds":4860,"awakeSleepSeconds":3420,"unmeasurableSeconds":0,"spo2SleepSummary":{"userProfilePk":87578117,"deviceId":3324959462,"sleepMeasurementStartGMT":"2022-06-06T23:04:00.0","sleepMeasurementEndGMT":"2022-06-07T06:35:00.0","averageSPO2":97.0,"averageHR":51.0,"lowestSPO2":91},"averageRespiration":16.0,"lowestRespiration":11.0,"highestRespiration":22.0,"retro":false,"awakeCount":4,"avgSleepStress":13.92609699769053,"sleepScores":{"overallScore":53,"qualityScore":55,"durationScore":73,"recoveryScore":80,"deepScore":15,"remScore":79,"lightScore":62,"awakeningsCountScore":32,"awakeTimeScore":43,"combinedAwakeScore":37,"restfulnessScore":46,"interruptionsScore":38,"feedback":"NEGATIVE_POOR_STRUCTURE","insight":"NEGATIVE_STRENUOUS_EXERCISE"},"restlessMomentCount":53},{"sleepStartTimestampGMT":"2022-06-07T20:43:00.0","sleepEndTimestampGMT":"2022-06-08T03:57:00.0","calendarDate":"2022-06-08","sleepWindowConfirmationType":"ENHANCED_CONFIRMED_FINAL","deepSleepSeconds":2760,"lightSleepSeconds":14880,"awakeSleepSeconds":5760,"unmeasurableSeconds":2640,"spo2SleepSummary":{"userProfilePk":87578117,"deviceId":3324959462,"sleepMeasurementStartGMT":"2022-06-07T20:44:00.0","sleepMeasurementEndGMT":"2022-06-08T03:56:00.0","averageSPO2":96.0,"averageHR":59.0,"lowestSPO2":88},"averageRespiration":15.0,"lowestRespiration":10.0,"highestRespiration":21.0,"retro":false,"awakeCount":3,"avgSleepStress":26.55945945945946,"sleepScores":{"overallScore":32,"qualityScore":26,"durationScore":49,"recoveryScore":0,"deepScore":79,"remScore":0,"lightScore":34,"awakeningsCountScore":61,"awakeTimeScore":4,"combinedAwakeScore":32,"restfulnessScore":47,"interruptionsScore":38,"feedback":"NEGATIVE_SHORT_AND_POOR_QUALITY","insight":"NEGATIVE_STRESSFUL_DAY"},"restlessMomentCount":39},{"sleepStartTimestampGMT":"2022-06-09T19:54:00.0","sleepEndTimestampGMT":"2022-06-10T05:48:59.0","calendarDate":"2022-06-10","sleepWindowConfirmationType":"ENHANCED_CONFIRMED_FINAL","deepSleepSeconds":8760,"lightSleepSeconds":21900,"awakeSleepSeconds":4980,"unmeasurableSeconds":0,"spo2SleepSummary":{"userProfilePk":87578117,"deviceId":3324959462,"sleepMeasurementStartGMT":"2022-06-09T19:56:00.0","sleepMeasurementEndGMT":"2022-06-10T05:45:00.0","averageSPO2":96.0,"averageHR":53.0,"lowestSPO2":90},"averageRespiration":15.0,"lowestRespiration":10.0,"highestRespiration":20.0,"retro":false,"awakeCount":4,"avgSleepStress":10.102787456445993,"sleepScores":{"overallScore":50,"qualityScore":55,"durationScore":100,"recoveryScore":86,"deepScore":100,"remScore":0,"lightScore":71,"awakeningsCountScore":32,"awakeTimeScore":17,"combinedAwakeScore":24,"restfulnessScore":36,"interruptionsScore":28,"feedback":"NEGATIVE_LONG_BUT_POOR_QUALITY","insight":"NONE"},"restlessMomentCount":78},{"sleepStartTimestampGMT":"2022-06-10T20:00:00.0","sleepEndTimestampGMT":"2022-06-11T04:39:00.0","calendarDate":"2022-06-11","sleepWindowConfirmationType":"ENHANCED_CONFIRMED_FINAL","deepSleepSeconds":2700,"lightSleepSeconds":23640,"remSleepSeconds":1080,"awakeSleepSeconds":3720,"unmeasurableSeconds":0,"retro":false,"awakeCount":1,"avgSleepStress":21.105675146771038,"sleepScores":{"overallScore":60,"qualityScore":56,"durationScore":92,"recoveryScore":65,"deepScore":68,"remScore":21,"lightScore":23,"awakeningsCountScore":87,"awakeTimeScore":38,"combinedAwakeScore":62,"restfulnessScore":41,"interruptionsScore":58,"feedback":"NEGATIVE_LONG_BUT_POOR_QUALITY","insight":"NEGATIVE_STRESSFUL_DAY"},"restlessMomentCount":65},{"sleepStartTimestampGMT":"2022-06-11T23:06:00.0","sleepEndTimestampGMT":"2022-06-12T03:05:00.0","calendarDate":"2022-06-12","sleepWindowConfirmationType":"ENHANCED_CONFIRMED_FINAL","deepSleepSeconds":4680,"lightSleepSeconds":9060,"awakeSleepSeconds":600,"unmeasurableSeconds":0,"retro":false,"awakeCount":1,"avgSleepStress":28.884955752212388,"sleepScores":{"overallScore":29,"qualityScore":29,"durationScore":40,"recoveryScore":0,"deepScore":100,"remScore":0,"lightScore":82,"awakeningsCountScore":61,"awakeTimeScore":0,"combinedAwakeScore":30,"restfulnessScore":52,"interruptionsScore":38,"feedback":"NEGATIVE_SHORT_AND_POOR_QUALITY","insight":"NEGATIVE_STRENUOUS_EXERCISE"},"restlessMomentCount":27},{"sleepStartTimestampGMT":"2022-06-12T20:50:00.0","sleepEndTimestampGMT":"2022-06-13T04:25:27.0","calendarDate":"2022-06-13","sleepWindowConfirmationType":"ENHANCED_CONFIRMED_FINAL","deepSleepSeconds":4380,"lightSleepSeconds":15120,"remSleepSeconds":6000,"awakeSleepSeconds":480,"unmeasurableSeconds":1320,"retro":false,"awakeCount":0,"avgSleepStress":6.378823529411765,"sleepScores":{"overallScore":85,"qualityScore":91,"durationScore":80,"recoveryScore":100,"deepScore":86,"remScore":96,"lightScore":88,"awakeningsCountScore":100,"awakeTimeScore":96,"combinedAwakeScore":98,"restfulnessScore":43,"interruptionsScore":83,"feedback":"POSITIVE_LONG_AND_RECOVERING","insight":"NONE"},"restlessMomentCount":59},{"sleepStartTimestampGMT":"2022-06-14T21:40:00.0","sleepEndTimestampGMT":"2022-06-15T03:48:00.0","calendarDate":"2022-06-15","sleepWindowConfirmationType":"ENHANCED_CONFIRMED_FINAL","deepSleepSeconds":7140,"lightSleepSeconds":13080,"awakeSleepSeconds":1860,"unmeasurableSeconds":0,"spo2SleepSummary":{"userProfilePk":87578117,"deviceId":3324959462,"sleepMeasurementStartGMT":"2022-06-14T21:42:00.0","sleepMeasurementEndGMT":"2022-06-15T03:46:00.0","averageSPO2":95.0,"averageHR":63.0,"lowestSPO2":85},"averageRespiration":16.0,"lowestRespiration":11.0,"highestRespiration":21.0,"retro":false,"awakeCount":3,"avgSleepStress":33.3013698630137,"sleepScores":{"overallScore":38,"qualityScore":38,"durationScore":61,"recoveryScore":0,"deepScore":100,"remScore":0,"lightScore":79,"awakeningsCountScore":61,"awakeTimeScore":69,"combinedAwakeScore":65,"restfulnessScore":56,"interruptionsScore":63,"feedback":"NEGATIVE_NOT_RESTORATIVE","insight":"NEGATIVE_STRESSFUL_DAY"},"restlessMomentCount":39}]