[{"createTimestamp":{"date":"Oct 3, 2021 2:37:45 PM"},"asOfDateGmt":{"date":"Oct 3, 2021 2:37:41 PM"},"chronologicalAge":31,"bmi":23.76543209876543,"rhr":74,"totalVigorousDays":8,"totalVigorousIMs":518,"numOfWeeksForIM":4,"healthyBmi":21.379496402877695,"healthyFat":15.3375,"vo2MaxForHealthyBmiFat":49.15581100883132,"vo2MaxForHealthyRhr":48.47878165676102,"vo2MaxForHealthyActive":47.97387336754277,"biometricVo2Max":47.07149902589403,"currentBioAge":28.376451700940372,"healthyAllBioAge":25.02499350618954,"healthyBmiFatBioAge":26.95569899428073,"healthyRhrBioAge":27.433945811002516,"healthyActiveBioAge":27.786923337483174,"weightDataLastEntryDate":{"date":"Oct 3, 2021 12:00:00 AM"},"rhrLastEntryDate":{"date":"Oct 2, 2021 12:00:00 AM"}},{"createTimestamp":{"date":"Oct 5, 2021 7:42:32 AM"},"asOfDateGmt":{"date":"Oct 4, 2021 10:00:00 PM"},"chronologicalAge":31,"bmi":23.76543209876543,"rhr":73,"totalVigorousDays":9,"totalVigorousIMs":585,"numOfWeeksForIM":4,"healthyBmi":21.379496402877695,"healthyFat":15.3375,"vo2MaxForHealthyBmiFat":49.312175745594324,"vo2MaxForHealthyRhr":48.47878165676102,"vo2MaxForHealthyActive":48.130238104305775,"biometricVo2Max":47.22786376265702,"currentBioAge":28.277948762236804,"healthyAllBioAge":25.02499350618954,"healthyBmiFatBioAge":26.832663824215306,"healthyRhrBioAge":27.433945811002516,"healthyActiveBioAge":27.677609944952305,"weightDataLastEntryDate":{"date":"Oct 3, 2021 12:00:00 AM"},"rhrLastEntryDate":{"date":"Oct 4, 2021 12:00:00 AM"}},{"createTimestamp":{"date":"Oct 5, 2021 4:24:40 PM"},"asOfDateGmt":{"date":"Oct 5, 2021 4:24:00 PM"},"chronologicalAge":31,"bmi":23.76543209876543,"rhr":72,"totalVigorousDays":9,"totalVigorousIMs":611,"numOfWeeksForIM":4,"healthyBmi":21.379496402877695,"healthyFat":15.3375,"vo2MaxForHealthyBmiFat":49.46854048235733,"vo2MaxForHealthyRhr":48.47878165676102,"vo2MaxForHealthyActive":48.28660284106878,"biometricVo2Max":47.384228499420026,"currentBioAge":28.17944582353323,"healthyAllBioAge":25.02499350618954,"healthyBmiFatBioAge":26.70962865414988,"healthyRhrBioAge":27.433945811002516,"healthyActiveBioAge":27.568296552421437,"weightDataLastEntryDate":{"date":"Oct 3, 2021 12:00:00 AM"},"rhrLastEntryDate":{"date":"Oct 5, 2021 12:00:00 AM"}},{"createTimestamp":{"date":"Oct 6, 2021 10:16:33 PM"},"asOfDateGmt":{"date":"Oct 6, 2021 10:00:00 PM"},"chronologicalAge":31,"bmi":23.76543209876543,"rhr":72,"totalVigorousDays":10,"totalVigorousIMs":694,"numOfWeeksForIM":4,"healthyBmi":21.379496402877695,"healthyFat":15.3375,"vo2MaxForHealthyBmiFat":49.46854048235733,"vo2MaxForHealthyRhr":48.47878165676102,"vo2MaxForHealthyActive":48.28660284106878,"biometricVo2Max":47.384228499420026,"currentBioAge":28.17944582353323,"healthyAllBioAge":25.02499350618954,"healthyBmiFatBioAge":26.70962865414988,"healthyRhrBioAge":27.433945811002516,"healthyActiveBioAge":27.568296552421437,"weightDataLastEntryDate":{"date":"Oct 3, 2021 12:00:00 AM"},"rhrLastEntryDate":{"date":"Oct 6, 2021 12:00:00 AM"}},{"createTimestamp":{"date":"Oct 7, 2021 4:42:02 PM"},"asOfDateGmt":{"date":"Oct 7, 2021 4:40:00 PM"},"chronologicalAge":31,"bmi":23.76543209876543,"rhr":71,"totalVigorousDays":11,"totalVigorousIMs":791,"numOfWeeksForIM":4,"healthyBmi":21.379496402877695,"healthyFat":15.3375,"vo2MaxForHealthyBmiFat":49.62490521912033,"vo2MaxForHealthyRhr":48.47878165676102,"vo2MaxForHealthyActive":48.44296757783178,"biometricVo2Max":47.54059323618303,"currentBioAge":28.080942884829657,"healthyAllBioAge":25.02499350618954,"healthyBmiFatBioAge":26.586593484084453,"healthyRhrBioAge":27.433945811002516,"healthyActiveBioAge":27.45898315989057,"weightDataLastEntryDate":{"date":"Oct 3, 2021 12:00:00 AM"},"rhrLastEntryDate":{"date":"Oct 7, 2021 12:00:00 AM"}},{"createTimestamp":{"date":"Oct 8, 2021 4:16:01 PM"},"asOfDateGmt":{"date":"Oct 8, 2021 4:14:00 PM"},"chronologicalAge":31,"bmi":23.76543209876543,"rhr":70,"totalVigorousDays":12,"totalVigorousIMs":865,"numOfWeeksForIM":4,"healthyBmi":21.379496402877695,"healthyFat":15.3375,"vo2MaxForHealthyBmiFat":50.68364429753208,"vo2MaxForHealthyRhr":49.381155998409774,"biometricVo2Max":48.599332314594776,"currentBioAge":27.3496697673597,"healthyAllBioAge":25.02499350618954,"healthyBmiFatBioAge":25.72110167139659,"healthyRhrBioAge":26.778386898918725,"weightDataLastEntryDate":{"date":"Oct 3, 2021 12:00:00 AM"},"rhrLastEntryDate":{"date":"Oct 8, 2021 12:00:00 AM"}},{"createTimestamp":{"date":"Oct 20, 2021 4:40:24 PM"},"asOfDateGmt":{"date":"Oct 9, 2021 7:54:00 AM"},"chronologicalAge":31,"bmi":23.76543209876543,"rhr":70,"totalVigorousDays":13,"totalVigorousIMs":910,"numOfWeeksForIM":4,"healthyBmi":21.379496402877695,"healthyFat":15.3375,"vo2MaxForHealthyBmiFat":50.68364429753208,"vo2MaxForHealthyRhr":49.381155998409774,"biometricVo2Max":48.599332314594776,"currentBioAge":27.3496697673597,"healthyAllBioAge":25.02499350618954,"healthyBmiFatBioAge":25.72110167139659,"healthyRhrBioAge":26.778386898918725,"rhrLastEntryDate":{"date":"Oct 20, 2021 12:00:00 AM"}},{"createTimestamp":{"date":"Dec 19, 2021 10:36:46 PM"},"asOfDateGmt":{"date":"Dec 19, 2021 10:36:46 PM"},"chronologicalAge":31,"bmi":23.148148148148145,"rhr":49,"totalVigorousDays":17,"totalVigorousIMs":1288,"numOfWeeksForIM":4,"healthyBmi":21.379496402877695,"healthyFat":15.3375,"vo2MaxForHealthyBmiFat":55.77205245285258,"biometricVo2Max":54.22698900765416,"currentBioAge":21.83309993471833,"healthyAllBioAge":25.02499350618954,"healthyBmiFatBioAge":21.4219200682395,"weightDataLastEntryDate":{"date":"Dec 19, 2021 12:00:00 AM"},"rhrLastEntryDate":{"date":"Dec 19, 2021 12:00:00 AM"}},{"createTimestamp":{"date":"Dec 20, 2021 5:18:54 PM"},"asOfDateGmt":{"date":"Dec 20, 2021 5:18:00 PM"},"chronologicalAge":31,"bmi":23.148148148148145,"rhr":49,"totalVigorousDays":17,"totalVigorousIMs":1282,"numOfWeeksForIM":4,"healthyBmi":21.379496402877695,"healthyFat":15.3375,"vo2MaxForHealthyBmiFat":55.77205245285258,"biometricVo2Max":54.22698900765416,"currentBioAge":21.83309993471833,"healthyAllBioAge":25.02499350618954,"healthyBmiFatBioAge":21.4219200682395,"weightDataLastEntryDate":{"date":"Dec 19, 2021 12:00:00 AM"},"rhrLastEntryDate":{"date":"Dec 20, 2021 12:00:00 AM"}},{"createTimestamp":{"date":"Dec 21, 2021 5:40:02 PM"},"asOfDateGmt":{"date":"Dec 21, 2021 5:39:00 PM"},"chronologicalAge":31,"bmi":23.148148148148145,"rhr":49,"totalVigorousDays":17,"totalVigorousIMs":1262,"numOfWeeksForIM":4,"healthyBmi":21.379496402877695,"healthyFat":15.3375,"vo2MaxForHealthyBmiFat":55.77205245285258,"biometricVo2Max":54.22698900765416,"currentBioAge":21.83309993471833,"healthyAllBioAge":25.02499350618954,"healthyBmiFatBioAge":21.4219200682395,"weightDataLastEntryDate":{"date":"Dec 19, 2021 12:00:00 AM"},"rhrLastEntryDate":{"date":"Dec 21, 2021 12:00:00 AM"}},{"createTimestamp":{"date":"Dec 23, 2021 1:33:48 PM"},"asOfDateGmt":{"date":"Dec 22, 2021 11:00:00 PM"},"chronologicalAge":31,"bmi":23.148148148148145,"rhr":49,"totalVigorousDays":17,"totalVigorousIMs":1242,"numOfWeeksForIM":4,"healthyBmi":21.379496402877695,"healthyFat":15.3375,"vo2MaxForHealthyBmiFat":55.77205245285258,"biometricVo2Max":54.22698900765416,"currentBioAge":21.83309993471833,"healthyAllBioAge":25.02499350618954,"healthyBmiFatBioAge":21.4219200682395,"weightDataLastEntryDate":{"date":"Dec 19, 2021 12:00:00 AM"},"rhrLastEntryDate":{"date":"Dec 22, 2021 12:00:00 AM"}},{"createTimestamp":{"date":"Jan 2, 2022 8:43:35 PM"},"asOfDateGmt":{"date":"Dec 23, 2021 11:00:00 PM"},"chronologicalAge":31,"bmi":23.148148148148145,"rhr":49,"totalVigorousDays":17,"totalVigorousIMs":1284,"numOfWeeksForIM":4,"healthyBmi":21.379496402877695,"healthyFat":15.3375,"vo2MaxForHealthyBmiFat":55.77205245285258,"biometricVo2Max":54.22698900765416,"currentBioAge":21.83309993471833,"healthyAllBioAge":25.02499350618954,"healthyBmiFatBioAge":21.4219200682395,"weightDataLastEntryDate":{"date":"Dec 19, 2021 12:00:00 AM"},"rhrLastEntryDate":{"date":"Dec 23, 2021 12:00:00 AM"}},{"createTimestamp":{"date":"Feb 10, 2022 5:47:37 PM"},"asOfDateGmt":{"date":"Feb 10, 2022 12:00:00 AM"},"chronologicalAge":31,"bmi":22.839506172839506,"rhr":48,"totalVigorousDays":20,"totalVigorousIMs":2160,"numOfWeeksForIM":4,"healthyBmi":21.379496402877695,"healthyFat":15.3375,"vo2MaxForHealthyBmiFat":55.92841718961558,"biometricVo2Max":54.65297801328661,"currentBioAge":21.4219200682395,"healthyAllBioAge":25.02499350618954,"healthyBmiFatBioAge":21.4219200682395,"weightDataLastEntryDate":{"date":"Feb 10, 2022 12:00:00 AM"},"rhrLastEntryDate":{"date":"Feb 10, 2022 12:00:00 AM"}},{"createTimestamp":{"date":"Feb 11, 2022 6:00:12 PM"},"asOfDateGmt":{"date":"Feb 11, 2022 12:00:00 AM"},"chronologicalAge":31,"bmi":22.839506172839506,"rhr":48,"totalVigorousDays":21,"totalVigorousIMs":2261,"numOfWeeksForIM":4,"healthyBmi":21.379496402877695,"healthyFat":15.3375,"vo2MaxForHealthyBmiFat":55.92841718961558,"biometricVo2Max":54.65297801328661,"currentBioAge":21.4219200682395,"healthyAllBioAge":25.02499350618954,"healthyBmiFatBioAge":21.4219200682395,"weightDataLastEntryDate":{"date":"Feb 10, 2022 12:00:00 AM"},"rhrLastEntryDate":{"date":"Feb 11, 2022 12:00:00 AM"}},{"createTimestamp":{"date":"Feb 12, 2022 11:42:29 AM"},"asOfDateGmt":{"date":"Feb 12, 2022 12:00:00 AM"},"chronologicalAge":31,"bmi":22.839506172839506,"rhr":48,"totalVigorousDays":22,"totalVigorousIMs":2453,"numOfWeeksForIM":4,"healthyBmi":21.379496402877695,"healthyFat":15.3375,"vo2MaxForHealthyBmiFat":55.92841718961558,"biometricVo2Max":54.65297801328661,"currentBioAge":21.4219200682395,"healthyAllBioAge":25.02499350618954,"healthyBmiFatBioAge":21.4219200682395,"weightDataLastEntryDate":{"date":"Feb 10, 2022 12:00:00 AM"},"rhrLastEntryDate":{"date":"Feb 12, 2022 12:00:00 AM"}},{"createTimestamp":{"date":"Feb 13, 2022 4:18:38 PM"},"asOfDateGmt":{"date":"Feb 13, 2022 12:00:00 AM"},"chronologicalAge":31,"bmi":22.839506172839506,"rhr":48,"totalVigorousDays":22,"totalVigorousIMs":2428,"numOfWeeksForIM":4,"healthyBmi":21.379496402877695,"healthyFat":15.3375,"vo2MaxForHealthyBmiFat":55.92841718961558,"biometricVo2Max":54.65297801328661,"currentBioAge":21.4219200682395,"healthyAllBioAge":25.02499350618954,"healthyBmiFatBioAge":21.4219200682395,"weightDataLastEntryDate":{"date":"Feb 10, 2022 12:00:00 AM"},"rhrLastEntryDate":{"date":"Feb 13, 2022 12:00:00 AM"}},{"createTimestamp":{"date":"Feb 14, 2022 5:10:47 PM"},"asOfDateGmt":{"date":"Feb 14, 2022 12:00:00 AM"},"chronologicalAge":31,"bmi":22.839506172839506,"rhr":48,"totalVigorousDays":23,"totalVigorousIMs":2527,"numOfWeeksForIM":4,"healthyBmi":21.379496402877695,"healthyFat":15.3375,"vo2MaxForHealthyBmiFat":55.92841718961558,"biometricVo2Max":54.65297801328661,"currentBioAge":21.4219200682395,"healthyAllBioAge":25.02499350618954,"healthyBmiFatBioAge":21.4219200682395,"weightDataLastEntryDate":{"date":"Feb 10, 2022 12:00:00 AM"},"rhrLastEntryDate":{"date":"Feb 14, 2022 12:00:00 AM"}},{"createTimestamp":{"date":"Feb 15, 2022 5:28:33 PM"},"asOfDateGmt":{"date":"Feb 15, 2022 12:00:00 AM"},"chronologicalAge":31,"bmi":22.839506172839506,"rhr":48,"totalVigorousDays":23,"totalVigorousIMs":2506,"numOfWeeksForIM":4,"healthyBmi":21.379496402877695,"healthyFat":15.3375,"vo2MaxForHealthyBmiFat":55.92841718961558,"biometricVo2Max":54.65297801328661,"currentBioAge":21.4219200682395,"healthyAllBioAge":25.02499350618954,"healthyBmiFatBioAge":21.4219200682395,"weightDataLastEntryDate":{"date":"Feb 10, 2022 12:00:00 AM"},"rhrLastEntryDate":{"date":"Feb 15, 2022 12:00:00 AM"}},{"createTimestamp":{"date":"Feb 16, 2022 5:50:50 PM"},"asOfDateGmt":{"date":"Feb 16, 2022 12:00:00 AM"},"chronologicalAge":31,"bmi":22.839506172839506,"rhr":48,"totalVigorousDays":23,"totalVigorousIMs":2592,"numOfWeeksForIM":4,"healthyBmi":21.379496402877695,"healthyFat":15.3375,"vo2MaxForHealthyBmiFat":55.92841718961558,"biometricVo2Max":54.65297801328661,"currentBioAge":21.4219200682395,"healthyAllBioAge":25.02499350618954,"healthyBmiFatBioAge":21.4219200682395,"weightDataLastEntryDate":{"date":"Feb 10, 2022 12:00:00 AM"},"rhrLastEntryDate":{"date":"Feb 16, 2022 12:00:00 AM"}},{"createTimestamp":{"date":"Mar 2, 2022 5:18:14 PM"},"asOfDateGmt":{"date":"Mar 2, 2022 12:00:00 AM"},"chronologicalAge":31,"bmi":22.839506172839506,"rhr":47,"totalVigorousDays":25,"totalVigorousIMs":2597,"numOfWeeksForIM":4,"healthyBmi":21.379496402877695,"healthyFat":15.3375,"vo2MaxForHealthyBmiFat":56.084781926378575,"biometricVo2Max":54.8093427500496,"currentBioAge":21.4219200682395,"healthyAllBioAge":25.02499350618954,"healthyBmiFatBioAge":21.4219200682395,"weightDataLastEntryDate":{"date":"Mar 2, 2022 12:00:00 AM"},"rhrLastEntryDate":{"date":"Mar 2, 2022 12:00:00 AM"}},{"createTimestamp":{"date":"Mar 3, 2022 5:35:15 PM"},"asOfDateGmt":{"date":"Mar 3, 2022 12:00:00 AM"},"chronologicalAge":31,"bmi":22.839506172839506,"rhr":47,"totalVigorousDays":25,"totalVigorousIMs":2490,"numOfWeeksForIM":4,"healthyBmi":21.379496402877695,"healthyFat":15.3375,"vo2MaxForHealthyBmiFat":56.084781926378575,"biometricVo2Max":54.8093427500496,"currentBioAge":21.4219200682395,"healthyAllBioAge":25.02499350618954,"healthyBmiFatBioAge":21.4219200682395,"weightDataLastEntryDate":{"date":"Mar 2, 2022 12:00:00 AM"},"rhrLastEntryDate":{"date":"Mar 3, 2022 12:00:00 AM"}},{"createTimestamp":{"date":"Mar 6, 2022 11:50:49 AM"},"asOfDateGmt":{"date":"Mar 4, 2022 12:00:00 AM"},"chronologicalAge":31,"bmi":22.839506172839506,"rhr":47,"totalVigorousDays":25,"totalVigorousIMs":2455,"numOfWeeksForIM":4,"healthyBmi":21.379496402877695,"healthyFat":15.3375,"vo2MaxForHealthyBmiFat":56.084781926378575,"biometricVo2Max":54.8093427500496,"currentBioAge":21.4219200682395,"healthyAllBioAge":25.02499350618954,"healthyBmiFatBioAge":21.4219200682395,"weightDataLastEntryDate":{"date":"Mar 2, 2022 12:00:00 AM"},"rhrLastEntryDate":{"date":"Mar 4, 2022 12:00:00 AM"}},{"createTimestamp":{"date":"Mar 6, 2022 11:50:50 AM"},"asOfDateGmt":{"date":"Mar 5, 2022 12:00:00 AM"},"chronologicalAge":31,"bmi":22.839506172839506,"rhr":47,"totalVigorousDays":25,"totalVigorousIMs":2441,"numOfWeeksForIM":4,"healthyBmi":21.379496402877695,"healthyFat":15.3375,"vo2MaxForHealthyBmiFat":56.084781926378575,"biometricVo2Max":54.8093427500496,"currentBioAge":21.4219200682395,"healthyAllBioAge":25.02499350618954,"healthyBmiFatBioAge":21.4219200682395,"weightDataLastEntryDate":{"date":"Mar 2, 2022 12:00:00 AM"},"rhrLastEntryDate":{"date":"Mar 5, 2022 12:00:00 AM"}},{"createTimestamp":{"date":"Mar 6, 2022 11:50:52 AM"},"asOfDateGmt":{"date":"Mar 6, 2022 12:00:00 AM"},"chronologicalAge":31,"bmi":22.839506172839506,"rhr":47,"totalVigorousDays":26,"totalVigorousIMs":2515,"numOfWeeksForIM":4,"healthyBmi":21.379496402877695,"healthyFat":15.3375,"vo2MaxForHealthyBmiFat":56.084781926378575,"biometricVo2Max":54.8093427500496,"currentBioAge":21.4219200682395,"healthyAllBioAge":25.02499350618954,"healthyBmiFatBioAge":21.4219200682395,"weightDataLastEntryDate":{"date":"Mar 2, 2022 12:00:00 AM"},"rhrLastEntryDate":{"date":"Mar 6, 2022 12:00:00 AM"}},{"createTimestamp":{"date":"Mar 7, 2022 6:26:48 PM"},"asOfDateGmt":{"date":"Mar 7, 2022 12:00:00 AM"},"chronologicalAge":31,"bmi":22.839506172839506,"rhr":47,"totalVigorousDays":26,"totalVigorousIMs":2490,"numOfWeeksForIM":4,"healthyBmi":21.379496402877695,"healthyFat":15.3375,"vo2MaxForHealthyBmiFat":56.084781926378575,"biometricVo2Max":54.8093427500496,"currentBioAge":21.4219200682395,"healthyAllBioAge":25.02499350618954,"healthyBmiFatBioAge":21.4219200682395,"weightDataLastEntryDate":{"date":"Mar 2, 2022 12:00:00 AM"},"rhrLastEntryDate":{"date":"Mar 7, 2022 12:00:00 AM"}},{"createTimestamp":{"date":"Mar 8, 2022 5:23:24 PM"},"asOfDateGmt":{"date":"Mar 8, 2022 12:00:00 AM"},"chronologicalAge":31,"bmi":22.839506172839506,"rhr":47,"totalVigorousDays":26,"totalVigorousIMs":2345,"numOfWeeksForIM":4,"healthyBmi":21.379496402877695,"healthyFat":15.3375,"vo2MaxForHealthyBmiFat":56.084781926378575,"biometricVo2Max":54.8093427500496,"currentBioAge":21.4219200682395,"healthyAllBioAge":25.02499350618954,"healthyBmiFatBioAge":21.4219200682395,"weightDataLastEntryDate":{"date":"Mar 2, 2022 12:00:00 AM"},"rhrLastEntryDate":{"date":"Mar 8, 2022 12:00:00 AM"}},{"createTimestamp":{"date":"Apr 19, 2022 8:16:10 PM"},"asOfDateGmt":{"date":"Apr 19, 2022 12:00:00 AM"},"chronologicalAge":31,"bmi":22.839506172839506,"rhr":47,"totalVigorousDays":28,"totalVigorousIMs":2783,"numOfWeeksForIM":4,"healthyBmi":21.379496402877695,"healthyFat":15.3375,"vo2MaxForHealthyBmiFat":56.084781926378575,"biometricVo2Max":54.8093427500496,"currentBioAge":21.4219200682395,"healthyAllBioAge":25.02499350618954,"healthyBmiFatBioAge":21.4219200682395,"weightDataLastEntryDate":{"date":"Apr 19, 2022 12:00:00 AM"},"rhrLastEntryDate":{"date":"Apr 19, 2022 12:00:00 AM"}},{"createTimestamp":{"date":"Apr 20, 2022 11:25:46 PM"},"asOfDateGmt":{"date":"Apr 20, 2022 12:00:00 AM"},"chronologicalAge":31,"bmi":22.839506172839506,"rhr":47,"totalVigorousDays":28,"totalVigorousIMs":2697,"numOfWeeksForIM":4,"healthyBmi":21.379496402877695,"healthyFat":15.3375,"vo2MaxForHealthyBmiFat":56.084781926378575,"biometricVo2Max":54.8093427500496,"currentBioAge":21.4219200682395,"healthyAllBioAge":25.02499350618954,"healthyBmiFatBioAge":21.4219200682395,"weightDataLastEntryDate":{"date":"Apr 19, 2022 12:00:00 AM"},"rhrLastEntryDate":{"date":"Apr 21, 2022 12:00:00 AM"}},{"createTimestamp":{"date":"Apr 21, 2022 8:22:43 PM"},"asOfDateGmt":{"date":"Apr 21, 2022 12:00:00 AM"},"chronologicalAge":31,"bmi":22.839506172839506,"rhr":47,"totalVigorousDays":28,"totalVigorousIMs":2650,"numOfWeeksForIM":4,"healthyBmi":21.379496402877695,"healthyFat":15.3375,"vo2MaxForHealthyBmiFat":56.084781926378575,"biometricVo2Max":54.8093427500496,"currentBioAge":21.4219200682395,"healthyAllBioAge":25.02499350618954,"healthyBmiFatBioAge":21.4219200682395,"weightDataLastEntryDate":{"date":"Apr 19, 2022 12:00:00 AM"},"rhrLastEntryDate":{"date":"Apr 21, 2022 12:00:00 AM"}},{"createTimestamp":{"date":"Apr 22, 2022 4:22:23 AM"},"asOfDateGmt":{"date":"Apr 22, 2022 12:00:00 AM"},"chronologicalAge":31,"bmi":22.839506172839506,"rhr":47,"totalVigorousDays":27,"totalVigorousIMs":2514,"numOfWeeksForIM":4,"healthyBmi":21.379496402877695,"healthyFat":15.3375,"vo2MaxForHealthyBmiFat":56.084781926378575,"biometricVo2Max":54.8093427500496,"currentBioAge":21.4219200682395,"healthyAllBioAge":25.02499350618954,"healthyBmiFatBioAge":21.4219200682395,"weightDataLastEntryDate":{"date":"Apr 19, 2022 12:00:00 AM"},"rhrLastEntryDate":{"date":"Apr 22, 2022 12:00:00 AM"}},{"createTimestamp":{"date":"Apr 25, 2022 6:26:42 PM"},"asOfDateGmt":{"date":"Apr 23, 2022 12:00:00 AM"},"chronologicalAge":31,"bmi":22.839506172839506,"rhr":47,"totalVigorousDays":27,"totalVigorousIMs":2449,"numOfWeeksForIM":4,"healthyBmi":21.379496402877695,"healthyFat":15.3375,"vo2MaxForHealthyBmiFat":56.084781926378575,"biometricVo2Max":54.8093427500496,"currentBioAge":21.4219200682395,"healthyAllBioAge":25.02499350618954,"healthyBmiFatBioAge":21.4219200682395,"weightDataLastEntryDate":{"date":"Apr 19, 2022 12:00:00 AM"},"rhrLastEntryDate":{"date":"Apr 23, 2022 12:00:00 AM"}},{"createTimestamp":{"date":"Apr 25, 2022 6:26:55 PM"},"asOfDateGmt":{"date":"Apr 24, 2022 12:00:00 AM"},"chronologicalAge":31,"bmi":22.839506172839506,"rhr":47,"totalVigorousDays":27,"totalVigorousIMs":2258,"numOfWeeksForIM":4,"healthyBmi":21.379496402877695,"healthyFat":15.3375,"vo2MaxForHealthyBmiFat":56.084781926378575,"biometricVo2Max":54.8093427500496,"currentBioAge":21.4219200682395,"healthyAllBioAge":25.02499350618954,"healthyBmiFatBioAge":21.4219200682395,"weightDataLastEntryDate":{"date":"Apr 19, 2022 12:00:00 AM"},"rhrLastEntryDate":{"date":"Apr 24, 2022 12:00:00 AM"}},{"createTimestamp":{"date":"Jun 15, 2022 8:47:48 PM"},"asOfDateGmt":{"date":"Apr 25, 2022 12:00:00 AM"},"chronologicalAge":31,"bmi":22.839506172839506,"rhr":47,"totalVigorousDays":27,"totalVigorousIMs":2331,"numOfWeeksForIM":4,"healthyBmi":21.379496402877695,"healthyFat":15.3375,"vo2MaxForHealthyBmiFat":56.084781926378575,"biometricVo2Max":54.8093427500496,"currentBioAge":21.4219200682395,"healthyAllBioAge":25.02499350618954,"healthyBmiFatBioAge":21.4219200682395,"weightDataLastEntryDate":{"date":"Apr 19, 2022 12:00:00 AM"},"rhrLastEntryDate":{"date":"Jun 15, 2022 12:00:00 AM"}}]