{"id":381958376,"profileId":87578117,"displayName":"84cee998-e71f-43ab-afc5-2bf3193ca58c","fullName":"Niclause","userName":"florianniclause@gmail.com","profileImageUrlLarge":"https://s3.amazonaws.com/garmin-connect-prod/profile_images/a9f034e9-333b-4c0a-9363-fbc5641f5365-87578117.png","profileImageUrlMedium":"https://s3.amazonaws.com/garmin-connect-prod/profile_images/f73f5a64-b5b2-46b3-aeb3-91e651e662c8-87578117.png","profileImageUrlSmall":"https://s3.amazonaws.com/garmin-connect-prod/profile_images/a61f331e-108d-462c-97df-9254c865221c-87578117.png","runningTrainingSpeed":0.0,"cyclingTrainingSpeed":0.0,"cyclingMaxAvgPower":0.0,"swimmingTrainingSpeed":0.0,"profileVisibility":"private","activityStartVisibility":"public","activityMapVisibility":"public","courseVisibility":"public","activityHeartRateVisibility":"public","activityPowerVisibility":"public","badgeVisibility":"following","showAge":false,"showWeight":false,"showHeight":false,"showWeightClass":false,"showAgeRange":false,"showGender":false,"showActivityClass":false,"showVO2Max":false,"showPersonalRecords":true,"showLast12Months":true,"showLifetimeTotals":true,"showUpcomingEvents":true,"showRecentFavorites":true,"showRecentDevice":true,"showRecentGear":false,"showBadges":true,"nameApproved":true,"makeGolfScorecardsPrivate":true,"allowGolfLiveScoring":false,"allowGolfScoringByConnections":true,"userLevel":3,"userPoint":101,"levelUpdateDate":"2021-01-02T22:29:04.0","levelIsViewed":false,"levelUpdateDateGMT":"2021-01-02T22:29:04.0","userPro":false}