[{"userProfilePK":87578117,"calendarDate":{"date":"Mar 8, 2022 12:00:00 AM"},"persistedTimestampGMT":{"date":"Mar 8, 2022 8:29:42 AM"},"timestampLocal":{"date":"Mar 8, 2022 9:04:49 AM"},"hydrationSource":"GARMIN_ACTIVITY","valueInML":0.0,"activityId":8419038008,"capped":false,"estimatedSweatLossInML":186.0,"duration":1369.8270263671875},{"userProfilePK":87578117,"calendarDate":{"date":"Mar 8, 2022 12:00:00 AM"},"persistedTimestampGMT":{"date":"Mar 8, 2022 11:39:44 AM"},"timestampLocal":{"date":"Mar 8, 2022 12:13:49 PM"},"hydrationSource":"GARMIN_ACTIVITY","valueInML":0.0,"activityId":8419792802,"capped":false,"estimatedSweatLossInML":188.0,"duration":1531.166015625},{"userProfilePK":87578117,"calendarDate":{"date":"Mar 8, 2022 12:00:00 AM"},"persistedTimestampGMT":{"date":"Mar 8, 2022 2:05:31 PM"},"timestampLocal":{"date":"Mar 8, 2022 1:32:10 PM"},"hydrationSource":"GARMIN_ACTIVITY","valueInML":0.0,"activityId":8420589724,"capped":false,"estimatedSweatLossInML":203.0,"duration":1337.157958984375},{"userProfilePK":87578117,"calendarDate":{"date":"Mar 8, 2022 12:00:00 AM"},"persistedTimestampGMT":{"date":"Mar 8, 2022 5:23:23 PM"},"timestampLocal":{"date":"Mar 8, 2022 5:47:49 PM"},"hydrationSource":"GARMIN_ACTIVITY","valueInML":0.0,"activityId":8421709451,"capped":false,"estimatedSweatLossInML":192.0,"duration":1470.791015625},{"userProfilePK":87578117,"calendarDate":{"date":"Mar 9, 2022 12:00:00 AM"},"persistedTimestampGMT":{"date":"Mar 9, 2022 4:50:10 PM"},"timestampLocal":{"date":"Mar 9, 2022 8:33:31 AM"},"hydrationSource":"GARMIN_ACTIVITY","valueInML":0.0,"activityId":8427545244,"capped":false,"estimatedSweatLossInML":168.0,"duration":1225.364013671875},{"userProfilePK":87578117,"calendarDate":{"date":"Mar 9, 2022 12:00:00 AM"},"persistedTimestampGMT":{"date":"Mar 9, 2022 4:50:12 PM"},"timestampLocal":{"date":"Mar 9, 2022 5:18:36 PM"},"hydrationSource":"GARMIN_ACTIVITY","valueInML":0.0,"activityId":8427545375,"capped":false,"estimatedSweatLossInML":205.0,"duration":1429.85595703125},{"userProfilePK":87578117,"calendarDate":{"date":"Mar 9, 2022 12:00:00 AM"},"persistedTimestampGMT":{"date":"Mar 9, 2022 6:22:07 PM"},"timestampLocal":{"date":"Mar 9, 2022 6:50:04 PM"},"hydrationSource":"GARMIN_ACTIVITY","valueInML":0.0,"activityId":8428199156,"capped":false,"estimatedSweatLossInML":220.0,"duration":1592.22802734375},{"userProfilePK":87578117,"calendarDate":{"date":"Mar 10, 2022 12:00:00 AM"},"persistedTimestampGMT":{"date":"Mar 10, 2022 5:14:32 PM"},"timestampLocal":{"date":"Mar 10, 2022 8:24:50 AM"},"hydrationSource":"GARMIN_ACTIVITY","valueInML":0.0,"activityId":8433565874,"capped":false,"estimatedSweatLossInML":156.0,"duration":1212.48095703125},{"userProfilePK":87578117,"calendarDate":{"date":"Mar 10, 2022 12:00:00 AM"},"persistedTimestampGMT":{"date":"Mar 10, 2022 5:14:33 PM"},"timestampLocal":{"date":"Mar 10, 2022 5:20:12 PM"},"hydrationSource":"GARMIN_ACTIVITY","valueInML":0.0,"activityId":8433566012,"capped":false,"estimatedSweatLossInML":171.0,"duration":1275.112060546875},{"userProfilePK":87578117,"calendarDate":{"date":"Mar 10, 2022 12:00:00 AM"},"persistedTimestampGMT":{"date":"Mar 10, 2022 5:14:35 PM"},"timestampLocal":{"date":"Mar 10, 2022 5:48:05 PM"},"hydrationSource":"GARMIN_ACTIVITY","valueInML":0.0,"activityId":8433566155,"capped":false,"estimatedSweatLossInML":137.0,"duration":984.9819946289062},{"userProfilePK":87578117,"calendarDate":{"date":"Mar 11, 2022 12:00:00 AM"},"persistedTimestampGMT":{"date":"Mar 11, 2022 12:51:40 PM"},"timestampLocal":{"date":"Mar 11, 2022 7:43:47 AM"},"hydrationSource":"GARMIN_ACTIVITY","valueInML":0.0,"activityId":8437841579,"capped":false,"estimatedSweatLossInML":210.0,"duration":1251.134033203125},{"userProfilePK":87578117,"calendarDate":{"date":"Mar 11, 2022 12:00:00 AM"},"persistedTimestampGMT":{"date":"Mar 11, 2022 12:51:50 PM"},"timestampLocal":{"date":"Mar 11, 2022 12:18:45 PM"},"hydrationSource":"GARMIN_ACTIVITY","valueInML":0.0,"activityId":8437842452,"capped":false,"estimatedSweatLossInML":119.0,"duration":758.6380004882812},{"userProfilePK":87578117,"calendarDate":{"date":"Mar 11, 2022 12:00:00 AM"},"persistedTimestampGMT":{"date":"Mar 11, 2022 12:52:05 PM"},"timestampLocal":{"date":"Mar 11, 2022 1:27:29 PM"},"hydrationSource":"GARMIN_ACTIVITY","valueInML":0.0,"activityId":8437843707,"capped":false,"estimatedSweatLossInML":160.0,"duration":935.9879760742188},{"userProfilePK":87578117,"calendarDate":{"date":"Mar 11, 2022 12:00:00 AM"},"persistedTimestampGMT":{"date":"Mar 11, 2022 5:12:22 PM"},"timestampLocal":{"date":"Mar 11, 2022 5:49:31 PM"},"hydrationSource":"GARMIN_ACTIVITY","valueInML":0.0,"activityId":8439173978,"capped":false,"estimatedSweatLossInML":227.0,"duration":1214.7239990234375},{"userProfilePK":87578117,"calendarDate":{"date":"Mar 12, 2022 12:00:00 AM"},"persistedTimestampGMT":{"date":"Mar 12, 2022 7:56:43 PM"},"timestampLocal":{"date":"Mar 12, 2022 8:31:48 PM"},"hydrationSource":"GARMIN_ACTIVITY","valueInML":0.0,"activityId":8445990914,"capped":false,"estimatedSweatLossInML":170.0,"duration":1116.781005859375},{"userProfilePK":87578117,"calendarDate":{"date":"Mar 13, 2022 12:00:00 AM"},"persistedTimestampGMT":{"date":"Mar 13, 2022 2:35:06 PM"},"timestampLocal":{"date":"Mar 13, 2022 2:32:10 PM"},"hydrationSource":"GARMIN_ACTIVITY","valueInML":0.0,"activityId":8450580004,"capped":false,"estimatedSweatLossInML":737.0,"duration":3601.784912109375},{"userProfilePK":87578117,"calendarDate":{"date":"Mar 13, 2022 12:00:00 AM"},"persistedTimestampGMT":{"date":"Mar 13, 2022 8:40:08 PM"},"timestampLocal":{"date":"Mar 13, 2022 9:10:40 PM"},"hydrationSource":"GARMIN_ACTIVITY","valueInML":0.0,"activityId":8452808220,"capped":false,"estimatedSweatLossInML":171.0,"duration":1079.0350341796875},{"userProfilePK":87578117,"calendarDate":{"date":"Mar 14, 2022 12:00:00 AM"},"persistedTimestampGMT":{"date":"Mar 14, 2022 5:08:32 PM"},"timestampLocal":{"date":"Mar 14, 2022 8:34:44 AM"},"hydrationSource":"GARMIN_ACTIVITY","valueInML":0.0,"activityId":8456963575,"capped":false,"estimatedSweatLossInML":218.0,"duration":1278.239013671875},{"userProfilePK":87578117,"calendarDate":{"date":"Mar 14, 2022 12:00:00 AM"},"persistedTimestampGMT":{"date":"Mar 14, 2022 5:08:34 PM"},"timestampLocal":{"date":"Mar 14, 2022 12:14:36 PM"},"hydrationSource":"GARMIN_ACTIVITY","valueInML":0.0,"activityId":8456963731,"capped":false,"estimatedSweatLossInML":111.0,"duration":683.9609985351562},{"userProfilePK":87578117,"calendarDate":{"date":"Mar 14, 2022 12:00:00 AM"},"persistedTimestampGMT":{"date":"Mar 14, 2022 5:08:36 PM"},"timestampLocal":{"date":"Mar 14, 2022 1:21:40 PM"},"hydrationSource":"GARMIN_ACTIVITY","valueInML":0.0,"activityId":8456963975,"capped":false,"estimatedSweatLossInML":190.0,"duration":1001.0570068359375},{"userProfilePK":87578117,"calendarDate":{"date":"Mar 14, 2022 12:00:00 AM"},"persistedTimestampGMT":{"date":"Mar 14, 2022 5:08:38 PM"},"timestampLocal":{"date":"Mar 14, 2022 5:40:16 PM"},"hydrationSource":"GARMIN_ACTIVITY","valueInML":0.0,"activityId":8456964154,"capped":false,"estimatedSweatLossInML":248.0,"duration":1306.407958984375},{"userProfilePK":87578117,"calendarDate":{"date":"Mar 15, 2022 12:00:00 AM"},"persistedTimestampGMT":{"date":"Mar 15, 2022 5:39:29 PM"},"timestampLocal":{"date":"Mar 15, 2022 8:38:28 AM"},"hydrationSource":"GARMIN_ACTIVITY","valueInML":0.0,"activityId":8463145880,"capped":false,"estimatedSweatLossInML":221.0,"duration":1178.0570068359375},{"userProfilePK":87578117,"calendarDate":{"date":"Mar 15, 2022 12:00:00 AM"},"persistedTimestampGMT":{"date":"Mar 15, 2022 5:39:30 PM"},"timestampLocal":{"date":"Mar 15, 2022 12:23:59 PM"},"hydrationSource":"GARMIN_ACTIVITY","valueInML":0.0,"activityId":8463145996,"capped":false,"estimatedSweatLossInML":99.0,"duration":568.281005859375},{"userProfilePK":87578117,"calendarDate":{"date":"Mar 15, 2022 12:00:00 AM"},"persistedTimestampGMT":{"date":"Mar 15, 2022 5:39:32 PM"},"timestampLocal":{"date":"Mar 15, 2022 1:31:45 PM"},"hydrationSource":"GARMIN_ACTIVITY","valueInML":0.0,"activityId":8463146210,"capped":false,"estimatedSweatLossInML":131.0,"duration":652.447021484375},{"userProfilePK":87578117,"calendarDate":{"date":"Mar 15, 2022 12:00:00 AM"},"persistedTimestampGMT":{"date":"Mar 15, 2022 5:39:33 PM"},"timestampLocal":{"date":"Mar 15, 2022 6:01:46 PM"},"hydrationSource":"GARMIN_ACTIVITY","valueInML":0.0,"activityId":8463146368,"capped":false,"estimatedSweatLossInML":231.0,"duration":1304.781005859375},{"userProfilePK":87578117,"calendarDate":{"date":"Mar 16, 2022 12:00:00 AM"},"persistedTimestampGMT":{"date":"Mar 16, 2022 12:52:39 PM"},"timestampLocal":{"date":"Mar 16, 2022 7:42:15 AM"},"hydrationSource":"GARMIN_ACTIVITY","valueInML":0.0,"activityId":8467665640,"capped":false,"estimatedSweatLossInML":227.0,"duration":1250.5279541015625},{"userProfilePK":87578117,"calendarDate":{"date":"Mar 16, 2022 12:00:00 AM"},"persistedTimestampGMT":{"date":"Mar 16, 2022 12:52:48 PM"},"timestampLocal":{"date":"Mar 16, 2022 12:21:57 PM"},"hydrationSource":"GARMIN_ACTIVITY","valueInML":0.0,"activityId":8467666444,"capped":false,"estimatedSweatLossInML":125.0,"duration":736.2509765625},{"userProfilePK":87578117,"calendarDate":{"date":"Mar 16, 2022 12:00:00 AM"},"persistedTimestampGMT":{"date":"Mar 16, 2022 12:53:09 PM"},"timestampLocal":{"date":"Mar 16, 2022 1:27:24 PM"},"hydrationSource":"GARMIN_ACTIVITY","valueInML":0.0,"activityId":8467668287,"capped":false,"estimatedSweatLossInML":168.0,"duration":842.5880126953125},{"userProfilePK":87578117,"calendarDate":{"date":"Mar 16, 2022 12:00:00 AM"},"persistedTimestampGMT":{"date":"Mar 16, 2022 5:39:41 PM"},"timestampLocal":{"date":"Mar 16, 2022 5:34:39 PM"},"hydrationSource":"GARMIN_ACTIVITY","valueInML":0.0,"activityId":8469262861,"capped":false,"estimatedSweatLossInML":617.0,"duration":3572.424072265625},{"userProfilePK":87578117,"calendarDate":{"date":"Mar 17, 2022 12:00:00 AM"},"persistedTimestampGMT":{"date":"Mar 17, 2022 4:35:22 PM"},"timestampLocal":{"date":"Mar 17, 2022 8:07:32 AM"},"hydrationSource":"GARMIN_ACTIVITY","valueInML":0.0,"activityId":8474643157,"capped":false,"estimatedSweatLossInML":167.0,"duration":913.2109985351562},{"userProfilePK":87578117,"calendarDate":{"date":"Mar 17, 2022 12:00:00 AM"},"persistedTimestampGMT":{"date":"Mar 17, 2022 4:40:21 PM"},"timestampLocal":{"date":"Mar 17, 2022 8:28:22 AM"},"hydrationSource":"GARMIN_ACTIVITY","valueInML":0.0,"activityId":8474671513,"capped":false,"estimatedSweatLossInML":207.0,"duration":1237.7640380859375},{"userProfilePK":87578117,"calendarDate":{"date":"Mar 17, 2022 12:00:00 AM"},"persistedTimestampGMT":{"date":"Mar 17, 2022 5:38:50 PM"},"timestampLocal":{"date":"Mar 17, 2022 5:43:38 PM"},"hydrationSource":"GARMIN_ACTIVITY","valueInML":0.0,"activityId":8475038763,"capped":false,"estimatedSweatLossInML":587.0,"duration":3154.655029296875},{"userProfilePK":87578117,"calendarDate":{"date":"Mar 18, 2022 12:00:00 AM"},"persistedTimestampGMT":{"date":"Mar 18, 2022 2:22:16 PM"},"timestampLocal":{"date":"Mar 18, 2022 7:36:42 AM"},"hydrationSource":"GARMIN_ACTIVITY","valueInML":0.0,"activityId":8479519168,"capped":false,"estimatedSweatLossInML":236.0,"duration":1154.02001953125},{"userProfilePK":87578117,"calendarDate":{"date":"Mar 18, 2022 12:00:00 AM"},"persistedTimestampGMT":{"date":"Mar 18, 2022 2:22:24 PM"},"timestampLocal":{"date":"Mar 18, 2022 12:15:37 PM"},"hydrationSource":"GARMIN_ACTIVITY","valueInML":0.0,"activityId":8479519873,"capped":false,"estimatedSweatLossInML":148.0,"duration":866.6510009765625},{"userProfilePK":87578117,"calendarDate":{"date":"Mar 18, 2022 12:00:00 AM"},"persistedTimestampGMT":{"date":"Mar 18, 2022 2:22:43 PM"},"timestampLocal":{"date":"Mar 18, 2022 1:25:17 PM"},"hydrationSource":"GARMIN_ACTIVITY","valueInML":0.0,"activityId":8479521385,"capped":false,"estimatedSweatLossInML":182.0,"duration":979.9349975585938},{"userProfilePK":87578117,"calendarDate":{"date":"Mar 18, 2022 12:00:00 AM"},"persistedTimestampGMT":{"date":"Mar 18, 2022 5:00:21 PM"},"timestampLocal":{"date":"Mar 18, 2022 5:32:40 PM"},"hydrationSource":"GARMIN_ACTIVITY","valueInML":0.0,"activityId":8480393278,"capped":false,"estimatedSweatLossInML":204.0,"duration":1326.8609619140625},{"userProfilePK":87578117,"calendarDate":{"date":"Mar 19, 2022 12:00:00 AM"},"persistedTimestampGMT":{"date":"Mar 19, 2022 11:37:25 AM"},"timestampLocal":{"date":"Mar 19, 2022 9:21:01 AM"},"hydrationSource":"GARMIN_ACTIVITY","valueInML":0.0,"activityId":8484359644,"capped":false,"estimatedSweatLossInML":1703.0,"duration":9812.9541015625},{"userProfilePK":87578117,"calendarDate":{"date":"Mar 19, 2022 12:00:00 AM"},"persistedTimestampGMT":{"date":"Mar 19, 2022 11:37:42 AM"},"timestampLocal":{"date":"Mar 19, 2022 12:08:21 PM"},"hydrationSource":"GARMIN_ACTIVITY","valueInML":0.0,"activityId":8484361529,"capped":false,"estimatedSweatLossInML":231.0,"duration":1265.552001953125},{"userProfilePK":87578117,"calendarDate":{"date":"Mar 19, 2022 12:00:00 AM"},"persistedTimestampGMT":{"date":"Mar 19, 2022 7:19:45 PM"},"timestampLocal":{"date":"Mar 19, 2022 7:27:04 PM"},"hydrationSource":"GARMIN_ACTIVITY","valueInML":0.0,"activityId":8487341163,"capped":false,"estimatedSweatLossInML":486.0,"duration":3111.131103515625},{"userProfilePK":87578117,"calendarDate":{"date":"Mar 20, 2022 12:00:00 AM"},"persistedTimestampGMT":{"date":"Mar 20, 2022 7:04:11 PM"},"timestampLocal":{"date":"Mar 20, 2022 6:23:01 PM"},"hydrationSource":"GARMIN_ACTIVITY","valueInML":0.0,"activityId":8493903546,"capped":false,"estimatedSweatLossInML":910.0,"duration":5724.2421875},{"userProfilePK":87578117,"calendarDate":{"date":"Mar 21, 2022 12:00:00 AM"},"persistedTimestampGMT":{"date":"Mar 21, 2022 5:26:46 PM"},"timestampLocal":{"date":"Mar 21, 2022 8:33:10 AM"},"hydrationSource":"GARMIN_ACTIVITY","valueInML":0.0,"activityId":8498725326,"capped":false,"estimatedSweatLossInML":217.0,"duration":1335.5350341796875},{"userProfilePK":87578117,"calendarDate":{"date":"Mar 21, 2022 12:00:00 AM"},"persistedTimestampGMT":{"date":"Mar 21, 2022 5:26:47 PM"},"timestampLocal":{"date":"Mar 21, 2022 5:43:17 PM"},"hydrationSource":"GARMIN_ACTIVITY","valueInML":0.0,"activityId":8498725493,"capped":false,"estimatedSweatLossInML":244.0,"duration":1391.7650146484375},{"userProfilePK":87578117,"calendarDate":{"date":"Mar 21, 2022 12:00:00 AM"},"persistedTimestampGMT":{"date":"Mar 21, 2022 5:26:48 PM"},"timestampLocal":{"date":"Mar 21, 2022 6:08:58 PM"},"hydrationSource":"GARMIN_ACTIVITY","valueInML":0.0,"activityId":8498725637,"capped":false,"estimatedSweatLossInML":129.0,"duration":735.0609741210938},{"userProfilePK":87578117,"calendarDate":{"date":"Mar 22, 2022 12:00:00 AM"},"persistedTimestampGMT":{"date":"Mar 22, 2022 5:28:32 PM"},"timestampLocal":{"date":"Mar 22, 2022 8:36:54 AM"},"hydrationSource":"GARMIN_ACTIVITY","valueInML":0.0,"activityId":8504855445,"capped":false,"estimatedSweatLossInML":217.0,"duration":1235.574951171875},{"userProfilePK":87578117,"calendarDate":{"date":"Mar 22, 2022 12:00:00 AM"},"persistedTimestampGMT":{"date":"Mar 22, 2022 5:28:33 PM"},"timestampLocal":{"date":"Mar 22, 2022 12:15:35 PM"},"hydrationSource":"GARMIN_ACTIVITY","valueInML":0.0,"activityId":8504855588,"capped":false,"estimatedSweatLossInML":116.0,"duration":708.0040283203125},{"userProfilePK":87578117,"calendarDate":{"date":"Mar 22, 2022 12:00:00 AM"},"persistedTimestampGMT":{"date":"Mar 22, 2022 5:28:36 PM"},"timestampLocal":{"date":"Mar 22, 2022 1:24:11 PM"},"hydrationSource":"GARMIN_ACTIVITY","valueInML":0.0,"activityId":8504855883,"capped":false,"estimatedSweatLossInML":195.0,"duration":1018.2890014648438},{"userProfilePK":87578117,"calendarDate":{"date":"Mar 22, 2022 12:00:00 AM"},"persistedTimestampGMT":{"date":"Mar 22, 2022 5:28:37 PM"},"timestampLocal":{"date":"Mar 22, 2022 6:00:41 PM"},"hydrationSource":"GARMIN_ACTIVITY","valueInML":0.0,"activityId":8504856037,"capped":false,"estimatedSweatLossInML":251.0,"duration":1302.876953125},{"userProfilePK":87578117,"calendarDate":{"date":"Mar 23, 2022 12:00:00 AM"},"persistedTimestampGMT":{"date":"Mar 23, 2022 5:31:59 PM"},"timestampLocal":{"date":"Mar 23, 2022 8:27:46 AM"},"hydrationSource":"GARMIN_ACTIVITY","valueInML":0.0,"activityId":8511184411,"capped":false,"estimatedSweatLossInML":212.0,"duration":1244.612060546875},{"userProfilePK":87578117,"calendarDate":{"date":"Mar 23, 2022 12:00:00 AM"},"persistedTimestampGMT":{"date":"Mar 23, 2022 5:32:01 PM"},"timestampLocal":{"date":"Mar 23, 2022 12:17:32 PM"},"hydrationSource":"GARMIN_ACTIVITY","valueInML":0.0,"activityId":8511184572,"capped":false,"estimatedSweatLossInML":117.0,"duration":684.52001953125},{"userProfilePK":87578117,"calendarDate":{"date":"Mar 23, 2022 12:00:00 AM"},"persistedTimestampGMT":{"date":"Mar 23, 2022 5:32:03 PM"},"timestampLocal":{"date":"Mar 23, 2022 1:21:15 PM"},"hydrationSource":"GARMIN_ACTIVITY","valueInML":0.0,"activityId":8511184869,"capped":false,"estimatedSweatLossInML":186.0,"duration":946.0009765625},{"userProfilePK":87578117,"calendarDate":{"date":"Mar 23, 2022 12:00:00 AM"},"persistedTimestampGMT":{"date":"Mar 23, 2022 5:32:05 PM"},"timestampLocal":{"date":"Mar 23, 2022 6:04:24 PM"},"hydrationSource":"GARMIN_ACTIVITY","valueInML":0.0,"activityId":8511185084,"capped":false,"estimatedSweatLossInML":254.0,"duration":1286.376953125},{"userProfilePK":87578117,"calendarDate":{"date":"Mar 24, 2022 12:00:00 AM"},"persistedTimestampGMT":{"date":"Mar 25, 2022 9:40:06 AM"},"timestampLocal":{"date":"Mar 24, 2022 8:26:33 AM"},"hydrationSource":"GARMIN_ACTIVITY","valueInML":0.0,"activityId":8520513017,"capped":false,"estimatedSweatLossInML":159.0,"duration":1172.3719482421875},{"userProfilePK":87578117,"calendarDate":{"date":"Mar 24, 2022 12:00:00 AM"},"persistedTimestampGMT":{"date":"Mar 25, 2022 9:40:18 AM"},"timestampLocal":{"date":"Mar 24, 2022 6:19:36 PM"},"hydrationSource":"GARMIN_ACTIVITY","valueInML":0.0,"activityId":8520513630,"capped":false,"estimatedSweatLossInML":179.0,"duration":1327.9830322265625},{"userProfilePK":87578117,"calendarDate":{"date":"Mar 24, 2022 12:00:00 AM"},"persistedTimestampGMT":{"date":"Mar 25, 2022 9:40:37 AM"},"timestampLocal":{"date":"Mar 24, 2022 8:33:29 PM"},"hydrationSource":"GARMIN_ACTIVITY","valueInML":0.0,"activityId":8520514750,"capped":false,"estimatedSweatLossInML":359.0,"duration":2146.344970703125},{"userProfilePK":87578117,"calendarDate":{"date":"Mar 25, 2022 12:00:00 AM"},"persistedTimestampGMT":{"date":"Mar 25, 2022 9:40:52 AM"},"timestampLocal":{"date":"Mar 25, 2022 8:34:48 AM"},"hydrationSource":"GARMIN_ACTIVITY","valueInML":0.0,"activityId":8520515637,"capped":false,"estimatedSweatLossInML":203.0,"duration":1296.862060546875},{"userProfilePK":87578117,"calendarDate":{"date":"Mar 25, 2022 12:00:00 AM"},"persistedTimestampGMT":{"date":"Mar 25, 2022 12:52:01 PM"},"timestampLocal":{"date":"Mar 25, 2022 12:37:58 PM"},"hydrationSource":"GARMIN_ACTIVITY","valueInML":0.0,"activityId":8521422029,"capped":false,"estimatedSweatLossInML":111.0,"duration":595.9409790039062},{"userProfilePK":87578117,"calendarDate":{"date":"Mar 25, 2022 12:00:00 AM"},"persistedTimestampGMT":{"date":"Mar 25, 2022 12:52:17 PM"},"timestampLocal":{"date":"Mar 25, 2022 1:40:19 PM"},"hydrationSource":"GARMIN_ACTIVITY","valueInML":0.0,"activityId":8521423429,"capped":false,"estimatedSweatLossInML":124.0,"duration":644.9749755859375},{"userProfilePK":87578117,"calendarDate":{"date":"Mar 25, 2022 12:00:00 AM"},"persistedTimestampGMT":{"date":"Mar 25, 2022 4:29:46 PM"},"timestampLocal":{"date":"Mar 25, 2022 5:04:27 PM"},"hydrationSource":"GARMIN_ACTIVITY","valueInML":0.0,"activityId":8522579374,"capped":false,"estimatedSweatLossInML":261.0,"duration":1314.27001953125},{"userProfilePK":87578117,"calendarDate":{"date":"Mar 25, 2022 12:00:00 AM"},"persistedTimestampGMT":{"date":"Mar 25, 2022 5:38:58 PM"},"timestampLocal":{"date":"Mar 25, 2022 5:49:40 PM"},"hydrationSource":"GARMIN_ACTIVITY","valueInML":0.0,"activityId":8523009446,"capped":false,"estimatedSweatLossInML":355.0,"duration":1971.8299560546875},{"userProfilePK":87578117,"calendarDate":{"date":"Mar 26, 2022 12:00:00 AM"},"persistedTimestampGMT":{"date":"Mar 26, 2022 6:54:57 PM"},"timestampLocal":{"date":"Mar 26, 2022 3:09:59 PM"},"hydrationSource":"GARMIN_ACTIVITY","valueInML":0.0,"activityId":8529687081,"capped":false,"estimatedSweatLossInML":48.0,"duration":267.5780029296875},{"userProfilePK":87578117,"calendarDate":{"date":"Mar 26, 2022 12:00:00 AM"},"persistedTimestampGMT":{"date":"Mar 26, 2022 6:56:15 PM"},"timestampLocal":{"date":"Mar 26, 2022 5:44:44 PM"},"hydrationSource":"GARMIN_ACTIVITY","valueInML":0.0,"activityId":8529692946,"capped":false,"estimatedSweatLossInML":1225.0,"duration":6492.583984375},{"userProfilePK":87578117,"calendarDate":{"date":"Mar 27, 2022 12:00:00 AM"},"persistedTimestampGMT":{"date":"Mar 27, 2022 12:14:07 PM"},"timestampLocal":{"date":"Mar 27, 2022 9:12:24 AM"},"hydrationSource":"GARMIN_ACTIVITY","valueInML":0.0,"activityId":8533912647,"capped":false,"estimatedSweatLossInML":2971.0,"duration":17677.078125},{"userProfilePK":87578117,"calendarDate":{"date":"Mar 27, 2022 12:00:00 AM"},"persistedTimestampGMT":{"date":"Mar 27, 2022 2:29:16 PM"},"timestampLocal":{"date":"Mar 27, 2022 3:53:43 PM"},"hydrationSource":"GARMIN_ACTIVITY","valueInML":0.0,"activityId":8534819913,"capped":false,"estimatedSweatLossInML":420.0,"duration":2090.779052734375},{"userProfilePK":87578117,"calendarDate":{"date":"Mar 28, 2022 12:00:00 AM"},"persistedTimestampGMT":{"date":"Mar 29, 2022 4:23:02 PM"},"timestampLocal":{"date":"Mar 28, 2022 8:36:36 AM"},"hydrationSource":"GARMIN_ACTIVITY","valueInML":0.0,"activityId":8547212597,"capped":false,"estimatedSweatLossInML":155.0,"duration":1244.18603515625},{"userProfilePK":87578117,"calendarDate":{"date":"Mar 28, 2022 12:00:00 AM"},"persistedTimestampGMT":{"date":"Mar 29, 2022 4:23:04 PM"},"timestampLocal":{"date":"Mar 28, 2022 6:15:00 PM"},"hydrationSource":"GARMIN_ACTIVITY","valueInML":0.0,"activityId":8547212848,"capped":false,"estimatedSweatLossInML":227.0,"duration":1295.873046875},{"userProfilePK":87578117,"calendarDate":{"date":"Mar 28, 2022 12:00:00 AM"},"persistedTimestampGMT":{"date":"Mar 29, 2022 4:23:05 PM"},"timestampLocal":{"date":"Mar 28, 2022 6:40:45 PM"},"hydrationSource":"GARMIN_ACTIVITY","valueInML":0.0,"activityId":8547213014,"capped":false,"estimatedSweatLossInML":130.0,"duration":695.5050048828125},{"userProfilePK":87578117,"calendarDate":{"date":"Mar 29, 2022 12:00:00 AM"},"persistedTimestampGMT":{"date":"Mar 29, 2022 4:23:07 PM"},"timestampLocal":{"date":"Mar 29, 2022 8:36:11 AM"},"hydrationSource":"GARMIN_ACTIVITY","valueInML":0.0,"activityId":8547213197,"capped":false,"estimatedSweatLossInML":232.0,"duration":1199.18896484375},{"userProfilePK":87578117,"calendarDate":{"date":"Mar 29, 2022 12:00:00 AM"},"persistedTimestampGMT":{"date":"Mar 29, 2022 4:23:09 PM"},"timestampLocal":{"date":"Mar 29, 2022 12:09:06 PM"},"hydrationSource":"GARMIN_ACTIVITY","valueInML":0.0,"activityId":8547213409,"capped":false,"estimatedSweatLossInML":144.0,"duration":759.5919799804688},{"userProfilePK":87578117,"calendarDate":{"date":"Mar 29, 2022 12:00:00 AM"},"persistedTimestampGMT":{"date":"Mar 29, 2022 4:23:11 PM"},"timestampLocal":{"date":"Mar 29, 2022 1:15:24 PM"},"hydrationSource":"GARMIN_ACTIVITY","valueInML":0.0,"activityId":8547213730,"capped":false,"estimatedSweatLossInML":206.0,"duration":961.3510131835938},{"userProfilePK":87578117,"calendarDate":{"date":"Mar 29, 2022 12:00:00 AM"},"persistedTimestampGMT":{"date":"Mar 29, 2022 4:23:13 PM"},"timestampLocal":{"date":"Mar 29, 2022 5:56:31 PM"},"hydrationSource":"GARMIN_ACTIVITY","valueInML":0.0,"activityId":8547213930,"capped":false,"estimatedSweatLossInML":259.0,"duration":1215.583984375},{"userProfilePK":87578117,"calendarDate":{"date":"Mar 30, 2022 12:00:00 AM"},"persistedTimestampGMT":{"date":"Mar 30, 2022 4:20:23 PM"},"timestampLocal":{"date":"Mar 30, 2022 8:35:09 AM"},"hydrationSource":"GARMIN_ACTIVITY","valueInML":0.0,"activityId":8553088467,"capped":false,"estimatedSweatLossInML":214.0,"duration":1229.7239990234375},{"userProfilePK":87578117,"calendarDate":{"date":"Mar 30, 2022 12:00:00 AM"},"persistedTimestampGMT":{"date":"Mar 30, 2022 4:20:25 PM"},"timestampLocal":{"date":"Mar 30, 2022 12:12:09 PM"},"hydrationSource":"GARMIN_ACTIVITY","valueInML":0.0,"activityId":8553088611,"capped":false,"estimatedSweatLossInML":150.0,"duration":822.6959838867188},{"userProfilePK":87578117,"calendarDate":{"date":"Mar 30, 2022 12:00:00 AM"},"persistedTimestampGMT":{"date":"Mar 30, 2022 4:20:27 PM"},"timestampLocal":{"date":"Mar 30, 2022 1:20:51 PM"},"hydrationSource":"GARMIN_ACTIVITY","valueInML":0.0,"activityId":8553088868,"capped":false,"estimatedSweatLossInML":186.0,"duration":960.094970703125},{"userProfilePK":87578117,"calendarDate":{"date":"Mar 30, 2022 12:00:00 AM"},"persistedTimestampGMT":{"date":"Mar 30, 2022 4:20:29 PM"},"timestampLocal":{"date":"Mar 30, 2022 5:55:43 PM"},"hydrationSource":"GARMIN_ACTIVITY","valueInML":0.0,"activityId":8553089055,"capped":false,"estimatedSweatLossInML":197.0,"duration":1152.8759765625},{"userProfilePK":87578117,"calendarDate":{"date":"Mar 31, 2022 12:00:00 AM"},"persistedTimestampGMT":{"date":"Apr 1, 2022 1:44:23 PM"},"timestampLocal":{"date":"Mar 31, 2022 8:30:34 AM"},"hydrationSource":"GARMIN_ACTIVITY","valueInML":0.0,"activityId":8562793886,"capped":false,"estimatedSweatLossInML":231.0,"duration":1311.052001953125},{"userProfilePK":87578117,"calendarDate":{"date":"Mar 31, 2022 12:00:00 AM"},"persistedTimestampGMT":{"date":"Apr 1, 2022 1:44:37 PM"},"timestampLocal":{"date":"Mar 31, 2022 6:08:03 PM"},"hydrationSource":"GARMIN_ACTIVITY","valueInML":0.0,"activityId":8562794861,"capped":false,"estimatedSweatLossInML":226.0,"duration":1080.7989501953125},{"userProfilePK":87578117,"calendarDate":{"date":"Mar 31, 2022 12:00:00 AM"},"persistedTimestampGMT":{"date":"Apr 1, 2022 1:44:54 PM"},"timestampLocal":{"date":"Mar 31, 2022 7:52:10 PM"},"hydrationSource":"GARMIN_ACTIVITY","valueInML":0.0,"activityId":8562796105,"capped":false,"estimatedSweatLossInML":222.0,"duration":1321.2490234375},{"userProfilePK":87578117,"calendarDate":{"date":"Apr 1, 2022 12:00:00 AM"},"persistedTimestampGMT":{"date":"Apr 1, 2022 1:45:10 PM"},"timestampLocal":{"date":"Apr 1, 2022 9:07:13 AM"},"hydrationSource":"GARMIN_ACTIVITY","valueInML":0.0,"activityId":8562797207,"capped":false,"estimatedSweatLossInML":225.0,"duration":1279.7449951171875},{"userProfilePK":87578117,"calendarDate":{"date":"Apr 1, 2022 12:00:00 AM"},"persistedTimestampGMT":{"date":"Apr 1, 2022 1:45:17 PM"},"timestampLocal":{"date":"Apr 1, 2022 12:15:02 PM"},"hydrationSource":"GARMIN_ACTIVITY","valueInML":0.0,"activityId":8562797709,"capped":false,"estimatedSweatLossInML":124.0,"duration":807.0549926757812},{"userProfilePK":87578117,"calendarDate":{"date":"Apr 1, 2022 12:00:00 AM"},"persistedTimestampGMT":{"date":"Apr 1, 2022 1:45:35 PM"},"timestampLocal":{"date":"Apr 1, 2022 1:22:04 PM"},"hydrationSource":"GARMIN_ACTIVITY","valueInML":0.0,"activityId":8562798910,"capped":false,"estimatedSweatLossInML":157.0,"duration":957.0009765625},{"userProfilePK":87578117,"calendarDate":{"date":"Apr 1, 2022 12:00:00 AM"},"persistedTimestampGMT":{"date":"Apr 2, 2022 4:08:49 PM"},"timestampLocal":{"date":"Apr 1, 2022 5:14:35 PM"},"hydrationSource":"GARMIN_ACTIVITY","valueInML":0.0,"activityId":8569061230,"capped":false,"estimatedSweatLossInML":185.0,"duration":1018.8270263671875},{"userProfilePK":87578117,"calendarDate":{"date":"Apr 2, 2022 12:00:00 AM"},"persistedTimestampGMT":{"date":"Apr 2, 2022 6:56:22 PM"},"timestampLocal":{"date":"Apr 2, 2022 7:56:13 PM"},"hydrationSource":"GARMIN_ACTIVITY","valueInML":0.0,"activityId":8569890594,"capped":false,"estimatedSweatLossInML":516.0,"duration":3436.9619140625},{"userProfilePK":87578117,"calendarDate":{"date":"Apr 3, 2022 12:00:00 AM"},"persistedTimestampGMT":{"date":"Apr 3, 2022 7:03:50 PM"},"timestampLocal":{"date":"Apr 3, 2022 8:30:33 PM"},"hydrationSource":"GARMIN_ACTIVITY","valueInML":0.0,"activityId":8576211512,"capped":false,"estimatedSweatLossInML":284.0,"duration":1956.52197265625},{"userProfilePK":87578117,"calendarDate":{"date":"Apr 4, 2022 12:00:00 AM"},"persistedTimestampGMT":{"date":"Apr 4, 2022 7:07:37 AM"},"timestampLocal":{"date":"Apr 4, 2022 8:42:04 AM"},"hydrationSource":"GARMIN_ACTIVITY","valueInML":0.0,"activityId":8577948530,"capped":false,"estimatedSweatLossInML":190.0,"duration":1345.907958984375},{"userProfilePK":87578117,"calendarDate":{"date":"Apr 4, 2022 12:00:00 AM"},"persistedTimestampGMT":{"date":"Apr 6, 2022 10:05:40 AM"},"timestampLocal":{"date":"Apr 4, 2022 12:15:41 PM"},"hydrationSource":"GARMIN_ACTIVITY","valueInML":0.0,"activityId":8589899745,"capped":false,"estimatedSweatLossInML":147.0,"duration":873.8270263671875},{"userProfilePK":87578117,"calendarDate":{"date":"Apr 4, 2022 12:00:00 AM"},"persistedTimestampGMT":{"date":"Apr 6, 2022 10:05:59 AM"},"timestampLocal":{"date":"Apr 4, 2022 1:27:17 PM"},"hydrationSource":"GARMIN_ACTIVITY","valueInML":0.0,"activityId":8589901119,"capped":false,"estimatedSweatLossInML":183.0,"duration":1083.1939697265625},{"userProfilePK":87578117,"calendarDate":{"date":"Apr 4, 2022 12:00:00 AM"},"persistedTimestampGMT":{"date":"Apr 6, 2022 10:06:20 AM"},"timestampLocal":{"date":"Apr 4, 2022 5:52:03 PM"},"hydrationSource":"GARMIN_ACTIVITY","valueInML":0.0,"activityId":8589902685,"capped":false,"estimatedSweatLossInML":271.0,"duration":1696.2879638671875},{"userProfilePK":87578117,"calendarDate":{"date":"Apr 5, 2022 12:00:00 AM"},"persistedTimestampGMT":{"date":"Apr 6, 2022 10:06:50 AM"},"timestampLocal":{"date":"Apr 5, 2022 8:38:51 AM"},"hydrationSource":"GARMIN_ACTIVITY","valueInML":0.0,"activityId":8589904883,"capped":false,"estimatedSweatLossInML":196.0,"duration":1324.3079833984375},{"userProfilePK":87578117,"calendarDate":{"date":"Apr 5, 2022 12:00:00 AM"},"persistedTimestampGMT":{"date":"Apr 6, 2022 10:07:02 AM"},"timestampLocal":{"date":"Apr 5, 2022 12:16:16 PM"},"hydrationSource":"GARMIN_ACTIVITY","valueInML":0.0,"activityId":8589905732,"capped":false,"estimatedSweatLossInML":149.0,"duration":774.72802734375},{"userProfilePK":87578117,"calendarDate":{"date":"Apr 5, 2022 12:00:00 AM"},"persistedTimestampGMT":{"date":"Apr 6, 2022 10:07:22 AM"},"timestampLocal":{"date":"Apr 5, 2022 1:25:55 PM"},"hydrationSource":"GARMIN_ACTIVITY","valueInML":0.0,"activityId":8589907265,"capped":false,"estimatedSweatLossInML":162.0,"duration":913.5590209960938},{"userProfilePK":87578117,"calendarDate":{"date":"Apr 5, 2022 12:00:00 AM"},"persistedTimestampGMT":{"date":"Apr 6, 2022 10:07:44 AM"},"timestampLocal":{"date":"Apr 5, 2022 6:05:27 PM"},"hydrationSource":"GARMIN_ACTIVITY","valueInML":0.0,"activityId":8589908788,"capped":false,"estimatedSweatLossInML":315.0,"duration":1967.2889404296875},{"userProfilePK":87578117,"calendarDate":{"date":"Apr 5, 2022 12:00:00 AM"},"persistedTimestampGMT":{"date":"Apr 6, 2022 10:07:45 AM"},"timestampLocal":{"date":"Apr 5, 2022 9:03:23 PM"},"hydrationSource":"GARMIN_ACTIVITY","valueInML":0.0,"activityId":8589908916,"capped":false,"estimatedSweatLossInML":11.0,"duration":76.99500274658203},{"userProfilePK":87578117,"calendarDate":{"date":"Apr 6, 2022 12:00:00 AM"},"persistedTimestampGMT":{"date":"Apr 6, 2022 10:08:00 AM"},"timestampLocal":{"date":"Apr 6, 2022 8:37:09 AM"},"hydrationSource":"GARMIN_ACTIVITY","valueInML":0.0,"activityId":8589910030,"capped":false,"estimatedSweatLossInML":233.0,"duration":1181.6280517578125},{"userProfilePK":87578117,"calendarDate":{"date":"Apr 6, 2022 12:00:00 AM"},"persistedTimestampGMT":{"date":"Apr 6, 2022 10:37:15 AM"},"timestampLocal":{"date":"Apr 6, 2022 12:22:47 PM"},"hydrationSource":"GARMIN_ACTIVITY","valueInML":0.0,"activityId":8590041072,"capped":false,"estimatedSweatLossInML":149.0,"duration":818.2839965820312},{"userProfilePK":87578117,"calendarDate":{"date":"Apr 6, 2022 12:00:00 AM"},"persistedTimestampGMT":{"date":"Apr 6, 2022 3:45:30 PM"},"timestampLocal":{"date":"Apr 6, 2022 1:28:20 PM"},"hydrationSource":"GARMIN_ACTIVITY","valueInML":0.0,"activityId":8591629210,"capped":false,"estimatedSweatLossInML":174.0,"duration":955.291015625},{"userProfilePK":87578117,"calendarDate":{"date":"Apr 6, 2022 12:00:00 AM"},"persistedTimestampGMT":{"date":"Apr 6, 2022 4:07:13 PM"},"timestampLocal":{"date":"Apr 6, 2022 5:47:53 PM"},"hydrationSource":"GARMIN_ACTIVITY","valueInML":0.0,"activityId":8591763702,"capped":false,"estimatedSweatLossInML":221.0,"duration":1125.64404296875},{"userProfilePK":87578117,"calendarDate":{"date":"Apr 7, 2022 12:00:00 AM"},"persistedTimestampGMT":{"date":"Apr 8, 2022 8:34:55 AM"},"timestampLocal":{"date":"Apr 7, 2022 8:10:19 AM"},"hydrationSource":"GARMIN_ACTIVITY","valueInML":0.0,"activityId":8600592274,"capped":false,"estimatedSweatLossInML":222.0,"duration":1276.66796875},{"userProfilePK":87578117,"calendarDate":{"date":"Apr 7, 2022 12:00:00 AM"},"persistedTimestampGMT":{"date":"Apr 8, 2022 8:35:10 AM"},"timestampLocal":{"date":"Apr 7, 2022 8:36:24 AM"},"hydrationSource":"GARMIN_ACTIVITY","valueInML":0.0,"activityId":8600593007,"capped":false,"estimatedSweatLossInML":213.0,"duration":1181.0240478515625},{"userProfilePK":87578117,"calendarDate":{"date":"Apr 7, 2022 12:00:00 AM"},"persistedTimestampGMT":{"date":"Apr 8, 2022 8:35:24 AM"},"timestampLocal":{"date":"Apr 7, 2022 5:33:14 PM"},"hydrationSource":"GARMIN_ACTIVITY","valueInML":0.0,"activityId":8600593793,"capped":false,"estimatedSweatLossInML":244.0,"duration":1195.126953125},{"userProfilePK":87578117,"calendarDate":{"date":"Apr 8, 2022 12:00:00 AM"},"persistedTimestampGMT":{"date":"Apr 8, 2022 8:35:39 AM"},"timestampLocal":{"date":"Apr 8, 2022 8:33:35 AM"},"hydrationSource":"GARMIN_ACTIVITY","valueInML":0.0,"activityId":8600594583,"capped":false,"estimatedSweatLossInML":229.0,"duration":1219.7220458984375},{"userProfilePK":87578117,"calendarDate":{"date":"Apr 8, 2022 12:00:00 AM"},"persistedTimestampGMT":{"date":"Apr 8, 2022 10:27:26 AM"},"timestampLocal":{"date":"Apr 8, 2022 12:12:57 PM"},"hydrationSource":"GARMIN_ACTIVITY","valueInML":0.0,"activityId":8600980153,"capped":false,"estimatedSweatLossInML":180.0,"duration":847.593017578125},{"userProfilePK":87578117,"calendarDate":{"date":"Apr 8, 2022 12:00:00 AM"},"persistedTimestampGMT":{"date":"Apr 8, 2022 11:48:33 AM"},"timestampLocal":{"date":"Apr 8, 2022 1:28:26 PM"},"hydrationSource":"GARMIN_ACTIVITY","valueInML":0.0,"activityId":8601354329,"capped":false,"estimatedSweatLossInML":177.0,"duration":922.89697265625},{"userProfilePK":87578117,"calendarDate":{"date":"Apr 8, 2022 12:00:00 AM"},"persistedTimestampGMT":{"date":"Apr 8, 2022 11:01:29 PM"},"timestampLocal":{"date":"Apr 8, 2022 5:25:59 PM"},"hydrationSource":"GARMIN_ACTIVITY","valueInML":0.0,"activityId":8604127824,"capped":false,"estimatedSweatLossInML":249.0,"duration":1274.6820068359375},{"userProfilePK":87578117,"calendarDate":{"date":"Apr 9, 2022 12:00:00 AM"},"persistedTimestampGMT":{"date":"Apr 9, 2022 12:29:47 PM"},"timestampLocal":{"date":"Apr 9, 2022 10:14:41 AM"},"hydrationSource":"GARMIN_ACTIVITY","valueInML":0.0,"activityId":8606997011,"capped":false,"estimatedSweatLossInML":2685.0,"duration":13624.4560546875},{"userProfilePK":87578117,"calendarDate":{"date":"Apr 9, 2022 12:00:00 AM"},"persistedTimestampGMT":{"date":"Apr 9, 2022 12:29:51 PM"},"timestampLocal":{"date":"Apr 9, 2022 2:08:15 PM"},"hydrationSource":"GARMIN_ACTIVITY","valueInML":0.0,"activityId":8606997445,"capped":false,"estimatedSweatLossInML":110.0,"duration":624.5479736328125},{"userProfilePK":87578117,"calendarDate":{"date":"Apr 10, 2022 12:00:00 AM"},"persistedTimestampGMT":{"date":"Apr 10, 2022 10:26:21 AM"},"timestampLocal":{"date":"Apr 10, 2022 9:17:55 AM"},"hydrationSource":"GARMIN_ACTIVITY","valueInML":0.0,"activityId":8612266875,"capped":false,"estimatedSweatLossInML":1250.0,"duration":7173.02001953125},{"userProfilePK":87578117,"calendarDate":{"date":"Apr 11, 2022 12:00:00 AM"},"persistedTimestampGMT":{"date":"Apr 11, 2022 7:00:22 AM"},"timestampLocal":{"date":"Apr 11, 2022 8:38:54 AM"},"hydrationSource":"GARMIN_ACTIVITY","valueInML":0.0,"activityId":8617446969,"capped":false,"estimatedSweatLossInML":211.0,"duration":1255.281005859375},{"userProfilePK":87578117,"calendarDate":{"date":"Apr 11, 2022 12:00:00 AM"},"persistedTimestampGMT":{"date":"Apr 11, 2022 11:23:51 AM"},"timestampLocal":{"date":"Apr 11, 2022 12:44:40 PM"},"hydrationSource":"GARMIN_ACTIVITY","valueInML":0.0,"activityId":8618463904,"capped":false,"estimatedSweatLossInML":338.0,"duration":1791.45703125},{"userProfilePK":87578117,"calendarDate":{"date":"Apr 11, 2022 12:00:00 AM"},"persistedTimestampGMT":{"date":"Apr 11, 2022 4:06:27 PM"},"timestampLocal":{"date":"Apr 11, 2022 5:40:45 PM"},"hydrationSource":"GARMIN_ACTIVITY","valueInML":0.0,"activityId":8619975523,"capped":false,"estimatedSweatLossInML":233.0,"duration":1377.1719970703125},{"userProfilePK":87578117,"calendarDate":{"date":"Apr 12, 2022 12:00:00 AM"},"persistedTimestampGMT":{"date":"Apr 13, 2022 1:26:18 PM"},"timestampLocal":{"date":"Apr 12, 2022 8:39:35 AM"},"hydrationSource":"GARMIN_ACTIVITY","valueInML":0.0,"activityId":8631353700,"capped":false,"estimatedSweatLossInML":225.0,"duration":1271.8699951171875},{"userProfilePK":87578117,"calendarDate":{"date":"Apr 12, 2022 12:00:00 AM"},"persistedTimestampGMT":{"date":"Apr 13, 2022 1:26:52 PM"},"timestampLocal":{"date":"Apr 12, 2022 1:02:16 PM"},"hydrationSource":"GARMIN_ACTIVITY","valueInML":0.0,"activityId":8631356609,"capped":false,"estimatedSweatLossInML":537.0,"duration":3172.404052734375},{"userProfilePK":87578117,"calendarDate":{"date":"Apr 12, 2022 12:00:00 AM"},"persistedTimestampGMT":{"date":"Apr 13, 2022 1:27:11 PM"},"timestampLocal":{"date":"Apr 12, 2022 5:55:08 PM"},"hydrationSource":"GARMIN_ACTIVITY","valueInML":0.0,"activityId":8631358148,"capped":false,"estimatedSweatLossInML":234.0,"duration":1171.2669677734375},{"userProfilePK":87578117,"calendarDate":{"date":"Apr 13, 2022 12:00:00 AM"},"persistedTimestampGMT":{"date":"Apr 13, 2022 1:27:42 PM"},"timestampLocal":{"date":"Apr 13, 2022 8:27:45 AM"},"hydrationSource":"GARMIN_ACTIVITY","valueInML":0.0,"activityId":8631360710,"capped":false,"estimatedSweatLossInML":205.0,"duration":1256.509033203125},{"userProfilePK":87578117,"calendarDate":{"date":"Apr 13, 2022 12:00:00 AM"},"persistedTimestampGMT":{"date":"Apr 13, 2022 1:27:56 PM"},"timestampLocal":{"date":"Apr 13, 2022 1:11:24 PM"},"hydrationSource":"GARMIN_ACTIVITY","valueInML":0.0,"activityId":8631361954,"capped":false,"estimatedSweatLossInML":93.0,"duration":585.89501953125},{"userProfilePK":87578117,"calendarDate":{"date":"Apr 13, 2022 12:00:00 AM"},"persistedTimestampGMT":{"date":"Apr 13, 2022 1:28:14 PM"},"timestampLocal":{"date":"Apr 13, 2022 1:49:14 PM"},"hydrationSource":"GARMIN_ACTIVITY","valueInML":0.0,"activityId":8631363356,"capped":false,"estimatedSweatLossInML":167.0,"duration":977.2559814453125},{"userProfilePK":87578117,"calendarDate":{"date":"Apr 13, 2022 12:00:00 AM"},"persistedTimestampGMT":{"date":"Apr 14, 2022 1:26:09 PM"},"timestampLocal":{"date":"Apr 13, 2022 5:45:16 PM"},"hydrationSource":"GARMIN_ACTIVITY","valueInML":0.0,"activityId":8637247032,"capped":false,"estimatedSweatLossInML":223.0,"duration":1203.259033203125},{"userProfilePK":87578117,"calendarDate":{"date":"Apr 14, 2022 12:00:00 AM"},"persistedTimestampGMT":{"date":"Apr 14, 2022 1:26:21 PM"},"timestampLocal":{"date":"Apr 14, 2022 8:22:59 AM"},"hydrationSource":"GARMIN_ACTIVITY","valueInML":0.0,"activityId":8637248086,"capped":false,"estimatedSweatLossInML":168.0,"duration":946.9019775390625},{"userProfilePK":87578117,"calendarDate":{"date":"Apr 14, 2022 12:00:00 AM"},"persistedTimestampGMT":{"date":"Apr 14, 2022 1:26:39 PM"},"timestampLocal":{"date":"Apr 14, 2022 8:42:57 AM"},"hydrationSource":"GARMIN_ACTIVITY","valueInML":0.0,"activityId":8637249697,"capped":false,"estimatedSweatLossInML":200.0,"duration":1241.3330078125},{"userProfilePK":87578117,"calendarDate":{"date":"Apr 14, 2022 12:00:00 AM"},"persistedTimestampGMT":{"date":"Apr 14, 2022 4:38:39 PM"},"timestampLocal":{"date":"Apr 14, 2022 6:18:07 PM"},"hydrationSource":"GARMIN_ACTIVITY","valueInML":0.0,"activityId":8638354058,"capped":false,"estimatedSweatLossInML":286.0,"duration":1183.1829833984375},{"userProfilePK":87578117,"calendarDate":{"date":"Apr 15, 2022 12:00:00 AM"},"persistedTimestampGMT":{"date":"Apr 15, 2022 10:36:23 AM"},"timestampLocal":{"date":"Apr 15, 2022 8:50:50 AM"},"hydrationSource":"GARMIN_ACTIVITY","valueInML":0.0,"activityId":8642108497,"capped":false,"estimatedSweatLossInML":222.0,"duration":1147.470947265625},{"userProfilePK":87578117,"calendarDate":{"date":"Apr 15, 2022 12:00:00 AM"},"persistedTimestampGMT":{"date":"Apr 15, 2022 10:36:35 AM"},"timestampLocal":{"date":"Apr 15, 2022 12:21:31 PM"},"hydrationSource":"GARMIN_ACTIVITY","valueInML":0.0,"activityId":8642109640,"capped":false,"estimatedSweatLossInML":167.0,"duration":804.7839965820312},{"userProfilePK":87578117,"calendarDate":{"date":"Apr 15, 2022 12:00:00 AM"},"persistedTimestampGMT":{"date":"Apr 15, 2022 10:41:56 PM"},"timestampLocal":{"date":"Apr 15, 2022 1:41:07 PM"},"hydrationSource":"GARMIN_ACTIVITY","valueInML":0.0,"activityId":8645886554,"capped":false,"estimatedSweatLossInML":194.0,"duration":1008.468017578125},{"userProfilePK":87578117,"calendarDate":{"date":"Apr 15, 2022 12:00:00 AM"},"persistedTimestampGMT":{"date":"Apr 15, 2022 10:42:20 PM"},"timestampLocal":{"date":"Apr 15, 2022 5:33:50 PM"},"hydrationSource":"GARMIN_ACTIVITY","valueInML":0.0,"activityId":8645887667,"capped":false,"estimatedSweatLossInML":303.0,"duration":1334.237060546875},{"userProfilePK":87578117,"calendarDate":{"date":"Apr 16, 2022 12:00:00 AM"},"persistedTimestampGMT":{"date":"Apr 16, 2022 6:54:49 PM"},"timestampLocal":{"date":"Apr 16, 2022 9:05:17 AM"},"hydrationSource":"GARMIN_ACTIVITY","valueInML":0.0,"activityId":8651386135,"capped":false,"estimatedSweatLossInML":1180.0,"duration":6729.60595703125},{"userProfilePK":87578117,"calendarDate":{"date":"Apr 16, 2022 12:00:00 AM"},"persistedTimestampGMT":{"date":"Apr 16, 2022 6:56:04 PM"},"timestampLocal":{"date":"Apr 16, 2022 6:55:50 PM"},"hydrationSource":"GARMIN_ACTIVITY","valueInML":0.0,"activityId":8651391548,"capped":false,"estimatedSweatLossInML":1362.0,"duration":6049.22705078125},{"userProfilePK":87578117,"calendarDate":{"date":"Apr 16, 2022 12:00:00 AM"},"persistedTimestampGMT":{"date":"Apr 16, 2022 6:56:08 PM"},"timestampLocal":{"date":"Apr 16, 2022 8:40:29 PM"},"hydrationSource":"GARMIN_ACTIVITY","valueInML":0.0,"activityId":8651391866,"capped":false,"estimatedSweatLossInML":126.0,"duration":648.155029296875},{"userProfilePK":87578117,"calendarDate":{"date":"Apr 17, 2022 12:00:00 AM"},"persistedTimestampGMT":{"date":"Apr 19, 2022 7:57:25 PM"},"timestampLocal":{"date":"Apr 17, 2022 9:59:13 PM"},"hydrationSource":"GARMIN_ACTIVITY","valueInML":0.0,"activityId":8669830205,"capped":false,"estimatedSweatLossInML":174.0,"duration":877.4730224609375},{"userProfilePK":87578117,"calendarDate":{"date":"Apr 18, 2022 12:00:00 AM"},"persistedTimestampGMT":{"date":"Apr 19, 2022 7:57:38 PM"},"timestampLocal":{"date":"Apr 18, 2022 6:00:57 PM"},"hydrationSource":"GARMIN_ACTIVITY","valueInML":0.0,"activityId":8669831194,"capped":false,"estimatedSweatLossInML":243.0,"duration":1397.1920166015625},{"userProfilePK":87578117,"calendarDate":{"date":"Apr 19, 2022 12:00:00 AM"},"persistedTimestampGMT":{"date":"Apr 19, 2022 7:58:01 PM"},"timestampLocal":{"date":"Apr 19, 2022 7:05:14 PM"},"hydrationSource":"GARMIN_ACTIVITY","valueInML":0.0,"activityId":8669832937,"capped":false,"estimatedSweatLossInML":350.0,"duration":2229.80908203125},{"userProfilePK":87578117,"calendarDate":{"date":"Apr 20, 2022 12:00:00 AM"},"persistedTimestampGMT":{"date":"Apr 20, 2022 7:24:57 PM"},"timestampLocal":{"date":"Apr 20, 2022 9:11:05 PM"},"hydrationSource":"GARMIN_ACTIVITY","valueInML":0.0,"activityId":8675862367,"capped":false,"estimatedSweatLossInML":120.0,"duration":809.291015625},{"userProfilePK":87578117,"calendarDate":{"date":"Apr 21, 2022 12:00:00 AM"},"persistedTimestampGMT":{"date":"Apr 21, 2022 8:22:32 PM"},"timestampLocal":{"date":"Apr 21, 2022 9:50:55 PM"},"hydrationSource":"GARMIN_ACTIVITY","valueInML":0.0,"activityId":8682120526,"capped":false,"estimatedSweatLossInML":132.0,"duration":784.3300170898438},{"userProfilePK":87578117,"calendarDate":{"date":"Apr 22, 2022 12:00:00 AM"},"persistedTimestampGMT":{"date":"Apr 25, 2022 6:23:38 PM"},"timestampLocal":{"date":"Apr 22, 2022 5:07:31 PM"},"hydrationSource":"GARMIN_ACTIVITY","valueInML":0.0,"activityId":8705284058,"capped":false,"estimatedSweatLossInML":302.0,"duration":2506.208984375},{"userProfilePK":87578117,"calendarDate":{"date":"Apr 23, 2022 12:00:00 AM"},"persistedTimestampGMT":{"date":"Apr 25, 2022 6:24:04 PM"},"timestampLocal":{"date":"Apr 23, 2022 7:05:35 PM"},"hydrationSource":"GARMIN_ACTIVITY","valueInML":0.0,"activityId":8705286850,"capped":false,"estimatedSweatLossInML":488.0,"duration":3039.76806640625},{"userProfilePK":87578117,"calendarDate":{"date":"Apr 24, 2022 12:00:00 AM"},"persistedTimestampGMT":{"date":"Apr 25, 2022 6:24:57 PM"},"timestampLocal":{"date":"Apr 24, 2022 6:26:09 PM"},"hydrationSource":"GARMIN_ACTIVITY","valueInML":0.0,"activityId":8705292379,"capped":false,"estimatedSweatLossInML":824.0,"duration":4401.6669921875},{"userProfilePK":87578117,"calendarDate":{"date":"Apr 24, 2022 12:00:00 AM"},"persistedTimestampGMT":{"date":"Apr 25, 2022 6:25:14 PM"},"timestampLocal":{"date":"Apr 24, 2022 7:44:00 PM"},"hydrationSource":"GARMIN_ACTIVITY","valueInML":0.0,"activityId":8705294265,"capped":false,"estimatedSweatLossInML":372.0,"duration":2031.301025390625},{"userProfilePK":87578117,"calendarDate":{"date":"Apr 25, 2022 12:00:00 AM"},"persistedTimestampGMT":{"date":"Apr 25, 2022 6:25:29 PM"},"timestampLocal":{"date":"Apr 25, 2022 8:53:21 AM"},"hydrationSource":"GARMIN_ACTIVITY","valueInML":0.0,"activityId":8705295728,"capped":false,"estimatedSweatLossInML":223.0,"duration":1120.281005859375},{"userProfilePK":87578117,"calendarDate":{"date":"Apr 25, 2022 12:00:00 AM"},"persistedTimestampGMT":{"date":"Apr 25, 2022 6:25:37 PM"},"timestampLocal":{"date":"Apr 25, 2022 12:15:10 PM"},"hydrationSource":"GARMIN_ACTIVITY","valueInML":0.0,"activityId":8705296521,"capped":false,"estimatedSweatLossInML":147.0,"duration":811.5469970703125},{"userProfilePK":87578117,"calendarDate":{"date":"Apr 25, 2022 12:00:00 AM"},"persistedTimestampGMT":{"date":"Apr 25, 2022 6:26:01 PM"},"timestampLocal":{"date":"Apr 25, 2022 1:28:06 PM"},"hydrationSource":"GARMIN_ACTIVITY","valueInML":0.0,"activityId":8705299058,"capped":false,"estimatedSweatLossInML":221.0,"duration":1044.0550537109375},{"userProfilePK":87578117,"calendarDate":{"date":"Apr 25, 2022 12:00:00 AM"},"persistedTimestampGMT":{"date":"Apr 25, 2022 6:26:16 PM"},"timestampLocal":{"date":"Apr 25, 2022 5:51:10 PM"},"hydrationSource":"GARMIN_ACTIVITY","valueInML":0.0,"activityId":8705300730,"capped":false,"estimatedSweatLossInML":242.0,"duration":1172.6820068359375},{"userProfilePK":87578117,"calendarDate":{"date":"Apr 26, 2022 12:00:00 AM"},"persistedTimestampGMT":{"date":"Apr 26, 2022 6:54:47 AM"},"timestampLocal":{"date":"Apr 26, 2022 8:33:13 AM"},"hydrationSource":"GARMIN_ACTIVITY","valueInML":0.0,"activityId":8707681745,"capped":false,"estimatedSweatLossInML":219.0,"duration":1139.22705078125},{"userProfilePK":87578117,"calendarDate":{"date":"Apr 26, 2022 12:00:00 AM"},"persistedTimestampGMT":{"date":"Apr 26, 2022 1:52:29 PM"},"timestampLocal":{"date":"Apr 26, 2022 12:19:58 PM"},"hydrationSource":"GARMIN_ACTIVITY","valueInML":0.0,"activityId":8709553766,"capped":false,"estimatedSweatLossInML":202.0,"duration":838.2349853515625},{"userProfilePK":87578117,"calendarDate":{"date":"Apr 26, 2022 12:00:00 AM"},"persistedTimestampGMT":{"date":"Apr 26, 2022 1:52:49 PM"},"timestampLocal":{"date":"Apr 26, 2022 1:29:54 PM"},"hydrationSource":"GARMIN_ACTIVITY","valueInML":0.0,"activityId":8709555532,"capped":false,"estimatedSweatLossInML":205.0,"duration":952.4749755859375},{"userProfilePK":87578117,"calendarDate":{"date":"Apr 26, 2022 12:00:00 AM"},"persistedTimestampGMT":{"date":"Apr 26, 2022 4:07:23 PM"},"timestampLocal":{"date":"Apr 26, 2022 5:44:41 PM"},"hydrationSource":"GARMIN_ACTIVITY","valueInML":0.0,"activityId":8710317005,"capped":false,"estimatedSweatLossInML":311.0,"duration":1229.7030029296875},{"userProfilePK":87578117,"calendarDate":{"date":"Apr 27, 2022 12:00:00 AM"},"persistedTimestampGMT":{"date":"Apr 27, 2022 6:04:46 PM"},"timestampLocal":{"date":"Apr 27, 2022 7:23:03 PM"},"hydrationSource":"GARMIN_ACTIVITY","valueInML":0.0,"activityId":8717437143,"capped":false,"estimatedSweatLossInML":486.0,"duration":2461.840087890625},{"userProfilePK":87578117,"calendarDate":{"date":"Apr 28, 2022 12:00:00 AM"},"persistedTimestampGMT":{"date":"Apr 28, 2022 6:48:54 AM"},"timestampLocal":{"date":"Apr 28, 2022 8:29:53 AM"},"hydrationSource":"GARMIN_ACTIVITY","valueInML":0.0,"activityId":8719985035,"capped":false,"estimatedSweatLossInML":239.0,"duration":1106.012939453125},{"userProfilePK":87578117,"calendarDate":{"date":"Apr 28, 2022 12:00:00 AM"},"persistedTimestampGMT":{"date":"Apr 28, 2022 4:00:54 PM"},"timestampLocal":{"date":"Apr 28, 2022 5:37:30 PM"},"hydrationSource":"GARMIN_ACTIVITY","valueInML":0.0,"activityId":8722534276,"capped":false,"estimatedSweatLossInML":239.0,"duration":1121.1300048828125},{"userProfilePK":87578117,"calendarDate":{"date":"Apr 28, 2022 12:00:00 AM"},"persistedTimestampGMT":{"date":"Apr 28, 2022 4:59:49 PM"},"timestampLocal":{"date":"Apr 28, 2022 6:23:34 PM"},"hydrationSource":"GARMIN_ACTIVITY","valueInML":0.0,"activityId":8722935615,"capped":false,"estimatedSweatLossInML":135.0,"duration":841.6489868164062},{"userProfilePK":87578117,"calendarDate":{"date":"Apr 29, 2022 12:00:00 AM"},"persistedTimestampGMT":{"date":"Apr 29, 2022 10:34:23 AM"},"timestampLocal":{"date":"Apr 29, 2022 8:31:48 AM"},"hydrationSource":"GARMIN_ACTIVITY","valueInML":0.0,"activityId":8726751946,"capped":false,"estimatedSweatLossInML":250.0,"duration":1063.5279541015625},{"userProfilePK":87578117,"calendarDate":{"date":"Apr 29, 2022 12:00:00 AM"},"persistedTimestampGMT":{"date":"Apr 29, 2022 10:34:31 AM"},"timestampLocal":{"date":"Apr 29, 2022 12:19:07 PM"},"hydrationSource":"GARMIN_ACTIVITY","valueInML":0.0,"activityId":8726752515,"capped":false,"estimatedSweatLossInML":190.0,"duration":831.5},{"userProfilePK":87578117,"calendarDate":{"date":"Apr 29, 2022 12:00:00 AM"},"persistedTimestampGMT":{"date":"Apr 29, 2022 3:26:27 PM"},"timestampLocal":{"date":"Apr 29, 2022 1:30:31 PM"},"hydrationSource":"GARMIN_ACTIVITY","valueInML":0.0,"activityId":8728250506,"capped":false,"estimatedSweatLossInML":194.0,"duration":965.4730224609375},{"userProfilePK":87578117,"calendarDate":{"date":"Apr 29, 2022 12:00:00 AM"},"persistedTimestampGMT":{"date":"Apr 29, 2022 4:56:46 PM"},"timestampLocal":{"date":"Apr 29, 2022 6:38:27 PM"},"hydrationSource":"GARMIN_ACTIVITY","valueInML":0.0,"activityId":8728790771,"capped":false,"estimatedSweatLossInML":263.0,"duration":1014.9349975585938},{"userProfilePK":87578117,"calendarDate":{"date":"Apr 30, 2022 12:00:00 AM"},"persistedTimestampGMT":{"date":"Apr 30, 2022 7:33:36 PM"},"timestampLocal":{"date":"Apr 30, 2022 7:55:16 PM"},"hydrationSource":"GARMIN_ACTIVITY","valueInML":0.0,"activityId":8735877535,"capped":false,"estimatedSweatLossInML":763.0,"duration":3959.5029296875},{"userProfilePK":87578117,"calendarDate":{"date":"May 1, 2022 12:00:00 AM"},"persistedTimestampGMT":{"date":"May 1, 2022 6:15:28 PM"},"timestampLocal":{"date":"May 1, 2022 7:01:44 PM"},"hydrationSource":"GARMIN_ACTIVITY","valueInML":0.0,"activityId":8742125948,"capped":false,"estimatedSweatLossInML":768.0,"duration":4183.546875},{"userProfilePK":87578117,"calendarDate":{"date":"May 2, 2022 12:00:00 AM"},"persistedTimestampGMT":{"date":"May 2, 2022 7:07:20 AM"},"timestampLocal":{"date":"May 2, 2022 8:45:34 AM"},"hydrationSource":"GARMIN_ACTIVITY","valueInML":0.0,"activityId":8744259585,"capped":false,"estimatedSweatLossInML":261.0,"duration":1166.9410400390625},{"userProfilePK":87578117,"calendarDate":{"date":"May 2, 2022 12:00:00 AM"},"persistedTimestampGMT":{"date":"May 2, 2022 10:39:41 AM"},"timestampLocal":{"date":"May 2, 2022 12:21:26 PM"},"hydrationSource":"GARMIN_ACTIVITY","valueInML":0.0,"activityId":8745178657,"capped":false,"estimatedSweatLossInML":162.0,"duration":871.3619995117188},{"userProfilePK":87578117,"calendarDate":{"date":"May 2, 2022 12:00:00 AM"},"persistedTimestampGMT":{"date":"May 2, 2022 11:56:01 AM"},"timestampLocal":{"date":"May 2, 2022 1:28:01 PM"},"hydrationSource":"GARMIN_ACTIVITY","valueInML":0.0,"activityId":8745639691,"capped":false,"estimatedSweatLossInML":208.0,"duration":985.6179809570312},{"userProfilePK":87578117,"calendarDate":{"date":"May 2, 2022 12:00:00 AM"},"persistedTimestampGMT":{"date":"May 2, 2022 4:17:35 PM"},"timestampLocal":{"date":"May 2, 2022 5:57:34 PM"},"hydrationSource":"GARMIN_ACTIVITY","valueInML":0.0,"activityId":8747125405,"capped":false,"estimatedSweatLossInML":228.0,"duration":1166.4100341796875},{"userProfilePK":87578117,"calendarDate":{"date":"May 3, 2022 12:00:00 AM"},"persistedTimestampGMT":{"date":"May 3, 2022 6:49:47 AM"},"timestampLocal":{"date":"May 3, 2022 8:28:10 AM"},"hydrationSource":"GARMIN_ACTIVITY","valueInML":0.0,"activityId":8750484511,"capped":false,"estimatedSweatLossInML":252.0,"duration":1179.10595703125},{"userProfilePK":87578117,"calendarDate":{"date":"May 3, 2022 12:00:00 AM"},"persistedTimestampGMT":{"date":"May 3, 2022 11:41:03 AM"},"timestampLocal":{"date":"May 3, 2022 12:21:11 PM"},"hydrationSource":"GARMIN_ACTIVITY","valueInML":0.0,"activityId":8751806387,"capped":false,"estimatedSweatLossInML":158.0,"duration":759.5},{"userProfilePK":87578117,"calendarDate":{"date":"May 3, 2022 12:00:00 AM"},"persistedTimestampGMT":{"date":"May 3, 2022 11:42:58 AM"},"timestampLocal":{"date":"May 3, 2022 1:27:21 PM"},"hydrationSource":"GARMIN_ACTIVITY","valueInML":0.0,"activityId":8751818161,"capped":false,"estimatedSweatLossInML":144.0,"duration":741.1389770507812},{"userProfilePK":87578117,"calendarDate":{"date":"May 3, 2022 12:00:00 AM"},"persistedTimestampGMT":{"date":"May 4, 2022 8:46:48 AM"},"timestampLocal":{"date":"May 3, 2022 5:38:34 PM"},"hydrationSource":"GARMIN_ACTIVITY","valueInML":0.0,"activityId":8757530654,"capped":false,"estimatedSweatLossInML":284.0,"duration":1204.8199462890625},{"userProfilePK":87578117,"calendarDate":{"date":"May 4, 2022 12:00:00 AM"},"persistedTimestampGMT":{"date":"May 4, 2022 6:50:13 PM"},"timestampLocal":{"date":"May 4, 2022 7:51:30 PM"},"hydrationSource":"GARMIN_ACTIVITY","valueInML":0.0,"activityId":8761013096,"capped":false,"estimatedSweatLossInML":471.0,"duration":2837.133056640625},{"userProfilePK":87578117,"calendarDate":{"date":"May 5, 2022 12:00:00 AM"},"persistedTimestampGMT":{"date":"May 9, 2022 9:17:23 PM"},"timestampLocal":{"date":"May 5, 2022 9:07:16 PM"},"hydrationSource":"GARMIN_ACTIVITY","valueInML":0.0,"activityId":8792365537,"capped":false,"estimatedSweatLossInML":121.0,"duration":740.7340087890625},{"userProfilePK":87578117,"calendarDate":{"date":"May 6, 2022 12:00:00 AM"},"persistedTimestampGMT":{"date":"May 9, 2022 9:17:41 PM"},"timestampLocal":{"date":"May 6, 2022 4:21:07 PM"},"hydrationSource":"GARMIN_ACTIVITY","valueInML":0.0,"activityId":8792366624,"capped":false,"estimatedSweatLossInML":222.0,"duration":1069.6510009765625},{"userProfilePK":87578117,"calendarDate":{"date":"May 6, 2022 12:00:00 AM"},"persistedTimestampGMT":{"date":"May 9, 2022 9:18:47 PM"},"timestampLocal":{"date":"May 6, 2022 6:48:44 PM"},"hydrationSource":"GARMIN_ACTIVITY","valueInML":0.0,"activityId":8792370656,"capped":false,"estimatedSweatLossInML":151.0,"duration":898.2589721679688},{"userProfilePK":87578117,"calendarDate":{"date":"May 7, 2022 12:00:00 AM"},"persistedTimestampGMT":{"date":"May 9, 2022 9:19:01 PM"},"timestampLocal":{"date":"May 7, 2022 3:20:21 PM"},"hydrationSource":"GARMIN_ACTIVITY","valueInML":0.0,"activityId":8792371457,"capped":false,"estimatedSweatLossInML":105.0,"duration":705.8280029296875},{"userProfilePK":87578117,"calendarDate":{"date":"May 7, 2022 12:00:00 AM"},"persistedTimestampGMT":{"date":"May 9, 2022 9:19:04 PM"},"timestampLocal":{"date":"May 7, 2022 6:39:26 PM"},"hydrationSource":"GARMIN_ACTIVITY","valueInML":0.0,"activityId":8792371695,"capped":false,"estimatedSweatLossInML":82.0,"duration":559.1119995117188},{"userProfilePK":87578117,"calendarDate":{"date":"May 7, 2022 12:00:00 AM"},"persistedTimestampGMT":{"date":"May 9, 2022 9:19:08 PM"},"timestampLocal":{"date":"May 7, 2022 7:56:52 PM"},"hydrationSource":"GARMIN_ACTIVITY","valueInML":0.0,"activityId":8792371905,"capped":false,"estimatedSweatLossInML":29.0,"duration":197.06199645996094},{"userProfilePK":87578117,"calendarDate":{"date":"May 8, 2022 12:00:00 AM"},"persistedTimestampGMT":{"date":"May 9, 2022 9:19:49 PM"},"timestampLocal":{"date":"May 8, 2022 7:27:41 PM"},"hydrationSource":"GARMIN_ACTIVITY","valueInML":0.0,"activityId":8792374385,"capped":false,"estimatedSweatLossInML":742.0,"duration":3727.712890625},{"userProfilePK":87578117,"calendarDate":{"date":"May 9, 2022 12:00:00 AM"},"persistedTimestampGMT":{"date":"May 9, 2022 9:21:17 PM"},"timestampLocal":{"date":"May 9, 2022 5:20:22 PM"},"hydrationSource":"GARMIN_ACTIVITY","valueInML":0.0,"activityId":8792379949,"capped":false,"estimatedSweatLossInML":391.0,"duration":1488.85205078125},{"userProfilePK":87578117,"calendarDate":{"date":"May 9, 2022 12:00:00 AM"},"persistedTimestampGMT":{"date":"May 9, 2022 9:21:20 PM"},"timestampLocal":{"date":"May 9, 2022 5:52:48 PM"},"hydrationSource":"GARMIN_ACTIVITY","valueInML":0.0,"activityId":8792380151,"capped":false,"estimatedSweatLossInML":53.0,"duration":206.71600341796875},{"userProfilePK":87578117,"calendarDate":{"date":"May 10, 2022 12:00:00 AM"},"persistedTimestampGMT":{"date":"May 10, 2022 6:38:52 AM"},"timestampLocal":{"date":"May 10, 2022 8:04:56 AM"},"hydrationSource":"GARMIN_ACTIVITY","valueInML":0.0,"activityId":8794041961,"capped":false,"estimatedSweatLossInML":20.0,"duration":195.03700256347656},{"userProfilePK":87578117,"calendarDate":{"date":"May 10, 2022 12:00:00 AM"},"persistedTimestampGMT":{"date":"May 10, 2022 7:09:33 AM"},"timestampLocal":{"date":"May 10, 2022 8:44:34 AM"},"hydrationSource":"GARMIN_ACTIVITY","valueInML":0.0,"activityId":8794166878,"capped":false,"estimatedSweatLossInML":87.0,"duration":802.510009765625},{"userProfilePK":87578117,"calendarDate":{"date":"May 10, 2022 12:00:00 AM"},"persistedTimestampGMT":{"date":"May 10, 2022 8:36:55 AM"},"timestampLocal":{"date":"May 10, 2022 9:31:23 AM"},"hydrationSource":"GARMIN_ACTIVITY","valueInML":0.0,"activityId":8794485570,"capped":false,"estimatedSweatLossInML":492.0,"duration":3881.26611328125},{"userProfilePK":87578117,"calendarDate":{"date":"May 10, 2022 12:00:00 AM"},"persistedTimestampGMT":{"date":"May 10, 2022 8:49:31 AM"},"timestampLocal":{"date":"May 10, 2022 10:42:02 AM"},"hydrationSource":"GARMIN_ACTIVITY","valueInML":0.0,"activityId":8794530367,"capped":false,"estimatedSweatLossInML":34.0,"duration":314.2430114746094},{"userProfilePK":87578117,"calendarDate":{"date":"May 10, 2022 12:00:00 AM"},"persistedTimestampGMT":{"date":"May 10, 2022 9:14:47 AM"},"timestampLocal":{"date":"May 10, 2022 11:07:33 AM"},"hydrationSource":"GARMIN_ACTIVITY","valueInML":0.0,"activityId":8794625016,"capped":false,"estimatedSweatLossInML":44.0,"duration":418.7590026855469},{"userProfilePK":87578117,"calendarDate":{"date":"May 10, 2022 12:00:00 AM"},"persistedTimestampGMT":{"date":"May 10, 2022 12:53:20 PM"},"timestampLocal":{"date":"May 10, 2022 1:32:07 PM"},"hydrationSource":"GARMIN_ACTIVITY","valueInML":0.0,"activityId":8795820367,"capped":false,"estimatedSweatLossInML":160.0,"duration":1552.906982421875},{"userProfilePK":87578117,"calendarDate":{"date":"May 10, 2022 12:00:00 AM"},"persistedTimestampGMT":{"date":"May 10, 2022 1:59:32 PM"},"timestampLocal":{"date":"May 10, 2022 3:28:56 PM"},"hydrationSource":"GARMIN_ACTIVITY","valueInML":0.0,"activityId":8796179712,"capped":false,"estimatedSweatLossInML":132.0,"duration":1135.2469482421875},{"userProfilePK":87578117,"calendarDate":{"date":"May 10, 2022 12:00:00 AM"},"persistedTimestampGMT":{"date":"May 10, 2022 4:00:22 PM"},"timestampLocal":{"date":"May 10, 2022 5:24:42 PM"},"hydrationSource":"GARMIN_ACTIVITY","valueInML":0.0,"activityId":8796889964,"capped":false,"estimatedSweatLossInML":171.0,"duration":1639.7249755859375},{"userProfilePK":87578117,"calendarDate":{"date":"May 10, 2022 12:00:00 AM"},"persistedTimestampGMT":{"date":"May 10, 2022 4:34:12 PM"},"timestampLocal":{"date":"May 10, 2022 6:14:55 PM"},"hydrationSource":"GARMIN_ACTIVITY","valueInML":0.0,"activityId":8797133401,"capped":false,"estimatedSweatLossInML":126.0,"duration":1131.7099609375},{"userProfilePK":87578117,"calendarDate":{"date":"May 10, 2022 12:00:00 AM"},"persistedTimestampGMT":{"date":"May 10, 2022 9:06:59 PM"},"timestampLocal":{"date":"May 10, 2022 10:46:38 PM"},"hydrationSource":"GARMIN_ACTIVITY","valueInML":0.0,"activityId":8799058623,"capped":false,"estimatedSweatLossInML":217.0,"duration":1105.123046875},{"userProfilePK":87578117,"calendarDate":{"date":"May 11, 2022 12:00:00 AM"},"persistedTimestampGMT":{"date":"May 11, 2022 8:34:21 AM"},"timestampLocal":{"date":"May 11, 2022 9:54:41 AM"},"hydrationSource":"GARMIN_ACTIVITY","valueInML":0.0,"activityId":8801205965,"capped":false,"estimatedSweatLossInML":164.0,"duration":1295.7950439453125},{"userProfilePK":87578117,"calendarDate":{"date":"May 11, 2022 12:00:00 AM"},"persistedTimestampGMT":{"date":"May 11, 2022 10:23:30 AM"},"timestampLocal":{"date":"May 11, 2022 12:12:54 PM"},"hydrationSource":"GARMIN_ACTIVITY","valueInML":0.0,"activityId":8801649472,"capped":false,"estimatedSweatLossInML":61.0,"duration":549.281005859375},{"userProfilePK":87578117,"calendarDate":{"date":"May 11, 2022 12:00:00 AM"},"persistedTimestampGMT":{"date":"May 11, 2022 8:05:16 PM"},"timestampLocal":{"date":"May 11, 2022 8:52:29 PM"},"hydrationSource":"GARMIN_ACTIVITY","valueInML":0.0,"activityId":8805330338,"capped":false,"estimatedSweatLossInML":819.0,"duration":4074.3740234375},{"userProfilePK":87578117,"calendarDate":{"date":"May 11, 2022 12:00:00 AM"},"persistedTimestampGMT":{"date":"May 11, 2022 8:15:41 PM"},"timestampLocal":{"date":"May 11, 2022 10:06:47 PM"},"hydrationSource":"GARMIN_ACTIVITY","valueInML":0.0,"activityId":8805378518,"capped":false,"estimatedSweatLossInML":67.0,"duration":508.0840148925781},{"userProfilePK":87578117,"calendarDate":{"date":"May 11, 2022 12:00:00 AM"},"persistedTimestampGMT":{"date":"May 12, 2022 1:32:11 AM"},"timestampLocal":{"date":"May 11, 2022 10:39:05 PM"},"hydrationSource":"GARMIN_ACTIVITY","valueInML":0.0,"activityId":8806445798,"capped":false,"estimatedSweatLossInML":165.0,"duration":1309.1519775390625},{"userProfilePK":87578117,"calendarDate":{"date":"May 12, 2022 12:00:00 AM"},"persistedTimestampGMT":{"date":"May 12, 2022 10:30:39 AM"},"timestampLocal":{"date":"May 12, 2022 12:10:20 PM"},"hydrationSource":"GARMIN_ACTIVITY","valueInML":0.0,"activityId":8808092699,"capped":false,"estimatedSweatLossInML":145.0,"duration":1190.989013671875},{"userProfilePK":87578117,"calendarDate":{"date":"May 12, 2022 12:00:00 AM"},"persistedTimestampGMT":{"date":"May 12, 2022 7:27:02 PM"},"timestampLocal":{"date":"May 12, 2022 8:59:15 PM"},"hydrationSource":"GARMIN_ACTIVITY","valueInML":0.0,"activityId":8811346717,"capped":false,"estimatedSweatLossInML":132.0,"duration":652.9650268554688},{"userProfilePK":87578117,"calendarDate":{"date":"May 13, 2022 12:00:00 AM"},"persistedTimestampGMT":{"date":"May 13, 2022 7:47:22 AM"},"timestampLocal":{"date":"May 13, 2022 9:13:24 AM"},"hydrationSource":"GARMIN_ACTIVITY","valueInML":0.0,"activityId":8813552333,"capped":false,"estimatedSweatLossInML":22.0,"duration":201.2220001220703},{"userProfilePK":87578117,"calendarDate":{"date":"May 13, 2022 12:00:00 AM"},"persistedTimestampGMT":{"date":"May 13, 2022 8:05:04 PM"},"timestampLocal":{"date":"May 13, 2022 9:54:16 PM"},"hydrationSource":"GARMIN_ACTIVITY","valueInML":0.0,"activityId":8817137625,"capped":false,"estimatedSweatLossInML":131.0,"duration":575.9559936523438},{"userProfilePK":87578117,"calendarDate":{"date":"May 15, 2022 12:00:00 AM"},"persistedTimestampGMT":{"date":"May 19, 2022 2:51:50 PM"},"timestampLocal":{"date":"May 15, 2022 3:26:38 PM"},"hydrationSource":"GARMIN_ACTIVITY","valueInML":0.0,"activityId":8853760165,"capped":false,"estimatedSweatLossInML":1070.0,"duration":5073.197090148926},{"userProfilePK":87578117,"calendarDate":{"date":"May 17, 2022 12:00:00 AM"},"persistedTimestampGMT":{"date":"May 19, 2022 2:52:38 PM"},"timestampLocal":{"date":"May 17, 2022 4:05:40 AM"},"hydrationSource":"GARMIN_ACTIVITY","valueInML":0.0,"activityId":8853764427,"capped":false,"estimatedSweatLossInML":706.0,"duration":3980.3740234375},{"userProfilePK":87578117,"calendarDate":{"date":"May 17, 2022 12:00:00 AM"},"persistedTimestampGMT":{"date":"May 19, 2022 2:52:59 PM"},"timestampLocal":{"date":"May 17, 2022 5:16:14 AM"},"hydrationSource":"GARMIN_ACTIVITY","valueInML":0.0,"activityId":8853766299,"capped":false,"estimatedSweatLossInML":492.0,"duration":2799.050048828125},{"userProfilePK":87578117,"calendarDate":{"date":"May 18, 2022 12:00:00 AM"},"persistedTimestampGMT":{"date":"May 19, 2022 2:53:09 PM"},"timestampLocal":{"date":"May 18, 2022 8:42:37 AM"},"hydrationSource":"GARMIN_ACTIVITY","valueInML":0.0,"activityId":8853767138,"capped":false,"estimatedSweatLossInML":229.0,"duration":1047.926025390625},{"userProfilePK":87578117,"calendarDate":{"date":"May 18, 2022 12:00:00 AM"},"persistedTimestampGMT":{"date":"May 19, 2022 2:53:22 PM"},"timestampLocal":{"date":"May 18, 2022 5:24:12 PM"},"hydrationSource":"GARMIN_ACTIVITY","valueInML":0.0,"activityId":8853768308,"capped":false,"estimatedSweatLossInML":355.0,"duration":1305.5560302734375},{"userProfilePK":87578117,"calendarDate":{"date":"May 18, 2022 12:00:00 AM"},"persistedTimestampGMT":{"date":"May 19, 2022 2:53:33 PM"},"timestampLocal":{"date":"May 18, 2022 9:49:11 PM"},"hydrationSource":"GARMIN_ACTIVITY","valueInML":0.0,"activityId":8853769249,"capped":false,"estimatedSweatLossInML":285.0,"duration":1109.1280517578125},{"userProfilePK":87578117,"calendarDate":{"date":"May 19, 2022 12:00:00 AM"},"persistedTimestampGMT":{"date":"May 19, 2022 2:53:45 PM"},"timestampLocal":{"date":"May 19, 2022 8:51:34 AM"},"hydrationSource":"GARMIN_ACTIVITY","valueInML":0.0,"activityId":8853770388,"capped":false,"estimatedSweatLossInML":280.0,"duration":1372.7110595703125},{"userProfilePK":87578117,"calendarDate":{"date":"May 19, 2022 12:00:00 AM"},"persistedTimestampGMT":{"date":"May 20, 2022 5:09:06 PM"},"timestampLocal":{"date":"May 19, 2022 5:57:41 PM"},"hydrationSource":"GARMIN_ACTIVITY","valueInML":0.0,"activityId":8860507593,"capped":false,"estimatedSweatLossInML":318.0,"duration":1405.6839599609375},{"userProfilePK":87578117,"calendarDate":{"date":"May 21, 2022 12:00:00 AM"},"persistedTimestampGMT":{"date":"May 21, 2022 6:48:39 PM"},"timestampLocal":{"date":"May 21, 2022 3:00:04 PM"},"hydrationSource":"GARMIN_ACTIVITY","valueInML":0.0,"activityId":8867332158,"capped":false,"estimatedSweatLossInML":3127.0,"duration":11461.841300964355},{"userProfilePK":87578117,"calendarDate":{"date":"May 22, 2022 12:00:00 AM"},"persistedTimestampGMT":{"date":"May 23, 2022 12:01:55 PM"},"timestampLocal":{"date":"May 22, 2022 4:38:54 PM"},"hydrationSource":"GARMIN_ACTIVITY","valueInML":0.0,"activityId":8877475075,"capped":false,"estimatedSweatLossInML":957.0,"duration":3771.072998046875},{"userProfilePK":87578117,"calendarDate":{"date":"May 23, 2022 12:00:00 AM"},"persistedTimestampGMT":{"date":"May 23, 2022 12:02:14 PM"},"timestampLocal":{"date":"May 23, 2022 8:48:10 AM"},"hydrationSource":"GARMIN_ACTIVITY","valueInML":0.0,"activityId":8877476785,"capped":false,"estimatedSweatLossInML":291.0,"duration":1735.9420166015625},{"userProfilePK":87578117,"calendarDate":{"date":"May 23, 2022 12:00:00 AM"},"persistedTimestampGMT":{"date":"May 23, 2022 12:02:22 PM"},"timestampLocal":{"date":"May 23, 2022 12:11:12 PM"},"hydrationSource":"GARMIN_ACTIVITY","valueInML":0.0,"activityId":8877477540,"capped":false,"estimatedSweatLossInML":183.0,"duration":944.5640258789062},{"userProfilePK":87578117,"calendarDate":{"date":"May 23, 2022 12:00:00 AM"},"persistedTimestampGMT":{"date":"May 23, 2022 12:02:46 PM"},"timestampLocal":{"date":"May 23, 2022 1:30:38 PM"},"hydrationSource":"GARMIN_ACTIVITY","valueInML":0.0,"activityId":8877479750,"capped":false,"estimatedSweatLossInML":198.0,"duration":1072.3900146484375},{"userProfilePK":87578117,"calendarDate":{"date":"May 23, 2022 12:00:00 AM"},"persistedTimestampGMT":{"date":"May 23, 2022 8:40:25 PM"},"timestampLocal":{"date":"May 23, 2022 5:48:51 PM"},"hydrationSource":"GARMIN_ACTIVITY","valueInML":0.0,"activityId":8880443475,"capped":false,"estimatedSweatLossInML":196.0,"duration":2228.360107421875},{"userProfilePK":87578117,"calendarDate":{"date":"May 24, 2022 12:00:00 AM"},"persistedTimestampGMT":{"date":"May 31, 2022 10:12:06 AM"},"timestampLocal":{"date":"May 24, 2022 8:47:13 AM"},"hydrationSource":"GARMIN_ACTIVITY","valueInML":0.0,"activityId":8925713491,"capped":false,"estimatedSweatLossInML":245.0,"duration":1350.053955078125},{"userProfilePK":87578117,"calendarDate":{"date":"May 24, 2022 12:00:00 AM"},"persistedTimestampGMT":{"date":"May 31, 2022 10:12:43 AM"},"timestampLocal":{"date":"May 24, 2022 12:17:11 PM"},"hydrationSource":"GARMIN_ACTIVITY","valueInML":0.0,"activityId":8925716334,"capped":false,"estimatedSweatLossInML":622.0,"duration":3550.943115234375},{"userProfilePK":87578117,"calendarDate":{"date":"May 24, 2022 12:00:00 AM"},"persistedTimestampGMT":{"date":"May 31, 2022 10:12:53 AM"},"timestampLocal":{"date":"May 24, 2022 5:58:04 PM"},"hydrationSource":"GARMIN_ACTIVITY","valueInML":0.0,"activityId":8925717155,"capped":false,"estimatedSweatLossInML":185.0,"duration":1311.8310546875},{"userProfilePK":87578117,"calendarDate":{"date":"May 26, 2022 12:00:00 AM"},"persistedTimestampGMT":{"date":"May 31, 2022 11:21:49 AM"},"timestampLocal":{"date":"May 26, 2022 12:17:44 PM"},"hydrationSource":"GARMIN_ACTIVITY","valueInML":0.0,"activityId":8926089647,"capped":false,"estimatedSweatLossInML":514.0,"duration":2220.447998046875},{"userProfilePK":87578117,"calendarDate":{"date":"May 26, 2022 12:00:00 AM"},"persistedTimestampGMT":{"date":"May 31, 2022 11:21:58 AM"},"timestampLocal":{"date":"May 26, 2022 4:43:47 PM"},"hydrationSource":"GARMIN_ACTIVITY","valueInML":0.0,"activityId":8926090552,"capped":false,"estimatedSweatLossInML":154.0,"duration":1110.02001953125},{"userProfilePK":87578117,"calendarDate":{"date":"May 26, 2022 12:00:00 AM"},"persistedTimestampGMT":{"date":"May 31, 2022 11:24:08 AM"},"timestampLocal":{"date":"May 26, 2022 5:16:10 PM"},"hydrationSource":"GARMIN_ACTIVITY","valueInML":0.0,"activityId":8926102868,"capped":false,"estimatedSweatLossInML":1760.0,"duration":10557.6796875},{"userProfilePK":87578117,"calendarDate":{"date":"May 28, 2022 12:00:00 AM"},"persistedTimestampGMT":{"date":"May 31, 2022 11:24:09 AM"},"timestampLocal":{"date":"May 28, 2022 9:04:21 AM"},"hydrationSource":"GARMIN_ACTIVITY","valueInML":0.0,"activityId":8926103064,"capped":false,"estimatedSweatLossInML":94.0,"duration":658.3469848632812},{"userProfilePK":87578117,"calendarDate":{"date":"May 28, 2022 12:00:00 AM"},"persistedTimestampGMT":{"date":"May 31, 2022 12:01:44 PM"},"timestampLocal":{"date":"May 28, 2022 9:35:13 AM"},"hydrationSource":"GARMIN_ACTIVITY","valueInML":0.0,"activityId":8926325221,"capped":false,"estimatedSweatLossInML":3289.0,"duration":15655.3974609375},{"userProfilePK":87578117,"calendarDate":{"date":"May 30, 2022 12:00:00 AM"},"persistedTimestampGMT":{"date":"May 31, 2022 12:01:54 PM"},"timestampLocal":{"date":"May 30, 2022 8:39:44 AM"},"hydrationSource":"GARMIN_ACTIVITY","valueInML":0.0,"activityId":8926326273,"capped":false,"estimatedSweatLossInML":262.0,"duration":1225.5030517578125},{"userProfilePK":87578117,"calendarDate":{"date":"May 30, 2022 12:00:00 AM"},"persistedTimestampGMT":{"date":"May 31, 2022 12:02:22 PM"},"timestampLocal":{"date":"May 30, 2022 12:35:06 PM"},"hydrationSource":"GARMIN_ACTIVITY","valueInML":0.0,"activityId":8926329086,"capped":false,"estimatedSweatLossInML":689.0,"duration":3258.529052734375},{"userProfilePK":87578117,"calendarDate":{"date":"May 30, 2022 12:00:00 AM"},"persistedTimestampGMT":{"date":"May 31, 2022 12:02:37 PM"},"timestampLocal":{"date":"May 30, 2022 6:18:49 PM"},"hydrationSource":"GARMIN_ACTIVITY","valueInML":0.0,"activityId":8926330559,"capped":false,"estimatedSweatLossInML":286.0,"duration":1220.467041015625},{"userProfilePK":87578117,"calendarDate":{"date":"May 31, 2022 12:00:00 AM"},"persistedTimestampGMT":{"date":"May 31, 2022 12:02:54 PM"},"timestampLocal":{"date":"May 31, 2022 8:40:26 AM"},"hydrationSource":"GARMIN_ACTIVITY","valueInML":0.0,"activityId":8926332339,"capped":false,"estimatedSweatLossInML":254.0,"duration":1199.2850341796875},{"userProfilePK":87578117,"calendarDate":{"date":"May 31, 2022 12:00:00 AM"},"persistedTimestampGMT":{"date":"May 31, 2022 12:03:05 PM"},"timestampLocal":{"date":"May 31, 2022 12:18:17 PM"},"hydrationSource":"GARMIN_ACTIVITY","valueInML":0.0,"activityId":8926333441,"capped":false,"estimatedSweatLossInML":176.0,"duration":757.0280151367188},{"userProfilePK":87578117,"calendarDate":{"date":"May 31, 2022 12:00:00 AM"},"persistedTimestampGMT":{"date":"May 31, 2022 12:03:22 PM"},"timestampLocal":{"date":"May 31, 2022 1:25:32 PM"},"hydrationSource":"GARMIN_ACTIVITY","valueInML":0.0,"activityId":8926335123,"capped":false,"estimatedSweatLossInML":267.0,"duration":1026.4539794921875},{"userProfilePK":87578117,"calendarDate":{"date":"May 31, 2022 12:00:00 AM"},"persistedTimestampGMT":{"date":"May 31, 2022 4:06:10 PM"},"timestampLocal":{"date":"May 31, 2022 5:43:20 PM"},"hydrationSource":"GARMIN_ACTIVITY","valueInML":0.0,"activityId":8927678341,"capped":false,"estimatedSweatLossInML":315.0,"duration":1213.64404296875},{"userProfilePK":87578117,"calendarDate":{"date":"Jun 1, 2022 12:00:00 AM"},"persistedTimestampGMT":{"date":"Jun 1, 2022 10:36:27 AM"},"timestampLocal":{"date":"Jun 1, 2022 10:14:22 AM"},"hydrationSource":"GARMIN_ACTIVITY","valueInML":0.0,"activityId":8932281939,"capped":false,"estimatedSweatLossInML":319.0,"duration":1203.887939453125},{"userProfilePK":87578117,"calendarDate":{"date":"Jun 1, 2022 12:00:00 AM"},"persistedTimestampGMT":{"date":"Jun 1, 2022 10:36:34 AM"},"timestampLocal":{"date":"Jun 1, 2022 12:20:29 PM"},"hydrationSource":"GARMIN_ACTIVITY","valueInML":0.0,"activityId":8932282631,"capped":false,"estimatedSweatLossInML":211.0,"duration":845.6959838867188},{"userProfilePK":87578117,"calendarDate":{"date":"Jun 1, 2022 12:00:00 AM"},"persistedTimestampGMT":{"date":"Jun 1, 2022 3:15:21 PM"},"timestampLocal":{"date":"Jun 1, 2022 1:33:17 PM"},"hydrationSource":"GARMIN_ACTIVITY","valueInML":0.0,"activityId":8933843538,"capped":false,"estimatedSweatLossInML":264.0,"duration":983.166015625},{"userProfilePK":87578117,"calendarDate":{"date":"Jun 1, 2022 12:00:00 AM"},"persistedTimestampGMT":{"date":"Jun 1, 2022 3:15:30 PM"},"timestampLocal":{"date":"Jun 1, 2022 4:54:25 PM"},"hydrationSource":"GARMIN_ACTIVITY","valueInML":0.0,"activityId":8933844445,"capped":false,"estimatedSweatLossInML":307.0,"duration":1174.468994140625},{"userProfilePK":87578117,"calendarDate":{"date":"Jun 2, 2022 12:00:00 AM"},"persistedTimestampGMT":{"date":"Jun 2, 2022 9:26:52 AM"},"timestampLocal":{"date":"Jun 2, 2022 8:34:13 AM"},"hydrationSource":"GARMIN_ACTIVITY","valueInML":0.0,"activityId":8938320556,"capped":false,"estimatedSweatLossInML":282.0,"duration":1183.5030517578125},{"userProfilePK":87578117,"calendarDate":{"date":"Jun 2, 2022 12:00:00 AM"},"persistedTimestampGMT":{"date":"Jun 2, 2022 4:20:07 PM"},"timestampLocal":{"date":"Jun 2, 2022 5:54:40 PM"},"hydrationSource":"GARMIN_ACTIVITY","valueInML":0.0,"activityId":8940666453,"capped":false,"estimatedSweatLossInML":321.0,"duration":1427.758056640625},{"userProfilePK":87578117,"calendarDate":{"date":"Jun 3, 2022 12:00:00 AM"},"persistedTimestampGMT":{"date":"Jun 3, 2022 11:45:55 AM"},"timestampLocal":{"date":"Jun 3, 2022 9:13:03 AM"},"hydrationSource":"GARMIN_ACTIVITY","valueInML":0.0,"activityId":8945273097,"capped":false,"estimatedSweatLossInML":314.0,"duration":1245.2039794921875},{"userProfilePK":87578117,"calendarDate":{"date":"Jun 3, 2022 12:00:00 AM"},"persistedTimestampGMT":{"date":"Jun 3, 2022 11:46:53 AM"},"timestampLocal":{"date":"Jun 3, 2022 12:17:56 PM"},"hydrationSource":"GARMIN_ACTIVITY","valueInML":0.0,"activityId":8945278382,"capped":false,"estimatedSweatLossInML":1411.0,"duration":5175.9638671875},{"userProfilePK":87578117,"calendarDate":{"date":"Jun 3, 2022 12:00:00 AM"},"persistedTimestampGMT":{"date":"Jun 3, 2022 3:47:42 PM"},"timestampLocal":{"date":"Jun 3, 2022 5:05:03 PM"},"hydrationSource":"GARMIN_ACTIVITY","valueInML":0.0,"activityId":8946597159,"capped":false,"estimatedSweatLossInML":301.0,"duration":1207.43701171875},{"userProfilePK":87578117,"calendarDate":{"date":"Jun 5, 2022 12:00:00 AM"},"persistedTimestampGMT":{"date":"Jun 7, 2022 8:59:35 AM"},"timestampLocal":{"date":"Jun 5, 2022 11:47:45 AM"},"hydrationSource":"GARMIN_ACTIVITY","valueInML":0.0,"activityId":8969504110,"capped":false,"estimatedSweatLossInML":270.0,"duration":2883.305908203125},{"userProfilePK":87578117,"calendarDate":{"date":"Jun 5, 2022 12:00:00 AM"},"persistedTimestampGMT":{"date":"Jun 7, 2022 9:00:07 AM"},"timestampLocal":{"date":"Jun 5, 2022 2:05:58 PM"},"hydrationSource":"GARMIN_ACTIVITY","valueInML":0.0,"activityId":8969505499,"capped":false,"estimatedSweatLossInML":306.0,"duration":2461.73193359375},{"userProfilePK":87578117,"calendarDate":{"date":"Jun 6, 2022 12:00:00 AM"},"persistedTimestampGMT":{"date":"Jun 7, 2022 9:00:50 AM"},"timestampLocal":{"date":"Jun 6, 2022 6:38:15 PM"},"hydrationSource":"GARMIN_ACTIVITY","valueInML":0.0,"activityId":8969507645,"capped":false,"estimatedSweatLossInML":1049.0,"duration":4870.32177734375},{"userProfilePK":87578117,"calendarDate":{"date":"Jun 7, 2022 12:00:00 AM"},"persistedTimestampGMT":{"date":"Jun 7, 2022 9:01:02 AM"},"timestampLocal":{"date":"Jun 7, 2022 8:56:26 AM"},"hydrationSource":"GARMIN_ACTIVITY","valueInML":0.0,"activityId":8969508313,"capped":false,"estimatedSweatLossInML":251.0,"duration":1195.33203125},{"userProfilePK":87578117,"calendarDate":{"date":"Jun 7, 2022 12:00:00 AM"},"persistedTimestampGMT":{"date":"Jun 7, 2022 11:46:24 AM"},"timestampLocal":{"date":"Jun 7, 2022 12:18:43 PM"},"hydrationSource":"GARMIN_ACTIVITY","valueInML":0.0,"activityId":8970327499,"capped":false,"estimatedSweatLossInML":91.0,"duration":435.9570105075836},{"userProfilePK":87578117,"calendarDate":{"date":"Jun 7, 2022 12:00:00 AM"},"persistedTimestampGMT":{"date":"Jun 7, 2022 11:46:25 AM"},"timestampLocal":{"date":"Jun 7, 2022 12:26:17 PM"},"hydrationSource":"GARMIN_ACTIVITY","valueInML":0.0,"activityId":8970327581,"capped":false,"estimatedSweatLossInML":67.0,"duration":360.8269958496094},{"userProfilePK":87578117,"calendarDate":{"date":"Jun 7, 2022 12:00:00 AM"},"persistedTimestampGMT":{"date":"Jun 7, 2022 11:46:45 AM"},"timestampLocal":{"date":"Jun 7, 2022 1:27:02 PM"},"hydrationSource":"GARMIN_ACTIVITY","valueInML":0.0,"activityId":8970329563,"capped":false,"estimatedSweatLossInML":210.0,"duration":1052.0849609375},{"userProfilePK":87578117,"calendarDate":{"date":"Jun 7, 2022 12:00:00 AM"},"persistedTimestampGMT":{"date":"Jun 7, 2022 4:35:40 PM"},"timestampLocal":{"date":"Jun 7, 2022 6:12:19 PM"},"hydrationSource":"GARMIN_ACTIVITY","valueInML":0.0,"activityId":8971959381,"capped":false,"estimatedSweatLossInML":270.0,"duration":1282.51904296875},{"userProfilePK":87578117,"calendarDate":{"date":"Jun 8, 2022 12:00:00 AM"},"persistedTimestampGMT":{"date":"Jun 8, 2022 7:18:31 AM"},"timestampLocal":{"date":"Jun 8, 2022 8:02:22 AM"},"hydrationSource":"GARMIN_ACTIVITY","valueInML":0.0,"activityId":8975580115,"capped":false,"estimatedSweatLossInML":687.0,"duration":3476.511962890625},{"userProfilePK":87578117,"calendarDate":{"date":"Jun 8, 2022 12:00:00 AM"},"persistedTimestampGMT":{"date":"Jun 8, 2022 11:49:16 AM"},"timestampLocal":{"date":"Jun 8, 2022 12:30:40 PM"},"hydrationSource":"GARMIN_ACTIVITY","valueInML":0.0,"activityId":8976725080,"capped":false,"estimatedSweatLossInML":13.0,"duration":78.78800201416016},{"userProfilePK":87578117,"calendarDate":{"date":"Jun 8, 2022 12:00:00 AM"},"persistedTimestampGMT":{"date":"Jun 8, 2022 11:49:22 AM"},"timestampLocal":{"date":"Jun 8, 2022 12:32:13 PM"},"hydrationSource":"GARMIN_ACTIVITY","valueInML":0.0,"activityId":8976725654,"capped":false,"estimatedSweatLossInML":102.0,"duration":462.9809875488281},{"userProfilePK":87578117,"calendarDate":{"date":"Jun 8, 2022 12:00:00 AM"},"persistedTimestampGMT":{"date":"Jun 8, 2022 11:49:39 AM"},"timestampLocal":{"date":"Jun 8, 2022 1:35:28 PM"},"hydrationSource":"GARMIN_ACTIVITY","valueInML":0.0,"activityId":8976727338,"capped":false,"estimatedSweatLossInML":152.0,"duration":768.302978515625},{"userProfilePK":87578117,"calendarDate":{"date":"Jun 8, 2022 12:00:00 AM"},"persistedTimestampGMT":{"date":"Jun 8, 2022 4:22:21 PM"},"timestampLocal":{"date":"Jun 8, 2022 5:59:58 PM"},"hydrationSource":"GARMIN_ACTIVITY","valueInML":0.0,"activityId":8978218849,"capped":false,"estimatedSweatLossInML":205.0,"duration":1286.240966796875},{"userProfilePK":87578117,"calendarDate":{"date":"Jun 9, 2022 12:00:00 AM"},"persistedTimestampGMT":{"date":"Jun 9, 2022 6:55:22 AM"},"timestampLocal":{"date":"Jun 9, 2022 8:12:09 AM"},"hydrationSource":"GARMIN_ACTIVITY","valueInML":0.0,"activityId":8981684168,"capped":false,"estimatedSweatLossInML":514.0,"duration":2509.827880859375},{"userProfilePK":87578117,"calendarDate":{"date":"Jun 9, 2022 12:00:00 AM"},"persistedTimestampGMT":{"date":"Jun 9, 2022 4:11:34 PM"},"timestampLocal":{"date":"Jun 9, 2022 5:49:00 PM"},"hydrationSource":"GARMIN_ACTIVITY","valueInML":0.0,"activityId":8984269191,"capped":false,"estimatedSweatLossInML":305.0,"duration":1206.781982421875},{"userProfilePK":87578117,"calendarDate":{"date":"Jun 10, 2022 12:00:00 AM"},"persistedTimestampGMT":{"date":"Jun 10, 2022 9:42:47 AM"},"timestampLocal":{"date":"Jun 10, 2022 8:05:39 AM"},"hydrationSource":"GARMIN_ACTIVITY","valueInML":0.0,"activityId":8988256104,"capped":false,"estimatedSweatLossInML":648.0,"duration":3347.68798828125},{"userProfilePK":87578117,"calendarDate":{"date":"Jun 10, 2022 12:00:00 AM"},"persistedTimestampGMT":{"date":"Jun 10, 2022 11:52:33 AM"},"timestampLocal":{"date":"Jun 10, 2022 12:18:45 PM"},"hydrationSource":"GARMIN_ACTIVITY","valueInML":0.0,"activityId":8988879863,"capped":false,"estimatedSweatLossInML":220.0,"duration":890.3610229492188},{"userProfilePK":87578117,"calendarDate":{"date":"Jun 10, 2022 12:00:00 AM"},"persistedTimestampGMT":{"date":"Jun 10, 2022 11:52:57 AM"},"timestampLocal":{"date":"Jun 10, 2022 1:26:26 PM"},"hydrationSource":"GARMIN_ACTIVITY","valueInML":0.0,"activityId":8988881972,"capped":false,"estimatedSweatLossInML":395.0,"duration":1508.1400146484375},{"userProfilePK":87578117,"calendarDate":{"date":"Jun 10, 2022 12:00:00 AM"},"persistedTimestampGMT":{"date":"Jun 10, 2022 4:09:02 PM"},"timestampLocal":{"date":"Jun 10, 2022 5:43:02 PM"},"hydrationSource":"GARMIN_ACTIVITY","valueInML":0.0,"activityId":8990286736,"capped":false,"estimatedSweatLossInML":321.0,"duration":1320.2449951171875},{"userProfilePK":87578117,"calendarDate":{"date":"Jun 11, 2022 12:00:00 AM"},"persistedTimestampGMT":{"date":"Jun 15, 2022 8:11:46 PM"},"timestampLocal":{"date":"Jun 11, 2022 11:10:53 AM"},"hydrationSource":"GARMIN_ACTIVITY","valueInML":0.0,"activityId":9023907007,"capped":false,"estimatedSweatLossInML":2524.0,"duration":9946.3818359375},{"userProfilePK":87578117,"calendarDate":{"date":"Jun 11, 2022 12:00:00 AM"},"persistedTimestampGMT":{"date":"Jun 15, 2022 8:13:28 PM"},"timestampLocal":{"date":"Jun 11, 2022 2:08:07 PM"},"hydrationSource":"GARMIN_ACTIVITY","valueInML":0.0,"activityId":9023915154,"capped":false,"estimatedSweatLossInML":2015.0,"duration":7439.3662109375},{"userProfilePK":87578117,"calendarDate":{"date":"Jun 11, 2022 12:00:00 AM"},"persistedTimestampGMT":{"date":"Jun 15, 2022 8:13:56 PM"},"timestampLocal":{"date":"Jun 11, 2022 4:25:28 PM"},"hydrationSource":"GARMIN_ACTIVITY","valueInML":0.0,"activityId":9023917384,"capped":false,"estimatedSweatLossInML":132.0,"duration":511.9930114746094},{"userProfilePK":87578117,"calendarDate":{"date":"Jun 13, 2022 12:00:00 AM"},"persistedTimestampGMT":{"date":"Jun 15, 2022 8:15:01 PM"},"timestampLocal":{"date":"Jun 13, 2022 8:02:44 AM"},"hydrationSource":"GARMIN_ACTIVITY","valueInML":0.0,"activityId":9023922650,"capped":false,"estimatedSweatLossInML":651.0,"duration":3398.322021484375},{"userProfilePK":87578117,"calendarDate":{"date":"Jun 13, 2022 12:00:00 AM"},"persistedTimestampGMT":{"date":"Jun 15, 2022 8:15:17 PM"},"timestampLocal":{"date":"Jun 13, 2022 12:20:31 PM"},"hydrationSource":"GARMIN_ACTIVITY","valueInML":0.0,"activityId":9023923882,"capped":false,"estimatedSweatLossInML":258.0,"duration":954.364990234375},{"userProfilePK":87578117,"calendarDate":{"date":"Jun 13, 2022 12:00:00 AM"},"persistedTimestampGMT":{"date":"Jun 15, 2022 8:15:53 PM"},"timestampLocal":{"date":"Jun 13, 2022 1:32:39 PM"},"hydrationSource":"GARMIN_ACTIVITY","valueInML":0.0,"activityId":9023926766,"capped":false,"estimatedSweatLossInML":277.0,"duration":1101.6920166015625},{"userProfilePK":87578117,"calendarDate":{"date":"Jun 13, 2022 12:00:00 AM"},"persistedTimestampGMT":{"date":"Jun 15, 2022 8:16:21 PM"},"timestampLocal":{"date":"Jun 13, 2022 6:03:01 PM"},"hydrationSource":"GARMIN_ACTIVITY","valueInML":0.0,"activityId":9023929033,"capped":false,"estimatedSweatLossInML":330.0,"duration":1383.425048828125},{"userProfilePK":87578117,"calendarDate":{"date":"Jun 14, 2022 12:00:00 AM"},"persistedTimestampGMT":{"date":"Jun 15, 2022 8:21:14 PM"},"timestampLocal":{"date":"Jun 14, 2022 8:21:57 AM"},"hydrationSource":"GARMIN_ACTIVITY","valueInML":0.0,"activityId":9023951711,"capped":false,"estimatedSweatLossInML":552.0,"duration":2421.52587890625},{"userProfilePK":87578117,"calendarDate":{"date":"Jun 14, 2022 12:00:00 AM"},"persistedTimestampGMT":{"date":"Jun 15, 2022 8:34:56 PM"},"timestampLocal":{"date":"Jun 14, 2022 12:11:11 PM"},"hydrationSource":"GARMIN_ACTIVITY","valueInML":0.0,"activityId":9024011615,"capped":false,"estimatedSweatLossInML":1488.0,"duration":5358.35205078125},{"userProfilePK":87578117,"calendarDate":{"date":"Jun 14, 2022 12:00:00 AM"},"persistedTimestampGMT":{"date":"Jun 15, 2022 8:35:43 PM"},"timestampLocal":{"date":"Jun 14, 2022 5:17:10 PM"},"hydrationSource":"GARMIN_ACTIVITY","valueInML":0.0,"activityId":9024014910,"capped":false,"estimatedSweatLossInML":367.0,"duration":1431.7149658203125},{"userProfilePK":87578117,"calendarDate":{"date":"Jun 15, 2022 12:00:00 AM"},"persistedTimestampGMT":{"date":"Jun 15, 2022 8:37:09 PM"},"timestampLocal":{"date":"Jun 15, 2022 8:02:10 AM"},"hydrationSource":"GARMIN_ACTIVITY","valueInML":0.0,"activityId":9024021007,"capped":false,"estimatedSweatLossInML":694.0,"duration":3404.794921875},{"userProfilePK":87578117,"calendarDate":{"date":"Jun 15, 2022 12:00:00 AM"},"persistedTimestampGMT":{"date":"Jun 15, 2022 8:37:27 PM"},"timestampLocal":{"date":"Jun 15, 2022 12:08:14 PM"},"hydrationSource":"GARMIN_ACTIVITY","valueInML":0.0,"activityId":9024022292,"capped":false,"estimatedSweatLossInML":261.0,"duration":962.18701171875},{"userProfilePK":87578117,"calendarDate":{"date":"Jun 15, 2022 12:00:00 AM"},"persistedTimestampGMT":{"date":"Jun 15, 2022 8:38:03 PM"},"timestampLocal":{"date":"Jun 15, 2022 1:29:56 PM"},"hydrationSource":"GARMIN_ACTIVITY","valueInML":0.0,"activityId":9024024815,"capped":false,"estimatedSweatLossInML":307.0,"duration":1108.738037109375},{"userProfilePK":87578117,"calendarDate":{"date":"Jun 15, 2022 12:00:00 AM"},"persistedTimestampGMT":{"date":"Jun 15, 2022 8:38:37 PM"},"timestampLocal":{"date":"Jun 15, 2022 5:33:12 PM"},"hydrationSource":"GARMIN_ACTIVITY","valueInML":0.0,"activityId":9024027172,"capped":false,"estimatedSweatLossInML":408.0,"duration":1656.5360107421875}]