[{"userProfilePK":87578117,"calendarDate":{"date":"Oct 24, 2020 12:00:00 AM"},"persistedTimestampGMT":{"date":"Oct 24, 2020 11:57:00 AM"},"timestampLocal":{"date":"Oct 24, 2020 7:07:11 AM"},"hydrationSource":"GARMIN_ACTIVITY","valueInML":0.0,"activityId":5720668084,"capped":false,"estimatedSweatLossInML":2133.0,"duration":22972.6640625},{"userProfilePK":87578117,"calendarDate":{"date":"Nov 6, 2020 12:00:00 AM"},"persistedTimestampGMT":{"date":"Nov 7, 2020 1:48:26 PM"},"timestampLocal":{"date":"Nov 6, 2020 7:53:48 PM"},"hydrationSource":"GARMIN_ACTIVITY","valueInML":0.0,"activityId":5786133449,"capped":false,"estimatedSweatLossInML":0.0,"measuredSweatLossInML":0.0,"duration":0.0},{"userProfilePK":87578117,"calendarDate":{"date":"Nov 11, 2020 12:00:00 AM"},"persistedTimestampGMT":{"date":"Nov 13, 2020 5:35:47 PM"},"timestampLocal":{"date":"Nov 11, 2020 6:55:26 PM"},"hydrationSource":"GARMIN_ACTIVITY","valueInML":0.0,"activityId":5816337621,"capped":false,"estimatedSweatLossInML":459.0,"duration":2217.285888671875},{"userProfilePK":87578117,"calendarDate":{"date":"Nov 28, 2020 12:00:00 AM"},"persistedTimestampGMT":{"date":"Nov 28, 2020 4:28:38 PM"},"timestampLocal":{"date":"Nov 28, 2020 4:24:57 PM"},"hydrationSource":"GARMIN_ACTIVITY","valueInML":0.0,"activityId":5885913503,"capped":false,"estimatedSweatLossInML":630.0,"duration":3046.5869140625},{"userProfilePK":87578117,"calendarDate":{"date":"Dec 1, 2020 12:00:00 AM"},"persistedTimestampGMT":{"date":"Dec 1, 2020 6:27:16 PM"},"timestampLocal":{"date":"Dec 1, 2020 6:43:28 PM"},"hydrationSource":"GARMIN_ACTIVITY","valueInML":0.0,"activityId":5899965401,"capped":false,"estimatedSweatLossInML":402.0,"duration":2442.214111328125},{"userProfilePK":87578117,"calendarDate":{"date":"Dec 5, 2020 12:00:00 AM"},"persistedTimestampGMT":{"date":"Dec 5, 2020 6:52:50 PM"},"timestampLocal":{"date":"Dec 5, 2020 7:12:04 PM"},"hydrationSource":"GARMIN_ACTIVITY","valueInML":0.0,"activityId":5917225439,"capped":false,"estimatedSweatLossInML":367.0,"duration":2283.833984375},{"userProfilePK":87578117,"calendarDate":{"date":"Dec 7, 2020 12:00:00 AM"},"persistedTimestampGMT":{"date":"Dec 7, 2020 7:18:55 PM"},"timestampLocal":{"date":"Dec 7, 2020 7:37:48 PM"},"hydrationSource":"GARMIN_ACTIVITY","valueInML":0.0,"activityId":5926230812,"capped":false,"estimatedSweatLossInML":347.0,"duration":2208.919921875},{"userProfilePK":87578117,"calendarDate":{"date":"Dec 16, 2020 12:00:00 AM"},"persistedTimestampGMT":{"date":"Dec 16, 2020 6:18:58 PM"},"timestampLocal":{"date":"Dec 16, 2020 6:20:04 PM"},"hydrationSource":"GARMIN_ACTIVITY","valueInML":0.0,"activityId":5964665992,"capped":false,"estimatedSweatLossInML":551.0,"duration":2806.39990234375},{"userProfilePK":87578117,"calendarDate":{"date":"Dec 19, 2020 12:00:00 AM"},"persistedTimestampGMT":{"date":"Dec 19, 2020 10:29:08 AM"},"timestampLocal":{"date":"Dec 19, 2020 11:00:25 AM"},"hydrationSource":"GARMIN_ACTIVITY","valueInML":0.0,"activityId":5974754344,"capped":false,"estimatedSweatLossInML":322.0,"duration":1564.802001953125},{"userProfilePK":87578117,"calendarDate":{"date":"Dec 22, 2020 12:00:00 AM"},"persistedTimestampGMT":{"date":"Dec 22, 2020 7:19:14 PM"},"timestampLocal":{"date":"Dec 22, 2020 7:16:09 PM"},"hydrationSource":"GARMIN_ACTIVITY","valueInML":0.0,"activityId":5990344277,"capped":false,"estimatedSweatLossInML":451.0,"duration":2155.489013671875},{"userProfilePK":87578117,"calendarDate":{"date":"Dec 24, 2020 12:00:00 AM"},"persistedTimestampGMT":{"date":"Dec 24, 2020 4:42:32 PM"},"timestampLocal":{"date":"Dec 24, 2020 2:45:42 PM"},"hydrationSource":"GARMIN_ACTIVITY","valueInML":0.0,"activityId":5998133977,"capped":false,"estimatedSweatLossInML":1093.0,"duration":9993.291015625},{"userProfilePK":87578117,"calendarDate":{"date":"Dec 29, 2020 12:00:00 AM"},"persistedTimestampGMT":{"date":"Dec 29, 2020 8:51:01 PM"},"timestampLocal":{"date":"Dec 29, 2020 7:17:23 PM"},"hydrationSource":"GARMIN_ACTIVITY","valueInML":0.0,"activityId":6022595715,"capped":false,"estimatedSweatLossInML":316.0,"duration":1857.6400146484375},{"userProfilePK":87578117,"calendarDate":{"date":"Dec 30, 2020 12:00:00 AM"},"persistedTimestampGMT":{"date":"Dec 30, 2020 11:36:19 AM"},"timestampLocal":{"date":"Dec 30, 2020 10:35:47 AM"},"hydrationSource":"GARMIN_ACTIVITY","valueInML":0.0,"activityId":6024822745,"capped":false,"estimatedSweatLossInML":495.0,"duration":3546.324951171875},{"userProfilePK":87578117,"calendarDate":{"date":"Dec 31, 2020 12:00:00 AM"},"persistedTimestampGMT":{"date":"Dec 31, 2020 5:59:49 PM"},"timestampLocal":{"date":"Dec 31, 2020 6:15:04 PM"},"hydrationSource":"GARMIN_ACTIVITY","valueInML":0.0,"activityId":6032390449,"capped":false,"estimatedSweatLossInML":359.0,"duration":1917.9990234375},{"userProfilePK":87578117,"calendarDate":{"date":"Jan 1, 2021 12:00:00 AM"},"persistedTimestampGMT":{"date":"Jan 2, 2021 10:28:58 PM"},"timestampLocal":{"date":"Jan 1, 2021 10:28:51 AM"},"hydrationSource":"GARMIN_ACTIVITY","valueInML":0.0,"activityId":6043901659,"capped":false,"estimatedSweatLossInML":653.0,"duration":4670.97119140625},{"userProfilePK":87578117,"calendarDate":{"date":"Jan 3, 2021 12:00:00 AM"},"persistedTimestampGMT":{"date":"Jan 3, 2021 7:06:07 PM"},"timestampLocal":{"date":"Jan 3, 2021 6:21:43 PM"},"hydrationSource":"GARMIN_ACTIVITY","valueInML":0.0,"activityId":6049231524,"capped":false,"estimatedSweatLossInML":927.0,"duration":5908.51611328125},{"userProfilePK":87578117,"calendarDate":{"date":"Jan 6, 2021 12:00:00 AM"},"persistedTimestampGMT":{"date":"Jan 6, 2021 7:07:40 PM"},"timestampLocal":{"date":"Jan 6, 2021 7:30:13 PM"},"hydrationSource":"GARMIN_ACTIVITY","valueInML":0.0,"activityId":6065351026,"capped":false,"estimatedSweatLossInML":320.0,"duration":1873.512939453125},{"userProfilePK":87578117,"calendarDate":{"date":"Jan 10, 2021 12:00:00 AM"},"persistedTimestampGMT":{"date":"Jan 10, 2021 10:31:33 AM"},"timestampLocal":{"date":"Jan 10, 2021 10:21:21 AM"},"hydrationSource":"GARMIN_ACTIVITY","valueInML":0.0,"activityId":6083478984,"capped":false,"estimatedSweatLossInML":687.0,"duration":4035.77099609375},{"userProfilePK":87578117,"calendarDate":{"date":"Jan 12, 2021 12:00:00 AM"},"persistedTimestampGMT":{"date":"Jan 12, 2021 6:58:37 AM"},"timestampLocal":{"date":"Jan 12, 2021 7:21:51 AM"},"hydrationSource":"GARMIN_ACTIVITY","valueInML":0.0,"activityId":6093810372,"capped":false,"estimatedSweatLossInML":271.0,"duration":1991.5689697265625},{"userProfilePK":87578117,"calendarDate":{"date":"Jan 13, 2021 12:00:00 AM"},"persistedTimestampGMT":{"date":"Jan 14, 2021 7:20:42 AM"},"timestampLocal":{"date":"Jan 13, 2021 7:13:51 AM"},"hydrationSource":"GARMIN_ACTIVITY","valueInML":0.0,"activityId":6104464091,"capped":false,"estimatedSweatLossInML":457.0,"duration":2315.465087890625},{"userProfilePK":87578117,"calendarDate":{"date":"Jan 16, 2021 12:00:00 AM"},"persistedTimestampGMT":{"date":"Jan 16, 2021 10:45:00 AM"},"timestampLocal":{"date":"Jan 16, 2021 9:53:13 AM"},"hydrationSource":"GARMIN_ACTIVITY","valueInML":0.0,"activityId":6115008839,"capped":false,"estimatedSweatLossInML":617.0,"duration":3949.31201171875},{"userProfilePK":87578117,"calendarDate":{"date":"Jan 19, 2021 12:00:00 AM"},"persistedTimestampGMT":{"date":"Jan 19, 2021 1:01:49 PM"},"timestampLocal":{"date":"Jan 19, 2021 12:57:19 PM"},"hydrationSource":"GARMIN_ACTIVITY","valueInML":0.0,"activityId":6132590494,"capped":false,"estimatedSweatLossInML":383.0,"duration":1885.8199462890625},{"userProfilePK":87578117,"calendarDate":{"date":"Jan 20, 2021 12:00:00 AM"},"persistedTimestampGMT":{"date":"Jan 20, 2021 8:03:13 AM"},"timestampLocal":{"date":"Jan 20, 2021 7:40:09 AM"},"hydrationSource":"GARMIN_ACTIVITY","valueInML":0.0,"activityId":6136767489,"capped":false,"estimatedSweatLossInML":339.0,"duration":1779.2449951171875},{"userProfilePK":87578117,"calendarDate":{"date":"Jan 24, 2021 12:00:00 AM"},"persistedTimestampGMT":{"date":"Jan 24, 2021 5:08:52 PM"},"timestampLocal":{"date":"Jan 24, 2021 4:42:24 PM"},"hydrationSource":"GARMIN_ACTIVITY","valueInML":0.0,"activityId":6161157450,"capped":false,"estimatedSweatLossInML":820.0,"duration":4765.27001953125},{"userProfilePK":87578117,"calendarDate":{"date":"Jan 26, 2021 12:00:00 AM"},"persistedTimestampGMT":{"date":"Jan 26, 2021 7:19:18 AM"},"timestampLocal":{"date":"Jan 26, 2021 7:32:50 AM"},"hydrationSource":"GARMIN_ACTIVITY","valueInML":0.0,"activityId":6168508623,"capped":false,"estimatedSweatLossInML":417.0,"duration":2423.6689453125},{"userProfilePK":87578117,"calendarDate":{"date":"Jan 29, 2021 12:00:00 AM"},"persistedTimestampGMT":{"date":"Jan 29, 2021 6:33:28 AM"},"timestampLocal":{"date":"Jan 29, 2021 6:11:42 AM"},"hydrationSource":"GARMIN_ACTIVITY","valueInML":0.0,"activityId":6184001216,"capped":false,"estimatedSweatLossInML":894.0,"duration":4548.0869140625},{"userProfilePK":87578117,"calendarDate":{"date":"Jan 31, 2021 12:00:00 AM"},"persistedTimestampGMT":{"date":"Jan 31, 2021 12:57:39 PM"},"timestampLocal":{"date":"Jan 31, 2021 10:10:14 AM"},"hydrationSource":"GARMIN_ACTIVITY","valueInML":0.0,"activityId":6196537030,"capped":false,"estimatedSweatLossInML":58.0,"duration":320.2770080566406},{"userProfilePK":87578117,"calendarDate":{"date":"Jan 31, 2021 12:00:00 AM"},"persistedTimestampGMT":{"date":"Jan 31, 2021 12:58:14 PM"},"timestampLocal":{"date":"Jan 31, 2021 11:37:01 AM"},"hydrationSource":"GARMIN_ACTIVITY","valueInML":0.0,"activityId":6196541580,"capped":false,"estimatedSweatLossInML":912.0,"duration":6464.9580078125}]