[{"userProfilePK":87578117,"calendarDate":{"date":"May 14, 2021 12:00:00 AM"},"persistedTimestampGMT":{"date":"May 14, 2021 2:06:14 PM"},"timestampLocal":{"date":"May 14, 2021 1:07:50 PM"},"hydrationSource":"GARMIN_ACTIVITY","valueInML":0.0,"activityId":6777975412,"capped":false,"estimatedSweatLossInML":453.0,"duration":2592.8330078125},{"userProfilePK":87578117,"calendarDate":{"date":"May 15, 2021 12:00:00 AM"},"persistedTimestampGMT":{"date":"May 23, 2021 7:07:56 AM"},"timestampLocal":{"date":"May 15, 2021 5:03:46 PM"},"hydrationSource":"GARMIN_ACTIVITY","valueInML":0.0,"activityId":6826098050,"capped":false,"estimatedSweatLossInML":417.0,"duration":3074.97802734375},{"userProfilePK":87578117,"calendarDate":{"date":"May 15, 2021 12:00:00 AM"},"persistedTimestampGMT":{"date":"May 23, 2021 7:08:08 AM"},"timestampLocal":{"date":"May 15, 2021 7:29:00 PM"},"hydrationSource":"GARMIN_ACTIVITY","valueInML":0.0,"activityId":6826098811,"capped":false,"estimatedSweatLossInML":431.0,"duration":2129.91796875},{"userProfilePK":87578117,"calendarDate":{"date":"May 23, 2021 12:00:00 AM"},"persistedTimestampGMT":{"date":"May 23, 2021 10:39:04 AM"},"timestampLocal":{"date":"May 23, 2021 9:21:16 AM"},"hydrationSource":"GARMIN_ACTIVITY","valueInML":0.0,"activityId":6827397204,"capped":false,"estimatedSweatLossInML":1765.0,"duration":10026.4599609375},{"userProfilePK":87578117,"calendarDate":{"date":"May 30, 2021 12:00:00 AM"},"persistedTimestampGMT":{"date":"Jun 2, 2021 11:19:38 AM"},"timestampLocal":{"date":"May 30, 2021 5:02:47 PM"},"hydrationSource":"GARMIN_ACTIVITY","valueInML":0.0,"activityId":6885521163,"capped":false,"estimatedSweatLossInML":1028.0,"duration":4248.72705078125},{"userProfilePK":87578117,"calendarDate":{"date":"Jun 2, 2021 12:00:00 AM"},"persistedTimestampGMT":{"date":"Jun 22, 2021 2:32:04 PM"},"timestampLocal":{"date":"Jun 2, 2021 1:22:19 PM"},"hydrationSource":"GARMIN_ACTIVITY","valueInML":0.0,"activityId":7002013954,"capped":false,"estimatedSweatLossInML":1010.0,"duration":4068.2109375},{"userProfilePK":87578117,"calendarDate":{"date":"Jun 6, 2021 12:00:00 AM"},"persistedTimestampGMT":{"date":"Jun 22, 2021 2:32:13 PM"},"timestampLocal":{"date":"Jun 6, 2021 9:06:28 AM"},"hydrationSource":"GARMIN_ACTIVITY","valueInML":0.0,"activityId":7002014640,"capped":false,"estimatedSweatLossInML":343.0,"duration":2388.510009765625},{"userProfilePK":87578117,"calendarDate":{"date":"Jun 9, 2021 12:00:00 AM"},"persistedTimestampGMT":{"date":"Jun 22, 2021 2:32:18 PM"},"timestampLocal":{"date":"Jun 9, 2021 1:14:49 PM"},"hydrationSource":"GARMIN_ACTIVITY","valueInML":0.0,"activityId":7002015059,"capped":false,"estimatedSweatLossInML":737.0,"duration":3123.2060546875},{"userProfilePK":87578117,"calendarDate":{"date":"Jun 10, 2021 12:00:00 AM"},"persistedTimestampGMT":{"date":"Jun 22, 2021 2:32:23 PM"},"timestampLocal":{"date":"Jun 10, 2021 1:21:12 PM"},"hydrationSource":"GARMIN_ACTIVITY","valueInML":0.0,"activityId":7002015409,"capped":false,"estimatedSweatLossInML":551.0,"duration":2029.2889404296875},{"userProfilePK":87578117,"calendarDate":{"date":"Jun 12, 2021 12:00:00 AM"},"persistedTimestampGMT":{"date":"Jun 22, 2021 2:32:37 PM"},"timestampLocal":{"date":"Jun 12, 2021 10:05:44 AM"},"hydrationSource":"GARMIN_ACTIVITY","valueInML":0.0,"activityId":7002016523,"capped":false,"estimatedSweatLossInML":1077.0,"duration":5956.509765625},{"userProfilePK":87578117,"calendarDate":{"date":"Jun 15, 2021 12:00:00 AM"},"persistedTimestampGMT":{"date":"Jun 22, 2021 2:33:07 PM"},"timestampLocal":{"date":"Jun 15, 2021 1:47:18 PM"},"hydrationSource":"GARMIN_ACTIVITY","valueInML":0.0,"activityId":7002018931,"capped":false,"estimatedSweatLossInML":643.0,"duration":2317.01904296875},{"userProfilePK":87578117,"calendarDate":{"date":"Jun 17, 2021 12:00:00 AM"},"persistedTimestampGMT":{"date":"Jun 22, 2021 2:33:14 PM"},"timestampLocal":{"date":"Jun 17, 2021 1:14:11 PM"},"hydrationSource":"GARMIN_ACTIVITY","valueInML":0.0,"activityId":7002019526,"capped":false,"estimatedSweatLossInML":360.0,"duration":1935.81494140625},{"userProfilePK":87578117,"calendarDate":{"date":"Jun 22, 2021 12:00:00 AM"},"persistedTimestampGMT":{"date":"Jun 22, 2021 2:33:21 PM"},"timestampLocal":{"date":"Jun 22, 2021 1:17:38 PM"},"hydrationSource":"GARMIN_ACTIVITY","valueInML":0.0,"activityId":7002020176,"capped":false,"estimatedSweatLossInML":588.0,"duration":3110.5458984375},{"userProfilePK":87578117,"calendarDate":{"date":"Jun 23, 2021 12:00:00 AM"},"persistedTimestampGMT":{"date":"Jun 23, 2021 12:17:32 PM"},"timestampLocal":{"date":"Jun 23, 2021 1:37:34 PM"},"hydrationSource":"GARMIN_ACTIVITY","valueInML":0.0,"activityId":7007145489,"capped":false,"estimatedSweatLossInML":541.0,"duration":2256.7099609375},{"userProfilePK":87578117,"calendarDate":{"date":"Jun 29, 2021 12:00:00 AM"},"persistedTimestampGMT":{"date":"Jun 29, 2021 2:14:42 PM"},"timestampLocal":{"date":"Jun 29, 2021 1:04:36 PM"},"hydrationSource":"GARMIN_ACTIVITY","valueInML":0.0,"activityId":7041047341,"capped":false,"estimatedSweatLossInML":596.0,"duration":3081.969970703125},{"userProfilePK":87578117,"calendarDate":{"date":"Jul 1, 2021 12:00:00 AM"},"persistedTimestampGMT":{"date":"Jul 1, 2021 1:20:42 PM"},"timestampLocal":{"date":"Jul 1, 2021 1:23:57 PM"},"hydrationSource":"GARMIN_ACTIVITY","valueInML":0.0,"activityId":7051647516,"capped":false,"estimatedSweatLossInML":707.0,"duration":3043.468017578125},{"userProfilePK":87578117,"calendarDate":{"date":"Jul 2, 2021 12:00:00 AM"},"persistedTimestampGMT":{"date":"Jul 2, 2021 1:28:29 PM"},"timestampLocal":{"date":"Jul 2, 2021 1:01:54 PM"},"hydrationSource":"GARMIN_ACTIVITY","valueInML":0.0,"activityId":7057016766,"capped":false,"estimatedSweatLossInML":761.0,"duration":3279.818115234375},{"userProfilePK":87578117,"calendarDate":{"date":"Jul 3, 2021 12:00:00 AM"},"persistedTimestampGMT":{"date":"Jul 3, 2021 10:17:53 AM"},"timestampLocal":{"date":"Jul 3, 2021 11:04:08 AM"},"hydrationSource":"GARMIN_ACTIVITY","valueInML":0.0,"activityId":7061377122,"capped":false,"estimatedSweatLossInML":570.0,"duration":3089.35400390625},{"userProfilePK":87578117,"calendarDate":{"date":"Jul 4, 2021 12:00:00 AM"},"persistedTimestampGMT":{"date":"Jul 4, 2021 8:45:04 AM"},"timestampLocal":{"date":"Jul 4, 2021 8:26:14 AM"},"hydrationSource":"GARMIN_ACTIVITY","valueInML":0.0,"activityId":7066529315,"capped":false,"estimatedSweatLossInML":398.0,"duration":1981.4759521484375},{"userProfilePK":87578117,"calendarDate":{"date":"Jul 5, 2021 12:00:00 AM"},"persistedTimestampGMT":{"date":"Jul 5, 2021 6:23:01 AM"},"timestampLocal":{"date":"Jul 5, 2021 7:35:26 AM"},"hydrationSource":"GARMIN_ACTIVITY","valueInML":0.0,"activityId":7071920329,"capped":false,"estimatedSweatLossInML":729.0,"duration":2827.47705078125},{"userProfilePK":87578117,"calendarDate":{"date":"Jul 7, 2021 12:00:00 AM"},"persistedTimestampGMT":{"date":"Jul 7, 2021 11:58:11 AM"},"timestampLocal":{"date":"Jul 7, 2021 1:14:29 PM"},"hydrationSource":"GARMIN_ACTIVITY","valueInML":0.0,"activityId":7084547605,"capped":false,"estimatedSweatLossInML":547.0,"duration":2320.40087890625},{"userProfilePK":87578117,"calendarDate":{"date":"Jul 8, 2021 12:00:00 AM"},"persistedTimestampGMT":{"date":"Jul 8, 2021 12:15:26 PM"},"timestampLocal":{"date":"Jul 8, 2021 1:18:01 PM"},"hydrationSource":"GARMIN_ACTIVITY","valueInML":0.0,"activityId":7090238256,"capped":false,"estimatedSweatLossInML":592.0,"duration":3195.31494140625},{"userProfilePK":87578117,"calendarDate":{"date":"Jul 13, 2021 12:00:00 AM"},"persistedTimestampGMT":{"date":"Jul 13, 2021 2:29:52 PM"},"timestampLocal":{"date":"Jul 13, 2021 3:22:16 PM"},"hydrationSource":"GARMIN_ACTIVITY","valueInML":0.0,"activityId":7118689008,"capped":false,"estimatedSweatLossInML":847.0,"duration":3811.716064453125},{"userProfilePK":87578117,"calendarDate":{"date":"Jul 14, 2021 12:00:00 AM"},"persistedTimestampGMT":{"date":"Jul 14, 2021 4:43:25 PM"},"timestampLocal":{"date":"Jul 14, 2021 5:21:58 PM"},"hydrationSource":"GARMIN_ACTIVITY","valueInML":0.0,"activityId":7125135955,"capped":false,"estimatedSweatLossInML":1097.0,"duration":4668.10986328125},{"userProfilePK":87578117,"calendarDate":{"date":"Jul 14, 2021 12:00:00 AM"},"persistedTimestampGMT":{"date":"Jul 14, 2021 6:28:36 PM"},"timestampLocal":{"date":"Jul 14, 2021 8:12:00 PM"},"hydrationSource":"GARMIN_ACTIVITY","valueInML":0.0,"activityId":7125787423,"capped":false,"estimatedSweatLossInML":118.0,"duration":642.5670166015625},{"userProfilePK":87578117,"calendarDate":{"date":"Jul 15, 2021 12:00:00 AM"},"persistedTimestampGMT":{"date":"Jul 15, 2021 9:13:03 AM"},"timestampLocal":{"date":"Jul 15, 2021 10:13:56 AM"},"hydrationSource":"GARMIN_ACTIVITY","valueInML":0.0,"activityId":7128489101,"capped":false,"estimatedSweatLossInML":121.0,"duration":775.4959716796875},{"userProfilePK":87578117,"calendarDate":{"date":"Jul 15, 2021 12:00:00 AM"},"persistedTimestampGMT":{"date":"Jul 15, 2021 2:09:00 PM"},"timestampLocal":{"date":"Jul 15, 2021 2:48:49 PM"},"hydrationSource":"GARMIN_ACTIVITY","valueInML":0.0,"activityId":7129877867,"capped":false,"estimatedSweatLossInML":1164.0,"duration":4564.2998046875},{"userProfilePK":87578117,"calendarDate":{"date":"Jul 15, 2021 12:00:00 AM"},"persistedTimestampGMT":{"date":"Jul 15, 2021 3:18:07 PM"},"timestampLocal":{"date":"Jul 15, 2021 4:52:41 PM"},"hydrationSource":"GARMIN_ACTIVITY","valueInML":0.0,"activityId":7130198498,"capped":false,"estimatedSweatLossInML":203.0,"duration":1126.760009765625},{"userProfilePK":87578117,"calendarDate":{"date":"Jul 15, 2021 12:00:00 AM"},"persistedTimestampGMT":{"date":"Jul 15, 2021 4:07:36 PM"},"timestampLocal":{"date":"Jul 15, 2021 5:35:25 PM"},"hydrationSource":"GARMIN_ACTIVITY","valueInML":0.0,"activityId":7130437020,"capped":false,"estimatedSweatLossInML":405.0,"duration":1816.4749755859375},{"userProfilePK":87578117,"calendarDate":{"date":"Jul 16, 2021 12:00:00 AM"},"persistedTimestampGMT":{"date":"Jul 16, 2021 6:06:29 PM"},"timestampLocal":{"date":"Jul 16, 2021 5:47:41 PM"},"hydrationSource":"GARMIN_ACTIVITY","valueInML":0.0,"activityId":7136460970,"capped":false,"estimatedSweatLossInML":849.0,"duration":3141.49609375},{"userProfilePK":87578117,"calendarDate":{"date":"Jul 17, 2021 12:00:00 AM"},"persistedTimestampGMT":{"date":"Jul 17, 2021 6:57:41 AM"},"timestampLocal":{"date":"Jul 17, 2021 7:45:24 AM"},"hydrationSource":"GARMIN_ACTIVITY","valueInML":0.0,"activityId":7138519214,"capped":false,"estimatedSweatLossInML":814.0,"duration":4050.5439453125},{"userProfilePK":87578117,"calendarDate":{"date":"Jul 17, 2021 12:00:00 AM"},"persistedTimestampGMT":{"date":"Jul 17, 2021 8:58:41 AM"},"timestampLocal":{"date":"Jul 17, 2021 9:09:30 AM"},"hydrationSource":"GARMIN_ACTIVITY","valueInML":0.0,"activityId":7139055990,"capped":false,"estimatedSweatLossInML":1124.0,"duration":4664.13916015625},{"userProfilePK":87578117,"calendarDate":{"date":"Jul 17, 2021 12:00:00 AM"},"persistedTimestampGMT":{"date":"Jul 17, 2021 7:35:32 PM"},"timestampLocal":{"date":"Jul 17, 2021 8:16:48 PM"},"hydrationSource":"GARMIN_ACTIVITY","valueInML":0.0,"activityId":7142556058,"capped":false,"estimatedSweatLossInML":200.0,"duration":1034.0479736328125},{"userProfilePK":87578117,"calendarDate":{"date":"Jul 19, 2021 12:00:00 AM"},"persistedTimestampGMT":{"date":"Jul 19, 2021 6:15:14 PM"},"timestampLocal":{"date":"Jul 19, 2021 7:14:11 PM"},"hydrationSource":"GARMIN_ACTIVITY","valueInML":0.0,"activityId":7153536014,"capped":false,"estimatedSweatLossInML":49.0,"duration":178.71600341796875},{"userProfilePK":87578117,"calendarDate":{"date":"Jul 20, 2021 12:00:00 AM"},"persistedTimestampGMT":{"date":"Jul 20, 2021 4:11:00 PM"},"timestampLocal":{"date":"Jul 20, 2021 2:35:54 PM"},"hydrationSource":"GARMIN_ACTIVITY","valueInML":0.0,"activityId":7158675887,"capped":false,"estimatedSweatLossInML":3430.0,"duration":12513.4990234375},{"userProfilePK":87578117,"calendarDate":{"date":"Jul 30, 2021 12:00:00 AM"},"persistedTimestampGMT":{"date":"Jul 30, 2021 7:36:17 AM"},"timestampLocal":{"date":"Jul 30, 2021 8:33:53 AM"},"hydrationSource":"GARMIN_ACTIVITY","valueInML":0.0,"activityId":7213980268,"capped":false,"estimatedSweatLossInML":637.0,"duration":3392.0},{"userProfilePK":87578117,"calendarDate":{"date":"Jul 30, 2021 12:00:00 AM"},"persistedTimestampGMT":{"date":"Jul 30, 2021 1:30:08 PM"},"timestampLocal":{"date":"Jul 30, 2021 2:53:27 PM"},"hydrationSource":"GARMIN_ACTIVITY","valueInML":0.0,"activityId":7215513351,"capped":false,"estimatedSweatLossInML":514.0,"duration":2010.18505859375},{"userProfilePK":87578117,"calendarDate":{"date":"Aug 2, 2021 12:00:00 AM"},"persistedTimestampGMT":{"date":"Aug 2, 2021 10:53:50 AM"},"timestampLocal":{"date":"Aug 2, 2021 10:20:05 AM"},"hydrationSource":"GARMIN_ACTIVITY","valueInML":0.0,"activityId":7231660960,"capped":false,"estimatedSweatLossInML":1559.0,"duration":5839.02880859375},{"userProfilePK":87578117,"calendarDate":{"date":"Aug 2, 2021 12:00:00 AM"},"persistedTimestampGMT":{"date":"Aug 2, 2021 10:53:51 AM"},"timestampLocal":{"date":"Aug 2, 2021 12:16:54 PM"},"hydrationSource":"GARMIN_ACTIVITY","valueInML":0.0,"activityId":7231661056,"capped":false,"estimatedSweatLossInML":162.0,"duration":1011.9199829101562},{"userProfilePK":87578117,"calendarDate":{"date":"Aug 2, 2021 12:00:00 AM"},"persistedTimestampGMT":{"date":"Aug 2, 2021 6:41:06 PM"},"timestampLocal":{"date":"Aug 2, 2021 8:27:00 PM"},"hydrationSource":"GARMIN_ACTIVITY","valueInML":0.0,"activityId":7234359971,"capped":false,"estimatedSweatLossInML":77.0,"duration":492.2659912109375},{"userProfilePK":87578117,"calendarDate":{"date":"Aug 3, 2021 12:00:00 AM"},"persistedTimestampGMT":{"date":"Aug 3, 2021 1:57:49 PM"},"timestampLocal":{"date":"Aug 3, 2021 1:29:09 PM"},"hydrationSource":"GARMIN_ACTIVITY","valueInML":0.0,"activityId":7238655531,"capped":false,"estimatedSweatLossInML":252.0,"duration":1490.3480224609375},{"userProfilePK":87578117,"calendarDate":{"date":"Aug 3, 2021 12:00:00 AM"},"persistedTimestampGMT":{"date":"Aug 3, 2021 4:06:07 PM"},"timestampLocal":{"date":"Aug 3, 2021 4:47:37 PM"},"hydrationSource":"GARMIN_ACTIVITY","valueInML":0.0,"activityId":7239393702,"capped":false,"estimatedSweatLossInML":1163.0,"duration":4312.69580078125},{"userProfilePK":87578117,"calendarDate":{"date":"Aug 4, 2021 12:00:00 AM"},"persistedTimestampGMT":{"date":"Aug 4, 2021 4:13:05 PM"},"timestampLocal":{"date":"Aug 4, 2021 11:12:08 AM"},"hydrationSource":"GARMIN_ACTIVITY","valueInML":0.0,"activityId":7245495304,"capped":false,"estimatedSweatLossInML":1746.0,"duration":9503.623046875},{"userProfilePK":87578117,"calendarDate":{"date":"Aug 5, 2021 12:00:00 AM"},"persistedTimestampGMT":{"date":"Aug 5, 2021 7:27:13 PM"},"timestampLocal":{"date":"Aug 5, 2021 6:10:45 PM"},"hydrationSource":"GARMIN_ACTIVITY","valueInML":0.0,"activityId":7252455987,"capped":false,"estimatedSweatLossInML":99.0,"duration":599.2020263671875},{"userProfilePK":87578117,"calendarDate":{"date":"Aug 5, 2021 12:00:00 AM"},"persistedTimestampGMT":{"date":"Aug 5, 2021 7:27:35 PM"},"timestampLocal":{"date":"Aug 5, 2021 8:25:40 PM"},"hydrationSource":"GARMIN_ACTIVITY","valueInML":0.0,"activityId":7252457876,"capped":false,"estimatedSweatLossInML":912.0,"duration":3286.611083984375},{"userProfilePK":87578117,"calendarDate":{"date":"Aug 6, 2021 12:00:00 AM"},"persistedTimestampGMT":{"date":"Aug 6, 2021 8:36:29 AM"},"timestampLocal":{"date":"Aug 6, 2021 8:19:44 AM"},"hydrationSource":"GARMIN_ACTIVITY","valueInML":0.0,"activityId":7254679477,"capped":false,"estimatedSweatLossInML":1838.0,"duration":7132.9990234375},{"userProfilePK":87578117,"calendarDate":{"date":"Aug 7, 2021 12:00:00 AM"},"persistedTimestampGMT":{"date":"Aug 7, 2021 5:47:35 PM"},"timestampLocal":{"date":"Aug 7, 2021 1:52:41 PM"},"hydrationSource":"GARMIN_ACTIVITY","valueInML":0.0,"activityId":7263271757,"capped":false,"estimatedSweatLossInML":33.0,"duration":187.48699951171875},{"userProfilePK":87578117,"calendarDate":{"date":"Aug 7, 2021 12:00:00 AM"},"persistedTimestampGMT":{"date":"Aug 7, 2021 5:47:47 PM"},"timestampLocal":{"date":"Aug 7, 2021 7:06:14 PM"},"hydrationSource":"GARMIN_ACTIVITY","valueInML":0.0,"activityId":7263272737,"capped":false,"estimatedSweatLossInML":513.0,"duration":2183.123046875},{"userProfilePK":87578117,"calendarDate":{"date":"Aug 9, 2021 12:00:00 AM"},"persistedTimestampGMT":{"date":"Aug 9, 2021 4:41:51 AM"},"timestampLocal":{"date":"Aug 9, 2021 5:32:59 AM"},"hydrationSource":"GARMIN_ACTIVITY","valueInML":0.0,"activityId":7271026274,"capped":false,"estimatedSweatLossInML":616.0,"duration":3928.35888671875},{"userProfilePK":87578117,"calendarDate":{"date":"Aug 13, 2021 12:00:00 AM"},"persistedTimestampGMT":{"date":"Aug 13, 2021 6:25:54 PM"},"timestampLocal":{"date":"Aug 13, 2021 6:28:07 PM"},"hydrationSource":"GARMIN_ACTIVITY","valueInML":0.0,"activityId":7298975406,"capped":false,"estimatedSweatLossInML":1823.0,"duration":6639.23193359375},{"userProfilePK":87578117,"calendarDate":{"date":"Aug 15, 2021 12:00:00 AM"},"persistedTimestampGMT":{"date":"Aug 15, 2021 6:32:26 PM"},"timestampLocal":{"date":"Aug 15, 2021 7:59:02 PM"},"hydrationSource":"GARMIN_ACTIVITY","valueInML":0.0,"activityId":7310985893,"capped":false,"estimatedSweatLossInML":364.0,"duration":1313.7750244140625},{"userProfilePK":87578117,"calendarDate":{"date":"Aug 16, 2021 12:00:00 AM"},"persistedTimestampGMT":{"date":"Aug 16, 2021 2:39:51 PM"},"timestampLocal":{"date":"Aug 16, 2021 2:33:35 PM"},"hydrationSource":"GARMIN_ACTIVITY","valueInML":0.0,"activityId":7314945744,"capped":false,"estimatedSweatLossInML":1972.0,"duration":7102.076171875},{"userProfilePK":87578117,"calendarDate":{"date":"Aug 17, 2021 12:00:00 AM"},"persistedTimestampGMT":{"date":"Aug 17, 2021 8:03:48 AM"},"timestampLocal":{"date":"Aug 17, 2021 7:02:52 AM"},"hydrationSource":"GARMIN_ACTIVITY","valueInML":0.0,"activityId":7318741395,"capped":false,"estimatedSweatLossInML":1545.0,"duration":9357.9892578125},{"userProfilePK":87578117,"calendarDate":{"date":"Aug 18, 2021 12:00:00 AM"},"persistedTimestampGMT":{"date":"Aug 18, 2021 1:04:56 PM"},"timestampLocal":{"date":"Aug 18, 2021 10:59:42 AM"},"hydrationSource":"GARMIN_ACTIVITY","valueInML":0.0,"activityId":7326178341,"capped":false,"estimatedSweatLossInML":1023.0,"duration":5733.7119140625}]