[{"userProfilePK":87578117,"calendarDate":{"date":"Aug 21, 2021 12:00:00 AM"},"persistedTimestampGMT":{"date":"Aug 21, 2021 4:30:33 PM"},"timestampLocal":{"date":"Aug 21, 2021 5:25:16 PM"},"hydrationSource":"GARMIN_ACTIVITY","valueInML":0.0,"activityId":7345079564,"capped":false,"estimatedSweatLossInML":992.0,"duration":3574.698974609375},{"userProfilePK":87578117,"calendarDate":{"date":"Aug 24, 2021 12:00:00 AM"},"persistedTimestampGMT":{"date":"Aug 24, 2021 9:43:09 AM"},"timestampLocal":{"date":"Aug 24, 2021 10:18:02 AM"},"hydrationSource":"GARMIN_ACTIVITY","valueInML":0.0,"activityId":7360073646,"capped":false,"estimatedSweatLossInML":1241.0,"duration":4469.4912109375},{"userProfilePK":87578117,"calendarDate":{"date":"Aug 24, 2021 12:00:00 AM"},"persistedTimestampGMT":{"date":"Aug 24, 2021 10:00:10 AM"},"timestampLocal":{"date":"Aug 24, 2021 11:44:56 AM"},"hydrationSource":"GARMIN_ACTIVITY","valueInML":0.0,"activityId":7360149641,"capped":false,"estimatedSweatLossInML":217.0,"duration":840.8800048828125},{"userProfilePK":87578117,"calendarDate":{"date":"Aug 26, 2021 12:00:00 AM"},"persistedTimestampGMT":{"date":"Aug 26, 2021 11:05:28 AM"},"timestampLocal":{"date":"Aug 26, 2021 11:58:35 AM"},"hydrationSource":"GARMIN_ACTIVITY","valueInML":0.0,"activityId":7372653749,"capped":false,"estimatedSweatLossInML":730.0,"duration":3041.886962890625},{"userProfilePK":87578117,"calendarDate":{"date":"Aug 27, 2021 12:00:00 AM"},"persistedTimestampGMT":{"date":"Aug 27, 2021 11:28:22 AM"},"timestampLocal":{"date":"Aug 27, 2021 10:41:28 AM"},"hydrationSource":"GARMIN_ACTIVITY","valueInML":0.0,"activityId":7378267317,"capped":false,"estimatedSweatLossInML":2138.0,"duration":9829.8095703125},{"userProfilePK":87578117,"calendarDate":{"date":"Aug 31, 2021 12:00:00 AM"},"persistedTimestampGMT":{"date":"Aug 31, 2021 3:48:01 PM"},"timestampLocal":{"date":"Aug 31, 2021 6:37:32 AM"},"hydrationSource":"GARMIN_ACTIVITY","valueInML":0.0,"activityId":7402397225,"capped":false,"estimatedSweatLossInML":502.0,"duration":2564.35693359375},{"userProfilePK":87578117,"calendarDate":{"date":"Sep 7, 2021 12:00:00 AM"},"persistedTimestampGMT":{"date":"Sep 18, 2021 5:57:33 PM"},"timestampLocal":{"date":"Sep 7, 2021 12:02:39 PM"},"hydrationSource":"GARMIN_ACTIVITY","valueInML":0.0,"activityId":7512467809,"capped":false,"estimatedSweatLossInML":1117.0,"duration":4022.73291015625},{"userProfilePK":87578117,"calendarDate":{"date":"Sep 15, 2021 12:00:00 AM"},"persistedTimestampGMT":{"date":"Sep 18, 2021 5:57:43 PM"},"timestampLocal":{"date":"Sep 15, 2021 6:41:32 PM"},"hydrationSource":"GARMIN_ACTIVITY","valueInML":0.0,"activityId":7512468605,"capped":false,"estimatedSweatLossInML":804.0,"duration":2901.095947265625},{"userProfilePK":87578117,"calendarDate":{"date":"Sep 18, 2021 12:00:00 AM"},"persistedTimestampGMT":{"date":"Sep 18, 2021 5:57:58 PM"},"timestampLocal":{"date":"Sep 18, 2021 7:02:36 PM"},"hydrationSource":"GARMIN_ACTIVITY","valueInML":0.0,"activityId":7512469907,"capped":false,"estimatedSweatLossInML":600.0,"duration":2994.22412109375},{"userProfilePK":87578117,"calendarDate":{"date":"Sep 19, 2021 12:00:00 AM"},"persistedTimestampGMT":{"date":"Sep 19, 2021 6:51:58 PM"},"timestampLocal":{"date":"Sep 19, 2021 7:22:26 PM"},"hydrationSource":"GARMIN_ACTIVITY","valueInML":0.0,"activityId":7519151385,"capped":false,"estimatedSweatLossInML":904.0,"duration":4994.001953125},{"userProfilePK":87578117,"calendarDate":{"date":"Sep 21, 2021 12:00:00 AM"},"persistedTimestampGMT":{"date":"Sep 21, 2021 7:01:55 PM"},"timestampLocal":{"date":"Sep 21, 2021 8:40:59 PM"},"hydrationSource":"GARMIN_ACTIVITY","valueInML":0.0,"activityId":7530320704,"capped":false,"estimatedSweatLossInML":108.0,"duration":540.0},{"userProfilePK":87578117,"calendarDate":{"date":"Sep 23, 2021 12:00:00 AM"},"persistedTimestampGMT":{"date":"Sep 23, 2021 1:10:18 PM"},"timestampLocal":{"date":"Sep 23, 2021 2:03:58 PM"},"hydrationSource":"GARMIN_ACTIVITY","valueInML":0.0,"activityId":7539812122,"capped":false,"estimatedSweatLossInML":441.0,"duration":1808.0260009765625},{"userProfilePK":87578117,"calendarDate":{"date":"Sep 23, 2021 12:00:00 AM"},"persistedTimestampGMT":{"date":"Sep 23, 2021 1:10:29 PM"},"timestampLocal":{"date":"Sep 23, 2021 2:36:27 PM"},"hydrationSource":"GARMIN_ACTIVITY","valueInML":0.0,"activityId":7539812941,"capped":false,"estimatedSweatLossInML":312.0,"duration":1593.9000244140625},{"userProfilePK":87578117,"calendarDate":{"date":"Sep 25, 2021 12:00:00 AM"},"persistedTimestampGMT":{"date":"Sep 25, 2021 10:40:34 AM"},"timestampLocal":{"date":"Sep 25, 2021 11:05:45 AM"},"hydrationSource":"GARMIN_ACTIVITY","valueInML":0.0,"activityId":7550047977,"capped":false,"estimatedSweatLossInML":1481.0,"duration":5400.0},{"userProfilePK":87578117,"calendarDate":{"date":"Sep 26, 2021 12:00:00 AM"},"persistedTimestampGMT":{"date":"Sep 29, 2021 4:23:31 PM"},"timestampLocal":{"date":"Sep 26, 2021 7:15:17 PM"},"hydrationSource":"GARMIN_ACTIVITY","valueInML":0.0,"activityId":7575051148,"capped":false,"estimatedSweatLossInML":120.0,"duration":450.7749938964844},{"userProfilePK":87578117,"calendarDate":{"date":"Sep 29, 2021 12:00:00 AM"},"persistedTimestampGMT":{"date":"Sep 29, 2021 5:23:35 PM"},"timestampLocal":{"date":"Sep 29, 2021 6:31:24 PM"},"hydrationSource":"GARMIN_ACTIVITY","valueInML":0.0,"activityId":7575441733,"capped":false,"estimatedSweatLossInML":557.0,"duration":2400.0},{"userProfilePK":87578117,"calendarDate":{"date":"Sep 30, 2021 12:00:00 AM"},"persistedTimestampGMT":{"date":"Sep 30, 2021 3:32:14 PM"},"timestampLocal":{"date":"Sep 30, 2021 10:08:05 AM"},"hydrationSource":"GARMIN_ACTIVITY","valueInML":0.0,"activityId":7580140794,"capped":false,"estimatedSweatLossInML":298.0,"duration":1444.9720458984375},{"userProfilePK":87578117,"calendarDate":{"date":"Sep 30, 2021 12:00:00 AM"},"persistedTimestampGMT":{"date":"Sep 30, 2021 3:32:18 PM"},"timestampLocal":{"date":"Sep 30, 2021 11:21:30 AM"},"hydrationSource":"GARMIN_ACTIVITY","valueInML":0.0,"activityId":7580141062,"capped":false,"estimatedSweatLossInML":103.0,"duration":532.1539916992188},{"userProfilePK":87578117,"calendarDate":{"date":"Sep 30, 2021 12:00:00 AM"},"persistedTimestampGMT":{"date":"Sep 30, 2021 3:32:20 PM"},"timestampLocal":{"date":"Sep 30, 2021 5:22:02 PM"},"hydrationSource":"GARMIN_ACTIVITY","valueInML":0.0,"activityId":7580141248,"capped":false,"estimatedSweatLossInML":46.0,"duration":310.8500061035156},{"userProfilePK":87578117,"calendarDate":{"date":"Sep 30, 2021 12:00:00 AM"},"persistedTimestampGMT":{"date":"Sep 30, 2021 4:32:34 PM"},"timestampLocal":{"date":"Sep 30, 2021 5:41:32 PM"},"hydrationSource":"GARMIN_ACTIVITY","valueInML":0.0,"activityId":7580474985,"capped":false,"estimatedSweatLossInML":581.0,"duration":2700.0},{"userProfilePK":87578117,"calendarDate":{"date":"Oct 2, 2021 12:00:00 AM"},"persistedTimestampGMT":{"date":"Oct 2, 2021 9:08:32 AM"},"timestampLocal":{"date":"Oct 2, 2021 9:35:01 AM"},"hydrationSource":"GARMIN_ACTIVITY","valueInML":0.0,"activityId":7588745122,"capped":false,"estimatedSweatLossInML":993.0,"duration":5103.18896484375},{"userProfilePK":87578117,"calendarDate":{"date":"Oct 4, 2021 12:00:00 AM"},"persistedTimestampGMT":{"date":"Oct 4, 2021 11:05:44 AM"},"timestampLocal":{"date":"Oct 4, 2021 8:43:25 AM"},"hydrationSource":"GARMIN_ACTIVITY","valueInML":0.0,"activityId":7600611932,"capped":false,"estimatedSweatLossInML":186.0,"duration":1318.8270263671875},{"userProfilePK":87578117,"calendarDate":{"date":"Oct 4, 2021 12:00:00 AM"},"persistedTimestampGMT":{"date":"Oct 4, 2021 3:19:56 PM"},"timestampLocal":{"date":"Oct 4, 2021 5:01:36 PM"},"hydrationSource":"GARMIN_ACTIVITY","valueInML":0.0,"activityId":7601764979,"capped":false,"estimatedSweatLossInML":196.0,"duration":927.0689697265625},{"userProfilePK":87578117,"calendarDate":{"date":"Oct 5, 2021 12:00:00 AM"},"persistedTimestampGMT":{"date":"Oct 5, 2021 7:42:30 AM"},"timestampLocal":{"date":"Oct 5, 2021 8:32:25 AM"},"hydrationSource":"GARMIN_ACTIVITY","valueInML":0.0,"activityId":7605294526,"capped":false,"estimatedSweatLossInML":216.0,"duration":1471.0400390625},{"userProfilePK":87578117,"calendarDate":{"date":"Oct 5, 2021 12:00:00 AM"},"persistedTimestampGMT":{"date":"Oct 5, 2021 3:35:01 PM"},"timestampLocal":{"date":"Oct 5, 2021 5:12:25 PM"},"hydrationSource":"GARMIN_ACTIVITY","valueInML":0.0,"activityId":7607336708,"capped":false,"estimatedSweatLossInML":164.0,"duration":1038.6820068359375},{"userProfilePK":87578117,"calendarDate":{"date":"Oct 5, 2021 12:00:00 AM"},"persistedTimestampGMT":{"date":"Oct 5, 2021 4:24:38 PM"},"timestampLocal":{"date":"Oct 5, 2021 5:38:50 PM"},"hydrationSource":"GARMIN_ACTIVITY","valueInML":0.0,"activityId":7607614683,"capped":false,"estimatedSweatLossInML":475.0,"duration":2402.43408203125},{"userProfilePK":87578117,"calendarDate":{"date":"Oct 6, 2021 12:00:00 AM"},"persistedTimestampGMT":{"date":"Oct 6, 2021 7:04:55 AM"},"timestampLocal":{"date":"Oct 6, 2021 8:33:47 AM"},"hydrationSource":"GARMIN_ACTIVITY","valueInML":0.0,"activityId":7610790447,"capped":false,"estimatedSweatLossInML":220.0,"duration":1244.343017578125},{"userProfilePK":87578117,"calendarDate":{"date":"Oct 7, 2021 12:00:00 AM"},"persistedTimestampGMT":{"date":"Oct 7, 2021 9:36:48 AM"},"timestampLocal":{"date":"Oct 7, 2021 8:37:01 AM"},"hydrationSource":"GARMIN_ACTIVITY","valueInML":0.0,"activityId":7616743363,"capped":false,"estimatedSweatLossInML":192.0,"duration":1077.10595703125},{"userProfilePK":87578117,"calendarDate":{"date":"Oct 7, 2021 12:00:00 AM"},"persistedTimestampGMT":{"date":"Oct 7, 2021 3:24:19 PM"},"timestampLocal":{"date":"Oct 7, 2021 4:58:22 PM"},"hydrationSource":"GARMIN_ACTIVITY","valueInML":0.0,"activityId":7618352497,"capped":false,"estimatedSweatLossInML":172.0,"duration":1095.448974609375},{"userProfilePK":87578117,"calendarDate":{"date":"Oct 7, 2021 12:00:00 AM"},"persistedTimestampGMT":{"date":"Oct 7, 2021 4:41:03 PM"},"timestampLocal":{"date":"Oct 7, 2021 5:56:49 PM"},"hydrationSource":"GARMIN_ACTIVITY","valueInML":0.0,"activityId":7618791718,"capped":false,"estimatedSweatLossInML":472.0,"duration":2399.9990234375},{"userProfilePK":87578117,"calendarDate":{"date":"Oct 8, 2021 12:00:00 AM"},"persistedTimestampGMT":{"date":"Oct 8, 2021 10:57:34 AM"},"timestampLocal":{"date":"Oct 8, 2021 8:37:15 AM"},"hydrationSource":"GARMIN_ACTIVITY","valueInML":0.0,"activityId":7622421117,"capped":false,"estimatedSweatLossInML":251.0,"duration":1343.009033203125},{"userProfilePK":87578117,"calendarDate":{"date":"Oct 8, 2021 12:00:00 AM"},"persistedTimestampGMT":{"date":"Oct 8, 2021 3:22:58 PM"},"timestampLocal":{"date":"Oct 8, 2021 5:01:24 PM"},"hydrationSource":"GARMIN_ACTIVITY","valueInML":0.0,"activityId":7623701025,"capped":false,"estimatedSweatLossInML":212.0,"duration":1098.333984375},{"userProfilePK":87578117,"calendarDate":{"date":"Oct 8, 2021 12:00:00 AM"},"persistedTimestampGMT":{"date":"Oct 8, 2021 4:15:59 PM"},"timestampLocal":{"date":"Oct 8, 2021 5:29:49 PM"},"hydrationSource":"GARMIN_ACTIVITY","valueInML":0.0,"activityId":7623988783,"capped":false,"estimatedSweatLossInML":495.0,"duration":2499.218017578125},{"userProfilePK":87578117,"calendarDate":{"date":"Oct 9, 2021 12:00:00 AM"},"persistedTimestampGMT":{"date":"Oct 9, 2021 7:54:58 AM"},"timestampLocal":{"date":"Oct 9, 2021 8:50:44 AM"},"hydrationSource":"GARMIN_ACTIVITY","valueInML":0.0,"activityId":7626762883,"capped":false,"estimatedSweatLossInML":900.0,"duration":3823.05908203125},{"userProfilePK":87578117,"calendarDate":{"date":"Oct 10, 2021 12:00:00 AM"},"persistedTimestampGMT":{"date":"Oct 10, 2021 4:09:02 PM"},"timestampLocal":{"date":"Oct 10, 2021 4:22:34 PM"},"hydrationSource":"GARMIN_ACTIVITY","valueInML":0.0,"activityId":7635801308,"capped":false,"estimatedSweatLossInML":1347.0,"duration":6002.0791015625},{"userProfilePK":87578117,"calendarDate":{"date":"Oct 11, 2021 12:00:00 AM"},"persistedTimestampGMT":{"date":"Oct 11, 2021 7:10:18 AM"},"timestampLocal":{"date":"Oct 11, 2021 8:44:17 AM"},"hydrationSource":"GARMIN_ACTIVITY","valueInML":0.0,"activityId":7638387953,"capped":false,"estimatedSweatLossInML":233.0,"duration":1416.4189453125},{"userProfilePK":87578117,"calendarDate":{"date":"Oct 11, 2021 12:00:00 AM"},"persistedTimestampGMT":{"date":"Oct 11, 2021 3:24:26 PM"},"timestampLocal":{"date":"Oct 11, 2021 4:55:23 PM"},"hydrationSource":"GARMIN_ACTIVITY","valueInML":0.0,"activityId":7640361488,"capped":false,"estimatedSweatLossInML":235.0,"duration":1287.947998046875},{"userProfilePK":87578117,"calendarDate":{"date":"Oct 12, 2021 12:00:00 AM"},"persistedTimestampGMT":{"date":"Oct 12, 2021 1:21:57 PM"},"timestampLocal":{"date":"Oct 12, 2021 8:38:47 AM"},"hydrationSource":"GARMIN_ACTIVITY","valueInML":0.0,"activityId":7645236348,"capped":false,"estimatedSweatLossInML":164.0,"duration":1243.489013671875},{"userProfilePK":87578117,"calendarDate":{"date":"Oct 12, 2021 12:00:00 AM"},"persistedTimestampGMT":{"date":"Oct 12, 2021 3:30:40 PM"},"timestampLocal":{"date":"Oct 12, 2021 5:05:44 PM"},"hydrationSource":"GARMIN_ACTIVITY","valueInML":0.0,"activityId":7645847903,"capped":false,"estimatedSweatLossInML":186.0,"duration":1155.18798828125},{"userProfilePK":87578117,"calendarDate":{"date":"Oct 12, 2021 12:00:00 AM"},"persistedTimestampGMT":{"date":"Oct 12, 2021 4:20:17 PM"},"timestampLocal":{"date":"Oct 12, 2021 5:33:23 PM"},"hydrationSource":"GARMIN_ACTIVITY","valueInML":0.0,"activityId":7646127803,"capped":false,"estimatedSweatLossInML":464.0,"duration":2704.535888671875},{"userProfilePK":87578117,"calendarDate":{"date":"Oct 13, 2021 12:00:00 AM"},"persistedTimestampGMT":{"date":"Oct 13, 2021 7:14:08 AM"},"timestampLocal":{"date":"Oct 13, 2021 8:36:28 AM"},"hydrationSource":"GARMIN_ACTIVITY","valueInML":0.0,"activityId":7649149551,"capped":false,"estimatedSweatLossInML":161.0,"duration":1172.4840087890625},{"userProfilePK":87578117,"calendarDate":{"date":"Oct 13, 2021 12:00:00 AM"},"persistedTimestampGMT":{"date":"Oct 13, 2021 3:32:45 PM"},"timestampLocal":{"date":"Oct 13, 2021 5:04:40 PM"},"hydrationSource":"GARMIN_ACTIVITY","valueInML":0.0,"activityId":7651224439,"capped":false,"estimatedSweatLossInML":191.0,"duration":1291.02294921875},{"userProfilePK":87578117,"calendarDate":{"date":"Oct 13, 2021 12:00:00 AM"},"persistedTimestampGMT":{"date":"Oct 13, 2021 7:01:15 PM"},"timestampLocal":{"date":"Oct 13, 2021 8:06:43 PM"},"hydrationSource":"GARMIN_ACTIVITY","valueInML":0.0,"activityId":7652460772,"capped":false,"estimatedSweatLossInML":478.0,"duration":3001.844970703125},{"userProfilePK":87578117,"calendarDate":{"date":"Oct 14, 2021 12:00:00 AM"},"persistedTimestampGMT":{"date":"Oct 14, 2021 3:36:39 PM"},"timestampLocal":{"date":"Oct 14, 2021 8:36:30 AM"},"hydrationSource":"GARMIN_ACTIVITY","valueInML":0.0,"activityId":7656521308,"capped":false,"estimatedSweatLossInML":206.0,"duration":1210.5849609375},{"userProfilePK":87578117,"calendarDate":{"date":"Oct 14, 2021 12:00:00 AM"},"persistedTimestampGMT":{"date":"Oct 14, 2021 3:36:41 PM"},"timestampLocal":{"date":"Oct 14, 2021 5:13:46 PM"},"hydrationSource":"GARMIN_ACTIVITY","valueInML":0.0,"activityId":7656521467,"capped":false,"estimatedSweatLossInML":199.0,"duration":1036.4610595703125},{"userProfilePK":87578117,"calendarDate":{"date":"Oct 14, 2021 12:00:00 AM"},"persistedTimestampGMT":{"date":"Oct 14, 2021 4:23:22 PM"},"timestampLocal":{"date":"Oct 14, 2021 5:38:54 PM"},"hydrationSource":"GARMIN_ACTIVITY","valueInML":0.0,"activityId":7656775593,"capped":false,"estimatedSweatLossInML":466.0,"duration":2513.64404296875},{"userProfilePK":87578117,"calendarDate":{"date":"Oct 15, 2021 12:00:00 AM"},"persistedTimestampGMT":{"date":"Oct 15, 2021 7:09:14 AM"},"timestampLocal":{"date":"Oct 15, 2021 8:41:10 AM"},"hydrationSource":"GARMIN_ACTIVITY","valueInML":0.0,"activityId":7659628994,"capped":false,"estimatedSweatLossInML":194.0,"duration":1279.2030029296875},{"userProfilePK":87578117,"calendarDate":{"date":"Oct 15, 2021 12:00:00 AM"},"persistedTimestampGMT":{"date":"Oct 15, 2021 1:50:31 PM"},"timestampLocal":{"date":"Oct 15, 2021 2:50:45 PM"},"hydrationSource":"GARMIN_ACTIVITY","valueInML":0.0,"activityId":7661161157,"capped":false,"estimatedSweatLossInML":202.0,"duration":1134.8609619140625},{"userProfilePK":87578117,"calendarDate":{"date":"Oct 16, 2021 12:00:00 AM"},"persistedTimestampGMT":{"date":"Oct 16, 2021 9:39:32 AM"},"timestampLocal":{"date":"Oct 16, 2021 10:42:22 AM"},"hydrationSource":"GARMIN_ACTIVITY","valueInML":0.0,"activityId":7665089855,"capped":false,"estimatedSweatLossInML":553.0,"duration":3396.637939453125},{"userProfilePK":87578117,"calendarDate":{"date":"Oct 17, 2021 12:00:00 AM"},"persistedTimestampGMT":{"date":"Oct 17, 2021 9:23:39 AM"},"timestampLocal":{"date":"Oct 17, 2021 9:49:32 AM"},"hydrationSource":"GARMIN_ACTIVITY","valueInML":0.0,"activityId":7670578483,"capped":false,"estimatedSweatLossInML":973.0,"duration":5402.76123046875},{"userProfilePK":87578117,"calendarDate":{"date":"Oct 18, 2021 12:00:00 AM"},"persistedTimestampGMT":{"date":"Oct 18, 2021 1:40:16 PM"},"timestampLocal":{"date":"Oct 18, 2021 9:36:11 AM"},"hydrationSource":"GARMIN_ACTIVITY","valueInML":0.0,"activityId":7677479990,"capped":false,"estimatedSweatLossInML":152.0,"duration":1085.0260009765625},{"userProfilePK":87578117,"calendarDate":{"date":"Oct 18, 2021 12:00:00 AM"},"persistedTimestampGMT":{"date":"Oct 18, 2021 3:29:16 PM"},"timestampLocal":{"date":"Oct 18, 2021 5:06:30 PM"},"hydrationSource":"GARMIN_ACTIVITY","valueInML":0.0,"activityId":7677984067,"capped":false,"estimatedSweatLossInML":236.0,"duration":1335.1929931640625},{"userProfilePK":87578117,"calendarDate":{"date":"Oct 19, 2021 12:00:00 AM"},"persistedTimestampGMT":{"date":"Oct 19, 2021 9:18:50 AM"},"timestampLocal":{"date":"Oct 19, 2021 8:38:48 AM"},"hydrationSource":"GARMIN_ACTIVITY","valueInML":0.0,"activityId":7681602539,"capped":false,"estimatedSweatLossInML":275.0,"duration":1659.821044921875},{"userProfilePK":87578117,"calendarDate":{"date":"Oct 19, 2021 12:00:00 AM"},"persistedTimestampGMT":{"date":"Oct 19, 2021 3:24:50 PM"},"timestampLocal":{"date":"Oct 19, 2021 1:24:45 PM"},"hydrationSource":"GARMIN_ACTIVITY","valueInML":0.0,"activityId":7683295428,"capped":false,"estimatedSweatLossInML":257.0,"duration":1309.85205078125},{"userProfilePK":87578117,"calendarDate":{"date":"Oct 19, 2021 12:00:00 AM"},"persistedTimestampGMT":{"date":"Oct 19, 2021 3:24:52 PM"},"timestampLocal":{"date":"Oct 19, 2021 5:00:04 PM"},"hydrationSource":"GARMIN_ACTIVITY","valueInML":0.0,"activityId":7683295612,"capped":false,"estimatedSweatLossInML":220.0,"duration":1116.68603515625},{"userProfilePK":87578117,"calendarDate":{"date":"Oct 19, 2021 12:00:00 AM"},"persistedTimestampGMT":{"date":"Oct 19, 2021 4:13:32 PM"},"timestampLocal":{"date":"Oct 19, 2021 5:29:29 PM"},"hydrationSource":"GARMIN_ACTIVITY","valueInML":0.0,"activityId":7683569789,"capped":false,"estimatedSweatLossInML":500.0,"duration":2608.4189453125},{"userProfilePK":87578117,"calendarDate":{"date":"Oct 20, 2021 12:00:00 AM"},"persistedTimestampGMT":{"date":"Oct 20, 2021 5:50:31 AM"},"timestampLocal":{"date":"Oct 20, 2021 7:06:10 AM"},"hydrationSource":"GARMIN_ACTIVITY","valueInML":0.0,"activityId":7686498081,"capped":false,"estimatedSweatLossInML":404.0,"duration":2326.7060546875},{"userProfilePK":87578117,"calendarDate":{"date":"Oct 20, 2021 12:00:00 AM"},"persistedTimestampGMT":{"date":"Oct 20, 2021 9:54:26 AM"},"timestampLocal":{"date":"Oct 20, 2021 8:35:55 AM"},"hydrationSource":"GARMIN_ACTIVITY","valueInML":0.0,"activityId":7687256882,"capped":false,"estimatedSweatLossInML":219.0,"duration":1160.946044921875},{"userProfilePK":87578117,"calendarDate":{"date":"Oct 20, 2021 12:00:00 AM"},"persistedTimestampGMT":{"date":"Oct 20, 2021 4:40:16 PM"},"timestampLocal":{"date":"Oct 20, 2021 5:11:20 PM"},"hydrationSource":"GARMIN_ACTIVITY","valueInML":0.0,"activityId":7689255520,"capped":false,"estimatedSweatLossInML":282.0,"duration":1408.779052734375},{"userProfilePK":87578117,"calendarDate":{"date":"Oct 21, 2021 12:00:00 AM"},"persistedTimestampGMT":{"date":"Oct 21, 2021 7:03:55 AM"},"timestampLocal":{"date":"Oct 21, 2021 8:38:32 AM"},"hydrationSource":"GARMIN_ACTIVITY","valueInML":0.0,"activityId":7692017290,"capped":false,"estimatedSweatLossInML":184.0,"duration":1291.0570068359375},{"userProfilePK":87578117,"calendarDate":{"date":"Oct 21, 2021 12:00:00 AM"},"persistedTimestampGMT":{"date":"Oct 21, 2021 3:23:51 PM"},"timestampLocal":{"date":"Oct 21, 2021 5:03:21 PM"},"hydrationSource":"GARMIN_ACTIVITY","valueInML":0.0,"activityId":7693913715,"capped":false,"estimatedSweatLossInML":182.0,"duration":1128.698974609375},{"userProfilePK":87578117,"calendarDate":{"date":"Oct 21, 2021 12:00:00 AM"},"persistedTimestampGMT":{"date":"Oct 21, 2021 4:26:06 PM"},"timestampLocal":{"date":"Oct 21, 2021 5:33:54 PM"},"hydrationSource":"GARMIN_ACTIVITY","valueInML":0.0,"activityId":7694217786,"capped":false,"estimatedSweatLossInML":410.0,"duration":2402.041015625},{"userProfilePK":87578117,"calendarDate":{"date":"Oct 22, 2021 12:00:00 AM"},"persistedTimestampGMT":{"date":"Oct 22, 2021 8:08:29 AM"},"timestampLocal":{"date":"Oct 22, 2021 8:37:58 AM"},"hydrationSource":"GARMIN_ACTIVITY","valueInML":0.0,"activityId":7697057531,"capped":false,"estimatedSweatLossInML":184.0,"duration":1101.4739990234375},{"userProfilePK":87578117,"calendarDate":{"date":"Oct 22, 2021 12:00:00 AM"},"persistedTimestampGMT":{"date":"Oct 22, 2021 4:02:07 PM"},"timestampLocal":{"date":"Oct 22, 2021 5:03:11 PM"},"hydrationSource":"GARMIN_ACTIVITY","valueInML":0.0,"activityId":7698947113,"capped":false,"estimatedSweatLossInML":301.0,"duration":2343.655029296875},{"userProfilePK":87578117,"calendarDate":{"date":"Oct 23, 2021 12:00:00 AM"},"persistedTimestampGMT":{"date":"Oct 23, 2021 3:29:52 PM"},"timestampLocal":{"date":"Oct 23, 2021 3:06:25 PM"},"hydrationSource":"GARMIN_ACTIVITY","valueInML":0.0,"activityId":7704152803,"capped":false,"estimatedSweatLossInML":386.0,"duration":3007.998046875},{"userProfilePK":87578117,"calendarDate":{"date":"Oct 23, 2021 12:00:00 AM"},"persistedTimestampGMT":{"date":"Oct 23, 2021 3:29:54 PM"},"timestampLocal":{"date":"Oct 23, 2021 4:29:39 PM"},"hydrationSource":"GARMIN_ACTIVITY","valueInML":0.0,"activityId":7704152928,"capped":false,"estimatedSweatLossInML":411.0,"duration":3033.4130859375},{"userProfilePK":87578117,"calendarDate":{"date":"Oct 23, 2021 12:00:00 AM"},"persistedTimestampGMT":{"date":"Oct 23, 2021 4:34:03 PM"},"timestampLocal":{"date":"Oct 23, 2021 5:54:48 PM"},"hydrationSource":"GARMIN_ACTIVITY","valueInML":0.0,"activityId":7704548336,"capped":false,"estimatedSweatLossInML":346.0,"duration":2010.2230224609375},{"userProfilePK":87578117,"calendarDate":{"date":"Oct 24, 2021 12:00:00 AM"},"persistedTimestampGMT":{"date":"Oct 24, 2021 10:10:04 AM"},"timestampLocal":{"date":"Oct 24, 2021 10:13:19 AM"},"hydrationSource":"GARMIN_ACTIVITY","valueInML":0.0,"activityId":7707816280,"capped":false,"estimatedSweatLossInML":792.0,"duration":5099.998046875},{"userProfilePK":87578117,"calendarDate":{"date":"Oct 25, 2021 12:00:00 AM"},"persistedTimestampGMT":{"date":"Oct 25, 2021 3:34:54 PM"},"timestampLocal":{"date":"Oct 25, 2021 8:41:48 AM"},"hydrationSource":"GARMIN_ACTIVITY","valueInML":0.0,"activityId":7714647962,"capped":false,"estimatedSweatLossInML":168.0,"duration":1250.781982421875},{"userProfilePK":87578117,"calendarDate":{"date":"Oct 25, 2021 12:00:00 AM"},"persistedTimestampGMT":{"date":"Oct 25, 2021 3:34:57 PM"},"timestampLocal":{"date":"Oct 25, 2021 5:10:23 PM"},"hydrationSource":"GARMIN_ACTIVITY","valueInML":0.0,"activityId":7714648210,"capped":false,"estimatedSweatLossInML":224.0,"duration":1431.0909423828125},{"userProfilePK":87578117,"calendarDate":{"date":"Oct 26, 2021 12:00:00 AM"},"persistedTimestampGMT":{"date":"Oct 26, 2021 4:20:03 PM"},"timestampLocal":{"date":"Oct 26, 2021 8:33:06 AM"},"hydrationSource":"GARMIN_ACTIVITY","valueInML":0.0,"activityId":7720151058,"capped":false,"estimatedSweatLossInML":142.0,"duration":1131.491943359375},{"userProfilePK":87578117,"calendarDate":{"date":"Oct 26, 2021 12:00:00 AM"},"persistedTimestampGMT":{"date":"Oct 26, 2021 4:20:05 PM"},"timestampLocal":{"date":"Oct 26, 2021 10:38:29 AM"},"hydrationSource":"GARMIN_ACTIVITY","valueInML":0.0,"activityId":7720151165,"capped":false,"estimatedSweatLossInML":116.0,"duration":817.5980224609375},{"userProfilePK":87578117,"calendarDate":{"date":"Oct 26, 2021 12:00:00 AM"},"persistedTimestampGMT":{"date":"Oct 26, 2021 4:20:06 PM"},"timestampLocal":{"date":"Oct 26, 2021 12:04:06 PM"},"hydrationSource":"GARMIN_ACTIVITY","valueInML":0.0,"activityId":7720151262,"capped":false,"estimatedSweatLossInML":156.0,"duration":888.1439819335938},{"userProfilePK":87578117,"calendarDate":{"date":"Oct 26, 2021 12:00:00 AM"},"persistedTimestampGMT":{"date":"Oct 26, 2021 4:20:07 PM"},"timestampLocal":{"date":"Oct 26, 2021 5:06:41 PM"},"hydrationSource":"GARMIN_ACTIVITY","valueInML":0.0,"activityId":7720151400,"capped":false,"estimatedSweatLossInML":210.0,"duration":1265.1199951171875},{"userProfilePK":87578117,"calendarDate":{"date":"Oct 26, 2021 12:00:00 AM"},"persistedTimestampGMT":{"date":"Oct 26, 2021 4:20:13 PM"},"timestampLocal":{"date":"Oct 26, 2021 5:36:45 PM"},"hydrationSource":"GARMIN_ACTIVITY","valueInML":0.0,"activityId":7720151942,"capped":false,"estimatedSweatLossInML":391.0,"duration":2262.093017578125},{"userProfilePK":87578117,"calendarDate":{"date":"Oct 27, 2021 12:00:00 AM"},"persistedTimestampGMT":{"date":"Oct 27, 2021 3:34:12 PM"},"timestampLocal":{"date":"Oct 27, 2021 8:35:58 AM"},"hydrationSource":"GARMIN_ACTIVITY","valueInML":0.0,"activityId":7725240015,"capped":false,"estimatedSweatLossInML":164.0,"duration":1258.6190185546875},{"userProfilePK":87578117,"calendarDate":{"date":"Oct 27, 2021 12:00:00 AM"},"persistedTimestampGMT":{"date":"Oct 27, 2021 3:34:13 PM"},"timestampLocal":{"date":"Oct 27, 2021 5:09:05 PM"},"hydrationSource":"GARMIN_ACTIVITY","valueInML":0.0,"activityId":7725240133,"capped":false,"estimatedSweatLossInML":211.0,"duration":1123.541015625},{"userProfilePK":87578117,"calendarDate":{"date":"Oct 27, 2021 12:00:00 AM"},"persistedTimestampGMT":{"date":"Oct 28, 2021 3:31:25 PM"},"timestampLocal":{"date":"Oct 27, 2021 8:13:27 PM"},"hydrationSource":"GARMIN_ACTIVITY","valueInML":0.0,"activityId":7730412980,"capped":false,"estimatedSweatLossInML":61.0,"duration":488.4700012207031},{"userProfilePK":87578117,"calendarDate":{"date":"Oct 28, 2021 12:00:00 AM"},"persistedTimestampGMT":{"date":"Oct 28, 2021 3:31:27 PM"},"timestampLocal":{"date":"Oct 28, 2021 8:34:52 AM"},"hydrationSource":"GARMIN_ACTIVITY","valueInML":0.0,"activityId":7730413132,"capped":false,"estimatedSweatLossInML":166.0,"duration":1086.905029296875},{"userProfilePK":87578117,"calendarDate":{"date":"Oct 28, 2021 12:00:00 AM"},"persistedTimestampGMT":{"date":"Oct 28, 2021 3:31:28 PM"},"timestampLocal":{"date":"Oct 28, 2021 5:07:00 PM"},"hydrationSource":"GARMIN_ACTIVITY","valueInML":0.0,"activityId":7730413253,"capped":false,"estimatedSweatLossInML":187.0,"duration":1133.572021484375},{"userProfilePK":87578117,"calendarDate":{"date":"Oct 28, 2021 12:00:00 AM"},"persistedTimestampGMT":{"date":"Oct 28, 2021 4:18:07 PM"},"timestampLocal":{"date":"Oct 28, 2021 5:32:05 PM"},"hydrationSource":"GARMIN_ACTIVITY","valueInML":0.0,"activityId":7730675378,"capped":false,"estimatedSweatLossInML":436.0,"duration":2400.284912109375},{"userProfilePK":87578117,"calendarDate":{"date":"Oct 30, 2021 12:00:00 AM"},"persistedTimestampGMT":{"date":"Oct 30, 2021 6:08:40 PM"},"timestampLocal":{"date":"Oct 30, 2021 7:12:25 PM"},"hydrationSource":"GARMIN_ACTIVITY","valueInML":0.0,"activityId":7741169979,"capped":false,"estimatedSweatLossInML":449.0,"duration":2612.110107421875},{"userProfilePK":87578117,"calendarDate":{"date":"Oct 31, 2021 12:00:00 AM"},"persistedTimestampGMT":{"date":"Oct 31, 2021 5:27:16 PM"},"timestampLocal":{"date":"Oct 31, 2021 5:50:57 PM"},"hydrationSource":"GARMIN_ACTIVITY","valueInML":0.0,"activityId":7747038479,"capped":false,"estimatedSweatLossInML":315.0,"duration":1821.592041015625},{"userProfilePK":87578117,"calendarDate":{"date":"Nov 2, 2021 12:00:00 AM"},"persistedTimestampGMT":{"date":"Nov 2, 2021 4:52:44 PM"},"timestampLocal":{"date":"Nov 2, 2021 8:35:56 AM"},"hydrationSource":"GARMIN_ACTIVITY","valueInML":0.0,"activityId":7756825629,"capped":false,"estimatedSweatLossInML":182.0,"duration":1107.029052734375},{"userProfilePK":87578117,"calendarDate":{"date":"Nov 2, 2021 12:00:00 AM"},"persistedTimestampGMT":{"date":"Nov 2, 2021 4:52:50 PM"},"timestampLocal":{"date":"Nov 2, 2021 5:07:25 PM"},"hydrationSource":"GARMIN_ACTIVITY","valueInML":0.0,"activityId":7756826268,"capped":false,"estimatedSweatLossInML":165.0,"duration":1113.31494140625},{"userProfilePK":87578117,"calendarDate":{"date":"Nov 2, 2021 12:00:00 AM"},"persistedTimestampGMT":{"date":"Nov 2, 2021 9:13:20 PM"},"timestampLocal":{"date":"Nov 2, 2021 8:31:48 PM"},"hydrationSource":"GARMIN_ACTIVITY","valueInML":0.0,"activityId":7758210772,"capped":false,"estimatedSweatLossInML":932.0,"duration":5447.69384765625},{"userProfilePK":87578117,"calendarDate":{"date":"Nov 3, 2021 12:00:00 AM"},"persistedTimestampGMT":{"date":"Nov 3, 2021 4:33:27 PM"},"timestampLocal":{"date":"Nov 3, 2021 8:38:38 AM"},"hydrationSource":"GARMIN_ACTIVITY","valueInML":0.0,"activityId":7761982373,"capped":false,"estimatedSweatLossInML":168.0,"duration":1312.7740478515625},{"userProfilePK":87578117,"calendarDate":{"date":"Nov 3, 2021 12:00:00 AM"},"persistedTimestampGMT":{"date":"Nov 3, 2021 4:33:28 PM"},"timestampLocal":{"date":"Nov 3, 2021 5:04:41 PM"},"hydrationSource":"GARMIN_ACTIVITY","valueInML":0.0,"activityId":7761982479,"capped":false,"estimatedSweatLossInML":153.0,"duration":1270.4110107421875},{"userProfilePK":87578117,"calendarDate":{"date":"Nov 4, 2021 12:00:00 AM"},"persistedTimestampGMT":{"date":"Nov 5, 2021 4:00:54 PM"},"timestampLocal":{"date":"Nov 4, 2021 8:36:54 AM"},"hydrationSource":"GARMIN_ACTIVITY","valueInML":0.0,"activityId":7771692019,"capped":false,"estimatedSweatLossInML":168.0,"duration":946.9130249023438},{"userProfilePK":87578117,"calendarDate":{"date":"Nov 4, 2021 12:00:00 AM"},"persistedTimestampGMT":{"date":"Nov 5, 2021 4:00:54 PM"},"timestampLocal":{"date":"Nov 4, 2021 5:04:47 PM"},"hydrationSource":"GARMIN_ACTIVITY","valueInML":0.0,"activityId":7771692098,"capped":false,"estimatedSweatLossInML":167.0,"duration":1013.1699829101562},{"userProfilePK":87578117,"calendarDate":{"date":"Nov 4, 2021 12:00:00 AM"},"persistedTimestampGMT":{"date":"Nov 5, 2021 4:00:55 PM"},"timestampLocal":{"date":"Nov 4, 2021 5:29:46 PM"},"hydrationSource":"GARMIN_ACTIVITY","valueInML":0.0,"activityId":7771692182,"capped":false,"estimatedSweatLossInML":258.0,"duration":1670.199951171875},{"userProfilePK":87578117,"calendarDate":{"date":"Nov 5, 2021 12:00:00 AM"},"persistedTimestampGMT":{"date":"Nov 5, 2021 4:00:56 PM"},"timestampLocal":{"date":"Nov 5, 2021 8:28:46 AM"},"hydrationSource":"GARMIN_ACTIVITY","valueInML":0.0,"activityId":7771692259,"capped":false,"estimatedSweatLossInML":172.0,"duration":1167.4949951171875},{"userProfilePK":87578117,"calendarDate":{"date":"Nov 5, 2021 12:00:00 AM"},"persistedTimestampGMT":{"date":"Nov 5, 2021 4:00:58 PM"},"timestampLocal":{"date":"Nov 5, 2021 4:34:07 PM"},"hydrationSource":"GARMIN_ACTIVITY","valueInML":0.0,"activityId":7771692351,"capped":false,"estimatedSweatLossInML":174.0,"duration":1338.029052734375},{"userProfilePK":87578117,"calendarDate":{"date":"Nov 8, 2021 12:00:00 AM"},"persistedTimestampGMT":{"date":"Nov 8, 2021 4:27:20 PM"},"timestampLocal":{"date":"Nov 8, 2021 8:36:09 AM"},"hydrationSource":"GARMIN_ACTIVITY","valueInML":0.0,"activityId":7787525632,"capped":false,"estimatedSweatLossInML":254.0,"duration":1646.154052734375},{"userProfilePK":87578117,"calendarDate":{"date":"Nov 8, 2021 12:00:00 AM"},"persistedTimestampGMT":{"date":"Nov 8, 2021 4:27:22 PM"},"timestampLocal":{"date":"Nov 8, 2021 5:02:24 PM"},"hydrationSource":"GARMIN_ACTIVITY","valueInML":0.0,"activityId":7787525799,"capped":false,"estimatedSweatLossInML":174.0,"duration":1164.2889404296875},{"userProfilePK":87578117,"calendarDate":{"date":"Nov 9, 2021 12:00:00 AM"},"persistedTimestampGMT":{"date":"Nov 9, 2021 5:30:19 PM"},"timestampLocal":{"date":"Nov 9, 2021 8:30:59 AM"},"hydrationSource":"GARMIN_ACTIVITY","valueInML":0.0,"activityId":7793112231,"capped":false,"estimatedSweatLossInML":235.0,"duration":1464.64599609375},{"userProfilePK":87578117,"calendarDate":{"date":"Nov 9, 2021 12:00:00 AM"},"persistedTimestampGMT":{"date":"Nov 9, 2021 5:30:21 PM"},"timestampLocal":{"date":"Nov 9, 2021 5:07:47 PM"},"hydrationSource":"GARMIN_ACTIVITY","valueInML":0.0,"activityId":7793112378,"capped":false,"estimatedSweatLossInML":191.0,"duration":1402.3050537109375},{"userProfilePK":87578117,"calendarDate":{"date":"Nov 9, 2021 12:00:00 AM"},"persistedTimestampGMT":{"date":"Nov 9, 2021 5:30:23 PM"},"timestampLocal":{"date":"Nov 9, 2021 5:35:31 PM"},"hydrationSource":"GARMIN_ACTIVITY","valueInML":0.0,"activityId":7793112596,"capped":false,"estimatedSweatLossInML":411.0,"duration":2947.43310546875},{"userProfilePK":87578117,"calendarDate":{"date":"Nov 10, 2021 12:00:00 AM"},"persistedTimestampGMT":{"date":"Nov 11, 2021 11:41:07 AM"},"timestampLocal":{"date":"Nov 10, 2021 8:34:40 AM"},"hydrationSource":"GARMIN_ACTIVITY","valueInML":0.0,"activityId":7801840496,"capped":false,"estimatedSweatLossInML":216.0,"duration":1281.262939453125},{"userProfilePK":87578117,"calendarDate":{"date":"Nov 10, 2021 12:00:00 AM"},"persistedTimestampGMT":{"date":"Nov 11, 2021 11:41:14 AM"},"timestampLocal":{"date":"Nov 10, 2021 4:50:52 PM"},"hydrationSource":"GARMIN_ACTIVITY","valueInML":0.0,"activityId":7801841076,"capped":false,"estimatedSweatLossInML":154.0,"duration":1123.7650146484375},{"userProfilePK":87578117,"calendarDate":{"date":"Nov 11, 2021 12:00:00 AM"},"persistedTimestampGMT":{"date":"Nov 11, 2021 6:49:08 PM"},"timestampLocal":{"date":"Nov 11, 2021 1:11:31 PM"},"hydrationSource":"GARMIN_ACTIVITY","valueInML":0.0,"activityId":7804001004,"capped":false,"estimatedSweatLossInML":652.0,"duration":3787.81005859375},{"userProfilePK":87578117,"calendarDate":{"date":"Nov 11, 2021 12:00:00 AM"},"persistedTimestampGMT":{"date":"Nov 11, 2021 6:49:18 PM"},"timestampLocal":{"date":"Nov 11, 2021 4:57:47 PM"},"hydrationSource":"GARMIN_ACTIVITY","valueInML":0.0,"activityId":7804001868,"capped":false,"estimatedSweatLossInML":252.0,"duration":1412.8270263671875},{"userProfilePK":87578117,"calendarDate":{"date":"Nov 11, 2021 12:00:00 AM"},"persistedTimestampGMT":{"date":"Nov 11, 2021 6:49:19 PM"},"timestampLocal":{"date":"Nov 11, 2021 5:25:26 PM"},"hydrationSource":"GARMIN_ACTIVITY","valueInML":0.0,"activityId":7804001992,"capped":false,"estimatedSweatLossInML":22.0,"duration":156.30999755859375},{"userProfilePK":87578117,"calendarDate":{"date":"Nov 12, 2021 12:00:00 AM"},"persistedTimestampGMT":{"date":"Nov 12, 2021 5:06:31 PM"},"timestampLocal":{"date":"Nov 12, 2021 5:10:51 PM"},"hydrationSource":"GARMIN_ACTIVITY","valueInML":0.0,"activityId":7808278434,"capped":false,"estimatedSweatLossInML":431.0,"duration":2914.616943359375},{"userProfilePK":87578117,"calendarDate":{"date":"Nov 13, 2021 12:00:00 AM"},"persistedTimestampGMT":{"date":"Nov 13, 2021 3:09:53 PM"},"timestampLocal":{"date":"Nov 13, 2021 3:05:05 PM"},"hydrationSource":"GARMIN_ACTIVITY","valueInML":0.0,"activityId":7812825992,"capped":false,"estimatedSweatLossInML":603.0,"duration":3575.887939453125},{"userProfilePK":87578117,"calendarDate":{"date":"Nov 15, 2021 12:00:00 AM"},"persistedTimestampGMT":{"date":"Nov 15, 2021 4:35:49 PM"},"timestampLocal":{"date":"Nov 15, 2021 8:37:03 AM"},"hydrationSource":"GARMIN_ACTIVITY","valueInML":0.0,"activityId":7823209478,"capped":false,"estimatedSweatLossInML":1938.0,"duration":16493.3671875},{"userProfilePK":87578117,"calendarDate":{"date":"Nov 15, 2021 12:00:00 AM"},"persistedTimestampGMT":{"date":"Nov 15, 2021 4:35:50 PM"},"timestampLocal":{"date":"Nov 15, 2021 5:07:03 PM"},"hydrationSource":"GARMIN_ACTIVITY","valueInML":0.0,"activityId":7823209559,"capped":false,"estimatedSweatLossInML":166.0,"duration":1203.7459716796875},{"userProfilePK":87578117,"calendarDate":{"date":"Nov 15, 2021 12:00:00 AM"},"persistedTimestampGMT":{"date":"Nov 15, 2021 6:09:30 PM"},"timestampLocal":{"date":"Nov 15, 2021 6:22:42 PM"},"hydrationSource":"GARMIN_ACTIVITY","valueInML":0.0,"activityId":7823687079,"capped":false,"estimatedSweatLossInML":558.0,"duration":2793.4599609375},{"userProfilePK":87578117,"calendarDate":{"date":"Nov 16, 2021 12:00:00 AM"},"persistedTimestampGMT":{"date":"Nov 16, 2021 5:14:39 PM"},"timestampLocal":{"date":"Nov 16, 2021 8:36:54 AM"},"hydrationSource":"GARMIN_ACTIVITY","valueInML":0.0,"activityId":7828441703,"capped":false,"estimatedSweatLossInML":197.0,"duration":1525.81103515625},{"userProfilePK":87578117,"calendarDate":{"date":"Nov 16, 2021 12:00:00 AM"},"persistedTimestampGMT":{"date":"Nov 16, 2021 5:14:40 PM"},"timestampLocal":{"date":"Nov 16, 2021 5:00:47 PM"},"hydrationSource":"GARMIN_ACTIVITY","valueInML":0.0,"activityId":7828441806,"capped":false,"estimatedSweatLossInML":188.0,"duration":1253.510986328125},{"userProfilePK":87578117,"calendarDate":{"date":"Nov 16, 2021 12:00:00 AM"},"persistedTimestampGMT":{"date":"Nov 16, 2021 5:14:41 PM"},"timestampLocal":{"date":"Nov 16, 2021 5:28:15 PM"},"hydrationSource":"GARMIN_ACTIVITY","valueInML":0.0,"activityId":7828441946,"capped":false,"estimatedSweatLossInML":382.0,"duration":2412.68310546875},{"userProfilePK":87578117,"calendarDate":{"date":"Nov 17, 2021 12:00:00 AM"},"persistedTimestampGMT":{"date":"Nov 17, 2021 5:21:30 PM"},"timestampLocal":{"date":"Nov 17, 2021 8:35:28 AM"},"hydrationSource":"GARMIN_ACTIVITY","valueInML":0.0,"activityId":7833679222,"capped":false,"estimatedSweatLossInML":184.0,"duration":1217.5059814453125},{"userProfilePK":87578117,"calendarDate":{"date":"Nov 17, 2021 12:00:00 AM"},"persistedTimestampGMT":{"date":"Nov 17, 2021 5:21:31 PM"},"timestampLocal":{"date":"Nov 17, 2021 5:05:37 PM"},"hydrationSource":"GARMIN_ACTIVITY","valueInML":0.0,"activityId":7833679312,"capped":false,"estimatedSweatLossInML":167.0,"duration":1250.35595703125},{"userProfilePK":87578117,"calendarDate":{"date":"Nov 18, 2021 12:00:00 AM"},"persistedTimestampGMT":{"date":"Nov 18, 2021 5:04:20 PM"},"timestampLocal":{"date":"Nov 18, 2021 8:38:04 AM"},"hydrationSource":"GARMIN_ACTIVITY","valueInML":0.0,"activityId":7838545910,"capped":false,"estimatedSweatLossInML":165.0,"duration":1160.0009765625},{"userProfilePK":87578117,"calendarDate":{"date":"Nov 18, 2021 12:00:00 AM"},"persistedTimestampGMT":{"date":"Nov 18, 2021 5:04:39 PM"},"timestampLocal":{"date":"Nov 18, 2021 5:09:06 PM"},"hydrationSource":"GARMIN_ACTIVITY","valueInML":0.0,"activityId":7838547603,"capped":false,"estimatedSweatLossInML":493.0,"duration":3001.5859375},{"userProfilePK":87578117,"calendarDate":{"date":"Nov 19, 2021 12:00:00 AM"},"persistedTimestampGMT":{"date":"Nov 19, 2021 4:38:42 PM"},"timestampLocal":{"date":"Nov 19, 2021 7:57:11 AM"},"hydrationSource":"GARMIN_ACTIVITY","valueInML":0.0,"activityId":7843159775,"capped":false,"estimatedSweatLossInML":398.0,"duration":2627.64208984375},{"userProfilePK":87578117,"calendarDate":{"date":"Nov 19, 2021 12:00:00 AM"},"persistedTimestampGMT":{"date":"Nov 19, 2021 4:38:43 PM"},"timestampLocal":{"date":"Nov 19, 2021 4:43:50 PM"},"hydrationSource":"GARMIN_ACTIVITY","valueInML":0.0,"activityId":7843159873,"capped":false,"estimatedSweatLossInML":361.0,"duration":2660.2900390625},{"userProfilePK":87578117,"calendarDate":{"date":"Nov 21, 2021 12:00:00 AM"},"persistedTimestampGMT":{"date":"Nov 21, 2021 7:09:37 PM"},"timestampLocal":{"date":"Nov 21, 2021 7:09:12 PM"},"hydrationSource":"GARMIN_ACTIVITY","valueInML":0.0,"activityId":7854388116,"capped":false,"estimatedSweatLossInML":531.0,"duration":3150.632080078125},{"userProfilePK":87578117,"calendarDate":{"date":"Nov 22, 2021 12:00:00 AM"},"persistedTimestampGMT":{"date":"Nov 22, 2021 4:36:48 PM"},"timestampLocal":{"date":"Nov 22, 2021 8:35:14 AM"},"hydrationSource":"GARMIN_ACTIVITY","valueInML":0.0,"activityId":7857934564,"capped":false,"estimatedSweatLossInML":173.0,"duration":1200.240966796875},{"userProfilePK":87578117,"calendarDate":{"date":"Nov 22, 2021 12:00:00 AM"},"persistedTimestampGMT":{"date":"Nov 22, 2021 4:36:49 PM"},"timestampLocal":{"date":"Nov 22, 2021 5:09:38 PM"},"hydrationSource":"GARMIN_ACTIVITY","valueInML":0.0,"activityId":7857934632,"capped":false,"estimatedSweatLossInML":156.0,"duration":1241.2449951171875},{"userProfilePK":87578117,"calendarDate":{"date":"Nov 23, 2021 12:00:00 AM"},"persistedTimestampGMT":{"date":"Nov 23, 2021 4:34:18 PM"},"timestampLocal":{"date":"Nov 23, 2021 8:38:44 AM"},"hydrationSource":"GARMIN_ACTIVITY","valueInML":0.0,"activityId":7862869440,"capped":false,"estimatedSweatLossInML":181.0,"duration":1182.2669677734375},{"userProfilePK":87578117,"calendarDate":{"date":"Nov 23, 2021 12:00:00 AM"},"persistedTimestampGMT":{"date":"Nov 23, 2021 4:34:19 PM"},"timestampLocal":{"date":"Nov 23, 2021 5:08:51 PM"},"hydrationSource":"GARMIN_ACTIVITY","valueInML":0.0,"activityId":7862869511,"capped":false,"estimatedSweatLossInML":170.0,"duration":1105.926025390625},{"userProfilePK":87578117,"calendarDate":{"date":"Nov 23, 2021 12:00:00 AM"},"persistedTimestampGMT":{"date":"Nov 23, 2021 5:17:06 PM"},"timestampLocal":{"date":"Nov 23, 2021 5:43:45 PM"},"hydrationSource":"GARMIN_ACTIVITY","valueInML":0.0,"activityId":7863078862,"capped":false,"estimatedSweatLossInML":264.0,"duration":1643.1319580078125},{"userProfilePK":87578117,"calendarDate":{"date":"Nov 24, 2021 12:00:00 AM"},"persistedTimestampGMT":{"date":"Nov 24, 2021 4:23:52 PM"},"timestampLocal":{"date":"Nov 24, 2021 8:40:01 AM"},"hydrationSource":"GARMIN_ACTIVITY","valueInML":0.0,"activityId":7867771176,"capped":false,"estimatedSweatLossInML":164.0,"duration":1135.3060302734375},{"userProfilePK":87578117,"calendarDate":{"date":"Nov 24, 2021 12:00:00 AM"},"persistedTimestampGMT":{"date":"Nov 24, 2021 4:23:53 PM"},"timestampLocal":{"date":"Nov 24, 2021 4:57:41 PM"},"hydrationSource":"GARMIN_ACTIVITY","valueInML":0.0,"activityId":7867771294,"capped":false,"estimatedSweatLossInML":160.0,"duration":1244.26904296875},{"userProfilePK":87578117,"calendarDate":{"date":"Nov 25, 2021 12:00:00 AM"},"persistedTimestampGMT":{"date":"Nov 26, 2021 4:24:16 PM"},"timestampLocal":{"date":"Nov 25, 2021 8:39:35 AM"},"hydrationSource":"GARMIN_ACTIVITY","valueInML":0.0,"activityId":7876795924,"capped":false,"estimatedSweatLossInML":150.0,"duration":1165.0469970703125},{"userProfilePK":87578117,"calendarDate":{"date":"Nov 25, 2021 12:00:00 AM"},"persistedTimestampGMT":{"date":"Nov 26, 2021 4:24:17 PM"},"timestampLocal":{"date":"Nov 25, 2021 5:08:38 PM"},"hydrationSource":"GARMIN_ACTIVITY","valueInML":0.0,"activityId":7876796021,"capped":false,"estimatedSweatLossInML":471.0,"duration":2524.51904296875},{"userProfilePK":87578117,"calendarDate":{"date":"Nov 26, 2021 12:00:00 AM"},"persistedTimestampGMT":{"date":"Nov 26, 2021 4:24:19 PM"},"timestampLocal":{"date":"Nov 26, 2021 4:22:38 PM"},"hydrationSource":"GARMIN_ACTIVITY","valueInML":0.0,"activityId":7876796128,"capped":false,"estimatedSweatLossInML":273.0,"duration":1912.9449462890625}]