[{"userProfilePK":87578117,"calendarDate":{"date":"Nov 30, 2021 12:00:00 AM"},"persistedTimestampGMT":{"date":"Nov 30, 2021 5:04:33 PM"},"timestampLocal":{"date":"Nov 30, 2021 8:37:19 AM"},"hydrationSource":"GARMIN_ACTIVITY","valueInML":0.0,"activityId":7895342173,"capped":false,"estimatedSweatLossInML":212.0,"duration":1627.5679931640625},{"userProfilePK":87578117,"calendarDate":{"date":"Nov 30, 2021 12:00:00 AM"},"persistedTimestampGMT":{"date":"Nov 30, 2021 5:04:35 PM"},"timestampLocal":{"date":"Nov 30, 2021 5:01:11 PM"},"hydrationSource":"GARMIN_ACTIVITY","valueInML":0.0,"activityId":7895342322,"capped":false,"estimatedSweatLossInML":423.0,"duration":3292.1259765625},{"userProfilePK":87578117,"calendarDate":{"date":"Dec 1, 2021 12:00:00 AM"},"persistedTimestampGMT":{"date":"Dec 1, 2021 5:47:37 PM"},"timestampLocal":{"date":"Dec 1, 2021 8:37:40 AM"},"hydrationSource":"GARMIN_ACTIVITY","valueInML":0.0,"activityId":7900231813,"capped":false,"estimatedSweatLossInML":150.0,"duration":1242.0860595703125},{"userProfilePK":87578117,"calendarDate":{"date":"Dec 1, 2021 12:00:00 AM"},"persistedTimestampGMT":{"date":"Dec 1, 2021 5:47:39 PM"},"timestampLocal":{"date":"Dec 1, 2021 5:08:31 PM"},"hydrationSource":"GARMIN_ACTIVITY","valueInML":0.0,"activityId":7900232003,"capped":false,"estimatedSweatLossInML":678.0,"duration":5244.9560546875},{"userProfilePK":87578117,"calendarDate":{"date":"Dec 2, 2021 12:00:00 AM"},"persistedTimestampGMT":{"date":"Dec 2, 2021 5:14:23 PM"},"timestampLocal":{"date":"Dec 2, 2021 8:38:45 AM"},"hydrationSource":"GARMIN_ACTIVITY","valueInML":0.0,"activityId":7904752262,"capped":false,"estimatedSweatLossInML":127.0,"duration":1075.3360595703125},{"userProfilePK":87578117,"calendarDate":{"date":"Dec 2, 2021 12:00:00 AM"},"persistedTimestampGMT":{"date":"Dec 2, 2021 5:14:46 PM"},"timestampLocal":{"date":"Dec 2, 2021 5:07:43 PM"},"hydrationSource":"GARMIN_ACTIVITY","valueInML":0.0,"activityId":7904753895,"capped":false,"estimatedSweatLossInML":434.0,"duration":2397.6298828125},{"userProfilePK":87578117,"calendarDate":{"date":"Dec 3, 2021 12:00:00 AM"},"persistedTimestampGMT":{"date":"Dec 3, 2021 4:36:01 PM"},"timestampLocal":{"date":"Dec 3, 2021 8:02:56 AM"},"hydrationSource":"GARMIN_ACTIVITY","valueInML":0.0,"activityId":7909137139,"capped":false,"estimatedSweatLossInML":399.0,"duration":2727.666015625},{"userProfilePK":87578117,"calendarDate":{"date":"Dec 3, 2021 12:00:00 AM"},"persistedTimestampGMT":{"date":"Dec 3, 2021 4:36:37 PM"},"timestampLocal":{"date":"Dec 3, 2021 4:22:36 PM"},"hydrationSource":"GARMIN_ACTIVITY","valueInML":0.0,"activityId":7909139596,"capped":false,"estimatedSweatLossInML":478.0,"duration":3746.802001953125},{"userProfilePK":87578117,"calendarDate":{"date":"Dec 5, 2021 12:00:00 AM"},"persistedTimestampGMT":{"date":"Dec 6, 2021 5:55:21 PM"},"timestampLocal":{"date":"Dec 5, 2021 5:22:31 PM"},"hydrationSource":"GARMIN_ACTIVITY","valueInML":0.0,"activityId":7923471822,"capped":false,"estimatedSweatLossInML":296.0,"duration":1902.2330322265625},{"userProfilePK":87578117,"calendarDate":{"date":"Dec 6, 2021 12:00:00 AM"},"persistedTimestampGMT":{"date":"Dec 6, 2021 5:55:23 PM"},"timestampLocal":{"date":"Dec 6, 2021 8:39:01 AM"},"hydrationSource":"GARMIN_ACTIVITY","valueInML":0.0,"activityId":7923472017,"capped":false,"estimatedSweatLossInML":120.0,"duration":1122.3050537109375},{"userProfilePK":87578117,"calendarDate":{"date":"Dec 6, 2021 12:00:00 AM"},"persistedTimestampGMT":{"date":"Dec 6, 2021 5:55:25 PM"},"timestampLocal":{"date":"Dec 6, 2021 4:48:06 PM"},"hydrationSource":"GARMIN_ACTIVITY","valueInML":0.0,"activityId":7923472171,"capped":false,"estimatedSweatLossInML":169.0,"duration":1229.72998046875},{"userProfilePK":87578117,"calendarDate":{"date":"Dec 6, 2021 12:00:00 AM"},"persistedTimestampGMT":{"date":"Dec 6, 2021 7:59:58 PM"},"timestampLocal":{"date":"Dec 6, 2021 7:51:46 PM"},"hydrationSource":"GARMIN_ACTIVITY","valueInML":0.0,"activityId":7924038029,"capped":false,"estimatedSweatLossInML":811.0,"duration":3722.14697265625},{"userProfilePK":87578117,"calendarDate":{"date":"Dec 7, 2021 12:00:00 AM"},"persistedTimestampGMT":{"date":"Dec 7, 2021 4:40:42 PM"},"timestampLocal":{"date":"Dec 7, 2021 8:27:49 AM"},"hydrationSource":"GARMIN_ACTIVITY","valueInML":0.0,"activityId":7927733589,"capped":false,"estimatedSweatLossInML":160.0,"duration":1262.927001953125},{"userProfilePK":87578117,"calendarDate":{"date":"Dec 7, 2021 12:00:00 AM"},"persistedTimestampGMT":{"date":"Dec 7, 2021 4:40:45 PM"},"timestampLocal":{"date":"Dec 7, 2021 5:11:35 PM"},"hydrationSource":"GARMIN_ACTIVITY","valueInML":0.0,"activityId":7927733806,"capped":false,"estimatedSweatLossInML":166.0,"duration":1299.114013671875},{"userProfilePK":87578117,"calendarDate":{"date":"Dec 7, 2021 12:00:00 AM"},"persistedTimestampGMT":{"date":"Dec 8, 2021 5:55:04 PM"},"timestampLocal":{"date":"Dec 7, 2021 5:44:32 PM"},"hydrationSource":"GARMIN_ACTIVITY","valueInML":0.0,"activityId":7932817771,"capped":false,"estimatedSweatLossInML":361.0,"duration":2399.998046875},{"userProfilePK":87578117,"calendarDate":{"date":"Dec 8, 2021 12:00:00 AM"},"persistedTimestampGMT":{"date":"Dec 8, 2021 5:55:06 PM"},"timestampLocal":{"date":"Dec 8, 2021 8:38:24 AM"},"hydrationSource":"GARMIN_ACTIVITY","valueInML":0.0,"activityId":7932817926,"capped":false,"estimatedSweatLossInML":198.0,"duration":1187.802001953125},{"userProfilePK":87578117,"calendarDate":{"date":"Dec 8, 2021 12:00:00 AM"},"persistedTimestampGMT":{"date":"Dec 8, 2021 5:55:10 PM"},"timestampLocal":{"date":"Dec 8, 2021 5:08:14 PM"},"hydrationSource":"GARMIN_ACTIVITY","valueInML":0.0,"activityId":7932818209,"capped":false,"estimatedSweatLossInML":325.0,"duration":3287.376953125},{"userProfilePK":87578117,"calendarDate":{"date":"Dec 9, 2021 12:00:00 AM"},"persistedTimestampGMT":{"date":"Dec 9, 2021 4:52:43 PM"},"timestampLocal":{"date":"Dec 9, 2021 8:37:01 AM"},"hydrationSource":"GARMIN_ACTIVITY","valueInML":0.0,"activityId":7936954289,"capped":false,"estimatedSweatLossInML":143.0,"duration":1204.376953125},{"userProfilePK":87578117,"calendarDate":{"date":"Dec 9, 2021 12:00:00 AM"},"persistedTimestampGMT":{"date":"Dec 9, 2021 4:52:48 PM"},"timestampLocal":{"date":"Dec 9, 2021 4:49:05 PM"},"hydrationSource":"GARMIN_ACTIVITY","valueInML":0.0,"activityId":7936954635,"capped":false,"estimatedSweatLossInML":552.0,"duration":3466.2060546875},{"userProfilePK":87578117,"calendarDate":{"date":"Dec 10, 2021 12:00:00 AM"},"persistedTimestampGMT":{"date":"Dec 10, 2021 4:20:10 PM"},"timestampLocal":{"date":"Dec 10, 2021 8:00:25 AM"},"hydrationSource":"GARMIN_ACTIVITY","valueInML":0.0,"activityId":7941157271,"capped":false,"estimatedSweatLossInML":455.0,"duration":2750.027099609375},{"userProfilePK":87578117,"calendarDate":{"date":"Dec 10, 2021 12:00:00 AM"},"persistedTimestampGMT":{"date":"Dec 10, 2021 4:20:13 PM"},"timestampLocal":{"date":"Dec 10, 2021 3:40:20 PM"},"hydrationSource":"GARMIN_ACTIVITY","valueInML":0.0,"activityId":7941157468,"capped":false,"estimatedSweatLossInML":677.0,"duration":5379.64501953125},{"userProfilePK":87578117,"calendarDate":{"date":"Dec 12, 2021 12:00:00 AM"},"persistedTimestampGMT":{"date":"Dec 12, 2021 8:31:53 PM"},"timestampLocal":{"date":"Dec 12, 2021 4:43:53 PM"},"hydrationSource":"GARMIN_ACTIVITY","valueInML":0.0,"activityId":7951821314,"capped":false,"estimatedSweatLossInML":1883.0,"duration":10876.5078125},{"userProfilePK":87578117,"calendarDate":{"date":"Dec 13, 2021 12:00:00 AM"},"persistedTimestampGMT":{"date":"Dec 13, 2021 4:11:57 PM"},"timestampLocal":{"date":"Dec 13, 2021 8:36:52 AM"},"hydrationSource":"GARMIN_ACTIVITY","valueInML":0.0,"activityId":7954892093,"capped":false,"estimatedSweatLossInML":133.0,"duration":1115.5909423828125},{"userProfilePK":87578117,"calendarDate":{"date":"Dec 13, 2021 12:00:00 AM"},"persistedTimestampGMT":{"date":"Dec 13, 2021 4:12:29 PM"},"timestampLocal":{"date":"Dec 13, 2021 4:16:17 PM"},"hydrationSource":"GARMIN_ACTIVITY","valueInML":0.0,"activityId":7954894149,"capped":false,"estimatedSweatLossInML":405.0,"duration":3036.778076171875},{"userProfilePK":87578117,"calendarDate":{"date":"Dec 14, 2021 12:00:00 AM"},"persistedTimestampGMT":{"date":"Dec 14, 2021 4:33:19 PM"},"timestampLocal":{"date":"Dec 14, 2021 8:41:51 AM"},"hydrationSource":"GARMIN_ACTIVITY","valueInML":0.0,"activityId":7959699526,"capped":false,"estimatedSweatLossInML":163.0,"duration":1096.4189453125},{"userProfilePK":87578117,"calendarDate":{"date":"Dec 14, 2021 12:00:00 AM"},"persistedTimestampGMT":{"date":"Dec 14, 2021 4:33:20 PM"},"timestampLocal":{"date":"Dec 14, 2021 5:07:26 PM"},"hydrationSource":"GARMIN_ACTIVITY","valueInML":0.0,"activityId":7959699602,"capped":false,"estimatedSweatLossInML":185.0,"duration":1140.5450439453125},{"userProfilePK":87578117,"calendarDate":{"date":"Dec 14, 2021 12:00:00 AM"},"persistedTimestampGMT":{"date":"Dec 14, 2021 5:20:18 PM"},"timestampLocal":{"date":"Dec 14, 2021 5:35:46 PM"},"hydrationSource":"GARMIN_ACTIVITY","valueInML":0.0,"activityId":7959913324,"capped":false,"estimatedSweatLossInML":346.0,"duration":2305.72900390625},{"userProfilePK":87578117,"calendarDate":{"date":"Dec 15, 2021 12:00:00 AM"},"persistedTimestampGMT":{"date":"Dec 15, 2021 5:21:39 PM"},"timestampLocal":{"date":"Dec 15, 2021 8:33:25 AM"},"hydrationSource":"GARMIN_ACTIVITY","valueInML":0.0,"activityId":7964683943,"capped":false,"estimatedSweatLossInML":152.0,"duration":1142.4449462890625},{"userProfilePK":87578117,"calendarDate":{"date":"Dec 15, 2021 12:00:00 AM"},"persistedTimestampGMT":{"date":"Dec 15, 2021 5:21:40 PM"},"timestampLocal":{"date":"Dec 15, 2021 4:50:52 PM"},"hydrationSource":"GARMIN_ACTIVITY","valueInML":0.0,"activityId":7964684052,"capped":false,"estimatedSweatLossInML":189.0,"duration":1450.47802734375},{"userProfilePK":87578117,"calendarDate":{"date":"Dec 16, 2021 12:00:00 AM"},"persistedTimestampGMT":{"date":"Dec 16, 2021 5:03:56 PM"},"timestampLocal":{"date":"Dec 16, 2021 8:24:49 AM"},"hydrationSource":"GARMIN_ACTIVITY","valueInML":0.0,"activityId":7969087939,"capped":false,"estimatedSweatLossInML":166.0,"duration":1120.64404296875},{"userProfilePK":87578117,"calendarDate":{"date":"Dec 16, 2021 12:00:00 AM"},"persistedTimestampGMT":{"date":"Dec 16, 2021 5:03:59 PM"},"timestampLocal":{"date":"Dec 16, 2021 1:36:08 PM"},"hydrationSource":"GARMIN_ACTIVITY","valueInML":0.0,"activityId":7969088165,"capped":false,"estimatedSweatLossInML":174.0,"duration":1130.77197265625},{"userProfilePK":87578117,"calendarDate":{"date":"Dec 16, 2021 12:00:00 AM"},"persistedTimestampGMT":{"date":"Dec 16, 2021 5:04:02 PM"},"timestampLocal":{"date":"Dec 16, 2021 5:06:09 PM"},"hydrationSource":"GARMIN_ACTIVITY","valueInML":0.0,"activityId":7969088372,"capped":false,"estimatedSweatLossInML":420.0,"duration":2789.9140625},{"userProfilePK":87578117,"calendarDate":{"date":"Dec 17, 2021 12:00:00 AM"},"persistedTimestampGMT":{"date":"Dec 19, 2021 5:36:33 PM"},"timestampLocal":{"date":"Dec 17, 2021 8:25:18 AM"},"hydrationSource":"GARMIN_ACTIVITY","valueInML":0.0,"activityId":7983106808,"capped":false,"estimatedSweatLossInML":145.0,"duration":1162.97802734375},{"userProfilePK":87578117,"calendarDate":{"date":"Dec 17, 2021 12:00:00 AM"},"persistedTimestampGMT":{"date":"Dec 19, 2021 5:36:54 PM"},"timestampLocal":{"date":"Dec 17, 2021 4:15:01 PM"},"hydrationSource":"GARMIN_ACTIVITY","valueInML":0.0,"activityId":7983108242,"capped":false,"estimatedSweatLossInML":179.0,"duration":1199.364013671875},{"userProfilePK":87578117,"calendarDate":{"date":"Dec 19, 2021 12:00:00 AM"},"persistedTimestampGMT":{"date":"Dec 19, 2021 5:37:46 PM"},"timestampLocal":{"date":"Dec 19, 2021 4:00:50 PM"},"hydrationSource":"GARMIN_ACTIVITY","valueInML":0.0,"activityId":7983111611,"capped":false,"estimatedSweatLossInML":1066.0,"duration":6156.458984375},{"userProfilePK":87578117,"calendarDate":{"date":"Dec 20, 2021 12:00:00 AM"},"persistedTimestampGMT":{"date":"Dec 20, 2021 5:18:50 PM"},"timestampLocal":{"date":"Dec 20, 2021 8:22:48 AM"},"hydrationSource":"GARMIN_ACTIVITY","valueInML":0.0,"activityId":7987057429,"capped":false,"estimatedSweatLossInML":198.0,"duration":1917.4100341796875},{"userProfilePK":87578117,"calendarDate":{"date":"Dec 20, 2021 12:00:00 AM"},"persistedTimestampGMT":{"date":"Dec 20, 2021 5:18:51 PM"},"timestampLocal":{"date":"Dec 20, 2021 5:32:54 PM"},"hydrationSource":"GARMIN_ACTIVITY","valueInML":0.0,"activityId":7987057536,"capped":false,"estimatedSweatLossInML":255.0,"duration":1892.93798828125},{"userProfilePK":87578117,"calendarDate":{"date":"Dec 21, 2021 12:00:00 AM"},"persistedTimestampGMT":{"date":"Dec 21, 2021 5:39:16 PM"},"timestampLocal":{"date":"Dec 21, 2021 8:36:11 AM"},"hydrationSource":"GARMIN_ACTIVITY","valueInML":0.0,"activityId":7991676690,"capped":false,"estimatedSweatLossInML":148.0,"duration":1393.06298828125},{"userProfilePK":87578117,"calendarDate":{"date":"Dec 21, 2021 12:00:00 AM"},"persistedTimestampGMT":{"date":"Dec 21, 2021 5:39:36 PM"},"timestampLocal":{"date":"Dec 21, 2021 12:47:07 PM"},"hydrationSource":"GARMIN_ACTIVITY","valueInML":0.0,"activityId":7991678169,"capped":false,"estimatedSweatLossInML":363.0,"duration":2279.18603515625},{"userProfilePK":87578117,"calendarDate":{"date":"Dec 21, 2021 12:00:00 AM"},"persistedTimestampGMT":{"date":"Dec 21, 2021 5:39:55 PM"},"timestampLocal":{"date":"Dec 21, 2021 6:08:40 PM"},"hydrationSource":"GARMIN_ACTIVITY","valueInML":0.0,"activityId":7991679545,"capped":false,"estimatedSweatLossInML":189.0,"duration":1679.8349609375},{"userProfilePK":87578117,"calendarDate":{"date":"Dec 22, 2021 12:00:00 AM"},"persistedTimestampGMT":{"date":"Dec 23, 2021 1:33:38 PM"},"timestampLocal":{"date":"Dec 22, 2021 8:34:08 AM"},"hydrationSource":"GARMIN_ACTIVITY","valueInML":0.0,"activityId":7999357168,"capped":false,"estimatedSweatLossInML":283.0,"duration":1706.9859619140625},{"userProfilePK":87578117,"calendarDate":{"date":"Dec 22, 2021 12:00:00 AM"},"persistedTimestampGMT":{"date":"Dec 23, 2021 1:33:39 PM"},"timestampLocal":{"date":"Dec 22, 2021 11:28:44 AM"},"hydrationSource":"GARMIN_ACTIVITY","valueInML":0.0,"activityId":7999357249,"capped":false,"estimatedSweatLossInML":102.0,"duration":980.385009765625},{"userProfilePK":87578117,"calendarDate":{"date":"Dec 22, 2021 12:00:00 AM"},"persistedTimestampGMT":{"date":"Dec 23, 2021 1:33:40 PM"},"timestampLocal":{"date":"Dec 22, 2021 12:34:49 PM"},"hydrationSource":"GARMIN_ACTIVITY","valueInML":0.0,"activityId":7999357320,"capped":false,"estimatedSweatLossInML":141.0,"duration":1259.8060302734375},{"userProfilePK":87578117,"calendarDate":{"date":"Dec 22, 2021 12:00:00 AM"},"persistedTimestampGMT":{"date":"Dec 23, 2021 1:33:41 PM"},"timestampLocal":{"date":"Dec 22, 2021 5:11:04 PM"},"hydrationSource":"GARMIN_ACTIVITY","valueInML":0.0,"activityId":7999357397,"capped":false,"estimatedSweatLossInML":86.0,"duration":682.3660278320312},{"userProfilePK":87578117,"calendarDate":{"date":"Dec 22, 2021 12:00:00 AM"},"persistedTimestampGMT":{"date":"Dec 23, 2021 1:33:42 PM"},"timestampLocal":{"date":"Dec 22, 2021 5:41:46 PM"},"hydrationSource":"GARMIN_ACTIVITY","valueInML":0.0,"activityId":7999357486,"capped":false,"estimatedSweatLossInML":180.0,"duration":1356.1529541015625},{"userProfilePK":87578117,"calendarDate":{"date":"Dec 23, 2021 12:00:00 AM"},"persistedTimestampGMT":{"date":"Dec 23, 2021 1:33:44 PM"},"timestampLocal":{"date":"Dec 23, 2021 8:31:15 AM"},"hydrationSource":"GARMIN_ACTIVITY","valueInML":0.0,"activityId":7999357589,"capped":false,"estimatedSweatLossInML":322.0,"duration":1943.4329833984375},{"userProfilePK":87578117,"calendarDate":{"date":"Dec 23, 2021 12:00:00 AM"},"persistedTimestampGMT":{"date":"Dec 23, 2021 1:33:46 PM"},"timestampLocal":{"date":"Dec 23, 2021 2:05:31 PM"},"hydrationSource":"GARMIN_ACTIVITY","valueInML":0.0,"activityId":7999357761,"capped":false,"estimatedSweatLossInML":238.0,"duration":1658.6429443359375},{"userProfilePK":87578117,"calendarDate":{"date":"Dec 23, 2021 12:00:00 AM"},"persistedTimestampGMT":{"date":"Jan 2, 2022 8:42:18 PM"},"timestampLocal":{"date":"Dec 23, 2021 5:54:26 PM"},"hydrationSource":"GARMIN_ACTIVITY","valueInML":0.0,"activityId":8050534926,"capped":false,"estimatedSweatLossInML":496.0,"duration":3031.491943359375},{"userProfilePK":87578117,"calendarDate":{"date":"Jan 3, 2022 12:00:00 AM"},"persistedTimestampGMT":{"date":"Jan 3, 2022 5:32:59 PM"},"timestampLocal":{"date":"Jan 3, 2022 8:30:37 AM"},"hydrationSource":"GARMIN_ACTIVITY","valueInML":0.0,"activityId":8055048426,"capped":false,"estimatedSweatLossInML":148.0,"duration":1290.072998046875},{"userProfilePK":87578117,"calendarDate":{"date":"Jan 3, 2022 12:00:00 AM"},"persistedTimestampGMT":{"date":"Jan 3, 2022 5:33:01 PM"},"timestampLocal":{"date":"Jan 3, 2022 12:25:27 PM"},"hydrationSource":"GARMIN_ACTIVITY","valueInML":0.0,"activityId":8055048587,"capped":false,"estimatedSweatLossInML":407.0,"duration":2450.458984375},{"userProfilePK":87578117,"calendarDate":{"date":"Jan 3, 2022 12:00:00 AM"},"persistedTimestampGMT":{"date":"Jan 3, 2022 5:33:02 PM"},"timestampLocal":{"date":"Jan 3, 2022 6:01:06 PM"},"hydrationSource":"GARMIN_ACTIVITY","valueInML":0.0,"activityId":8055048706,"capped":false,"estimatedSweatLossInML":169.0,"duration":1463.529052734375},{"userProfilePK":87578117,"calendarDate":{"date":"Jan 11, 2022 12:00:00 AM"},"persistedTimestampGMT":{"date":"Jan 11, 2022 4:50:16 PM"},"timestampLocal":{"date":"Jan 11, 2022 8:13:06 AM"},"hydrationSource":"GARMIN_ACTIVITY","valueInML":0.0,"activityId":8099814002,"capped":false,"estimatedSweatLossInML":169.0,"duration":1433.8709716796875},{"userProfilePK":87578117,"calendarDate":{"date":"Jan 11, 2022 12:00:00 AM"},"persistedTimestampGMT":{"date":"Jan 11, 2022 4:50:18 PM"},"timestampLocal":{"date":"Jan 11, 2022 4:22:05 PM"},"hydrationSource":"GARMIN_ACTIVITY","valueInML":0.0,"activityId":8099814246,"capped":false,"estimatedSweatLossInML":329.0,"duration":2274.537109375},{"userProfilePK":87578117,"calendarDate":{"date":"Jan 11, 2022 12:00:00 AM"},"persistedTimestampGMT":{"date":"Jan 11, 2022 4:50:20 PM"},"timestampLocal":{"date":"Jan 11, 2022 5:18:03 PM"},"hydrationSource":"GARMIN_ACTIVITY","valueInML":0.0,"activityId":8099814407,"capped":false,"estimatedSweatLossInML":148.0,"duration":1578.843994140625},{"userProfilePK":87578117,"calendarDate":{"date":"Jan 12, 2022 12:00:00 AM"},"persistedTimestampGMT":{"date":"Jan 12, 2022 3:54:25 PM"},"timestampLocal":{"date":"Jan 12, 2022 8:33:32 AM"},"hydrationSource":"GARMIN_ACTIVITY","valueInML":0.0,"activityId":8105411677,"capped":false,"estimatedSweatLossInML":148.0,"duration":1324.802978515625},{"userProfilePK":87578117,"calendarDate":{"date":"Jan 12, 2022 12:00:00 AM"},"persistedTimestampGMT":{"date":"Jan 12, 2022 3:54:28 PM"},"timestampLocal":{"date":"Jan 12, 2022 12:47:57 PM"},"hydrationSource":"GARMIN_ACTIVITY","valueInML":0.0,"activityId":8105411894,"capped":false,"estimatedSweatLossInML":324.0,"duration":2264.762939453125},{"userProfilePK":87578117,"calendarDate":{"date":"Jan 12, 2022 12:00:00 AM"},"persistedTimestampGMT":{"date":"Jan 12, 2022 3:54:29 PM"},"timestampLocal":{"date":"Jan 12, 2022 4:26:24 PM"},"hydrationSource":"GARMIN_ACTIVITY","valueInML":0.0,"activityId":8105412074,"capped":false,"estimatedSweatLossInML":159.0,"duration":1344.5379638671875},{"userProfilePK":87578117,"calendarDate":{"date":"Jan 13, 2022 12:00:00 AM"},"persistedTimestampGMT":{"date":"Jan 13, 2022 8:33:13 AM"},"timestampLocal":{"date":"Jan 13, 2022 8:35:16 AM"},"hydrationSource":"GARMIN_ACTIVITY","valueInML":0.0,"activityId":8109139125,"capped":false,"estimatedSweatLossInML":132.0,"duration":1217.10302734375},{"userProfilePK":87578117,"calendarDate":{"date":"Jan 13, 2022 12:00:00 AM"},"persistedTimestampGMT":{"date":"Jan 13, 2022 11:51:04 AM"},"timestampLocal":{"date":"Jan 13, 2022 12:00:26 PM"},"hydrationSource":"GARMIN_ACTIVITY","valueInML":0.0,"activityId":8109887544,"capped":false,"estimatedSweatLossInML":141.0,"duration":1276.7879638671875},{"userProfilePK":87578117,"calendarDate":{"date":"Jan 16, 2022 12:00:00 AM"},"persistedTimestampGMT":{"date":"Jan 16, 2022 4:04:03 PM"},"timestampLocal":{"date":"Jan 16, 2022 3:48:02 PM"},"hydrationSource":"GARMIN_ACTIVITY","valueInML":0.0,"activityId":8129214572,"capped":false,"estimatedSweatLossInML":667.0,"duration":4212.2578125},{"userProfilePK":87578117,"calendarDate":{"date":"Jan 17, 2022 12:00:00 AM"},"persistedTimestampGMT":{"date":"Jan 17, 2022 5:40:39 PM"},"timestampLocal":{"date":"Jan 17, 2022 8:34:11 AM"},"hydrationSource":"GARMIN_ACTIVITY","valueInML":0.0,"activityId":8134793184,"capped":false,"estimatedSweatLossInML":146.0,"duration":1327.282958984375},{"userProfilePK":87578117,"calendarDate":{"date":"Jan 17, 2022 12:00:00 AM"},"persistedTimestampGMT":{"date":"Jan 17, 2022 5:40:41 PM"},"timestampLocal":{"date":"Jan 17, 2022 6:14:19 PM"},"hydrationSource":"GARMIN_ACTIVITY","valueInML":0.0,"activityId":8134793401,"capped":false,"estimatedSweatLossInML":175.0,"duration":1520.7220458984375},{"userProfilePK":87578117,"calendarDate":{"date":"Jan 18, 2022 12:00:00 AM"},"persistedTimestampGMT":{"date":"Jan 18, 2022 1:37:04 PM"},"timestampLocal":{"date":"Jan 18, 2022 12:27:29 PM"},"hydrationSource":"GARMIN_ACTIVITY","valueInML":0.0,"activityId":8139288033,"capped":false,"estimatedSweatLossInML":451.0,"duration":3309.055908203125},{"userProfilePK":87578117,"calendarDate":{"date":"Jan 19, 2022 12:00:00 AM"},"persistedTimestampGMT":{"date":"Jan 19, 2022 6:30:31 PM"},"timestampLocal":{"date":"Jan 19, 2022 6:29:33 PM"},"hydrationSource":"GARMIN_ACTIVITY","valueInML":0.0,"activityId":8146947685,"capped":false,"estimatedSweatLossInML":775.0,"duration":3606.6201171875},{"userProfilePK":87578117,"calendarDate":{"date":"Jan 20, 2022 12:00:00 AM"},"persistedTimestampGMT":{"date":"Jan 20, 2022 8:09:08 PM"},"timestampLocal":{"date":"Jan 20, 2022 8:07:14 PM"},"hydrationSource":"GARMIN_ACTIVITY","valueInML":0.0,"activityId":8153054441,"capped":false,"estimatedSweatLossInML":855.0,"duration":3616.847900390625},{"userProfilePK":87578117,"calendarDate":{"date":"Jan 21, 2022 12:00:00 AM"},"persistedTimestampGMT":{"date":"Jan 21, 2022 12:27:22 PM"},"timestampLocal":{"date":"Jan 21, 2022 12:42:52 PM"},"hydrationSource":"GARMIN_ACTIVITY","valueInML":0.0,"activityId":8155956086,"capped":false,"estimatedSweatLossInML":370.0,"duration":2411.031005859375},{"userProfilePK":87578117,"calendarDate":{"date":"Jan 22, 2022 12:00:00 AM"},"persistedTimestampGMT":{"date":"Jan 22, 2022 9:31:08 AM"},"timestampLocal":{"date":"Jan 22, 2022 8:50:43 AM"},"hydrationSource":"GARMIN_ACTIVITY","valueInML":0.0,"activityId":8160311221,"capped":false,"estimatedSweatLossInML":677.0,"duration":5048.078125},{"userProfilePK":87578117,"calendarDate":{"date":"Jan 22, 2022 12:00:00 AM"},"persistedTimestampGMT":{"date":"Jan 22, 2022 4:59:56 PM"},"timestampLocal":{"date":"Jan 22, 2022 4:42:01 PM"},"hydrationSource":"GARMIN_ACTIVITY","valueInML":0.0,"activityId":8163317234,"capped":false,"estimatedSweatLossInML":407.0,"duration":3185.498046875},{"userProfilePK":87578117,"calendarDate":{"date":"Jan 23, 2022 12:00:00 AM"},"persistedTimestampGMT":{"date":"Jan 23, 2022 10:17:46 AM"},"timestampLocal":{"date":"Jan 23, 2022 8:54:12 AM"},"hydrationSource":"GARMIN_ACTIVITY","valueInML":0.0,"activityId":8166534946,"capped":false,"estimatedSweatLossInML":857.0,"duration":7190.6181640625},{"userProfilePK":87578117,"calendarDate":{"date":"Jan 24, 2022 12:00:00 AM"},"persistedTimestampGMT":{"date":"Jan 24, 2022 12:16:28 PM"},"timestampLocal":{"date":"Jan 24, 2022 12:12:46 PM"},"hydrationSource":"GARMIN_ACTIVITY","valueInML":0.0,"activityId":8173347187,"capped":false,"estimatedSweatLossInML":566.0,"duration":3533.98291015625},{"userProfilePK":87578117,"calendarDate":{"date":"Jan 24, 2022 12:00:00 AM"},"persistedTimestampGMT":{"date":"Jan 25, 2022 7:19:04 AM"},"timestampLocal":{"date":"Jan 24, 2022 5:46:30 PM"},"hydrationSource":"GARMIN_ACTIVITY","valueInML":0.0,"activityId":8177881851,"capped":false,"estimatedSweatLossInML":351.0,"duration":2314.31689453125},{"userProfilePK":87578117,"calendarDate":{"date":"Jan 25, 2022 12:00:00 AM"},"persistedTimestampGMT":{"date":"Jan 25, 2022 7:53:40 AM"},"timestampLocal":{"date":"Jan 25, 2022 8:34:58 AM"},"hydrationSource":"GARMIN_ACTIVITY","valueInML":0.0,"activityId":8177997469,"capped":false,"estimatedSweatLossInML":130.0,"duration":858.8150024414062},{"userProfilePK":87578117,"calendarDate":{"date":"Jan 25, 2022 12:00:00 AM"},"persistedTimestampGMT":{"date":"Jan 25, 2022 12:40:18 PM"},"timestampLocal":{"date":"Jan 25, 2022 12:05:49 PM"},"hydrationSource":"GARMIN_ACTIVITY","valueInML":0.0,"activityId":8179213260,"capped":false,"estimatedSweatLossInML":497.0,"duration":3441.10302734375},{"userProfilePK":87578117,"calendarDate":{"date":"Jan 25, 2022 12:00:00 AM"},"persistedTimestampGMT":{"date":"Jan 25, 2022 5:44:20 PM"},"timestampLocal":{"date":"Jan 25, 2022 5:25:15 PM"},"hydrationSource":"GARMIN_ACTIVITY","valueInML":0.0,"activityId":8180898300,"capped":false,"estimatedSweatLossInML":669.0,"duration":4149.45703125},{"userProfilePK":87578117,"calendarDate":{"date":"Jan 26, 2022 12:00:00 AM"},"persistedTimestampGMT":{"date":"Jan 26, 2022 8:19:06 AM"},"timestampLocal":{"date":"Jan 26, 2022 8:43:51 AM"},"hydrationSource":"GARMIN_ACTIVITY","valueInML":0.0,"activityId":8184108263,"capped":false,"estimatedSweatLossInML":54.0,"duration":352.6239929199219},{"userProfilePK":87578117,"calendarDate":{"date":"Jan 26, 2022 12:00:00 AM"},"persistedTimestampGMT":{"date":"Jan 26, 2022 7:07:28 PM"},"timestampLocal":{"date":"Jan 26, 2022 6:49:43 PM"},"hydrationSource":"GARMIN_ACTIVITY","valueInML":0.0,"activityId":8187362882,"capped":false,"estimatedSweatLossInML":603.0,"duration":4309.923828125},{"userProfilePK":87578117,"calendarDate":{"date":"Jan 27, 2022 12:00:00 AM"},"persistedTimestampGMT":{"date":"Jan 27, 2022 8:04:07 AM"},"timestampLocal":{"date":"Jan 27, 2022 8:35:12 AM"},"hydrationSource":"GARMIN_ACTIVITY","valueInML":0.0,"activityId":8189718245,"capped":false,"estimatedSweatLossInML":137.0,"duration":1263.5579833984375},{"userProfilePK":87578117,"calendarDate":{"date":"Jan 27, 2022 12:00:00 AM"},"persistedTimestampGMT":{"date":"Jan 27, 2022 5:30:30 PM"},"timestampLocal":{"date":"Jan 27, 2022 5:53:37 PM"},"hydrationSource":"GARMIN_ACTIVITY","valueInML":0.0,"activityId":8192274783,"capped":false,"estimatedSweatLossInML":175.0,"duration":1544.1099853515625},{"userProfilePK":87578117,"calendarDate":{"date":"Jan 29, 2022 12:00:00 AM"},"persistedTimestampGMT":{"date":"Jan 29, 2022 6:03:29 AM"},"timestampLocal":{"date":"Jan 29, 2022 5:59:04 AM"},"hydrationSource":"GARMIN_ACTIVITY","valueInML":0.0,"activityId":8199938113,"capped":false,"estimatedSweatLossInML":552.0,"duration":3604.908935546875},{"userProfilePK":87578117,"calendarDate":{"date":"Jan 29, 2022 12:00:00 AM"},"persistedTimestampGMT":{"date":"Jan 29, 2022 9:17:52 AM"},"timestampLocal":{"date":"Jan 29, 2022 9:00:18 AM"},"hydrationSource":"GARMIN_ACTIVITY","valueInML":0.0,"activityId":8200521987,"capped":false,"estimatedSweatLossInML":656.0,"duration":4407.9921875},{"userProfilePK":87578117,"calendarDate":{"date":"Jan 30, 2022 12:00:00 AM"},"persistedTimestampGMT":{"date":"Jan 30, 2022 12:11:55 PM"},"timestampLocal":{"date":"Jan 30, 2022 6:23:10 AM"},"hydrationSource":"GARMIN_ACTIVITY","valueInML":0.0,"activityId":8207621957,"capped":false,"estimatedSweatLossInML":378.0,"duration":3025.967041015625},{"userProfilePK":87578117,"calendarDate":{"date":"Jan 31, 2022 12:00:00 AM"},"persistedTimestampGMT":{"date":"Jan 31, 2022 5:51:19 AM"},"timestampLocal":{"date":"Jan 31, 2022 6:22:31 AM"},"hydrationSource":"GARMIN_ACTIVITY","valueInML":0.0,"activityId":8211981625,"capped":false,"estimatedSweatLossInML":220.0,"duration":1387.906982421875},{"userProfilePK":87578117,"calendarDate":{"date":"Feb 1, 2022 12:00:00 AM"},"persistedTimestampGMT":{"date":"Feb 1, 2022 5:08:30 AM"},"timestampLocal":{"date":"Feb 1, 2022 5:00:17 AM"},"hydrationSource":"GARMIN_ACTIVITY","valueInML":0.0,"activityId":8217339401,"capped":false,"estimatedSweatLossInML":604.0,"duration":3697.251953125},{"userProfilePK":87578117,"calendarDate":{"date":"Feb 1, 2022 12:00:00 AM"},"persistedTimestampGMT":{"date":"Feb 1, 2022 11:13:19 AM"},"timestampLocal":{"date":"Feb 1, 2022 8:22:48 AM"},"hydrationSource":"GARMIN_ACTIVITY","valueInML":0.0,"activityId":8218527331,"capped":false,"estimatedSweatLossInML":243.0,"duration":2095.300048828125},{"userProfilePK":87578117,"calendarDate":{"date":"Feb 1, 2022 12:00:00 AM"},"persistedTimestampGMT":{"date":"Feb 1, 2022 12:21:16 PM"},"timestampLocal":{"date":"Feb 1, 2022 12:18:41 PM"},"hydrationSource":"GARMIN_ACTIVITY","valueInML":0.0,"activityId":8218881297,"capped":false,"estimatedSweatLossInML":578.0,"duration":3428.924072265625},{"userProfilePK":87578117,"calendarDate":{"date":"Feb 1, 2022 12:00:00 AM"},"persistedTimestampGMT":{"date":"Feb 1, 2022 6:12:43 PM"},"timestampLocal":{"date":"Feb 1, 2022 6:34:17 PM"},"hydrationSource":"GARMIN_ACTIVITY","valueInML":0.0,"activityId":8220782540,"capped":false,"estimatedSweatLossInML":256.0,"duration":1848.16796875},{"userProfilePK":87578117,"calendarDate":{"date":"Feb 2, 2022 12:00:00 AM"},"persistedTimestampGMT":{"date":"Feb 2, 2022 6:03:18 AM"},"timestampLocal":{"date":"Feb 2, 2022 6:02:20 AM"},"hydrationSource":"GARMIN_ACTIVITY","valueInML":0.0,"activityId":8223380361,"capped":false,"estimatedSweatLossInML":517.0,"duration":3210.821044921875},{"userProfilePK":87578117,"calendarDate":{"date":"Feb 2, 2022 12:00:00 AM"},"persistedTimestampGMT":{"date":"Feb 2, 2022 1:39:52 PM"},"timestampLocal":{"date":"Feb 2, 2022 8:31:53 AM"},"hydrationSource":"GARMIN_ACTIVITY","valueInML":0.0,"activityId":8225220005,"capped":false,"estimatedSweatLossInML":265.0,"duration":1901.6280517578125},{"userProfilePK":87578117,"calendarDate":{"date":"Feb 2, 2022 12:00:00 AM"},"persistedTimestampGMT":{"date":"Feb 2, 2022 1:40:23 PM"},"timestampLocal":{"date":"Feb 2, 2022 12:19:49 PM"},"hydrationSource":"GARMIN_ACTIVITY","valueInML":0.0,"activityId":8225222456,"capped":false,"estimatedSweatLossInML":552.0,"duration":3544.527099609375},{"userProfilePK":87578117,"calendarDate":{"date":"Feb 2, 2022 12:00:00 AM"},"persistedTimestampGMT":{"date":"Feb 2, 2022 5:31:48 PM"},"timestampLocal":{"date":"Feb 2, 2022 6:08:37 PM"},"hydrationSource":"GARMIN_ACTIVITY","valueInML":0.0,"activityId":8226480657,"capped":false,"estimatedSweatLossInML":243.0,"duration":1053.0899658203125},{"userProfilePK":87578117,"calendarDate":{"date":"Feb 3, 2022 12:00:00 AM"},"persistedTimestampGMT":{"date":"Feb 3, 2022 6:06:21 AM"},"timestampLocal":{"date":"Feb 3, 2022 5:58:31 AM"},"hydrationSource":"GARMIN_ACTIVITY","valueInML":0.0,"activityId":8229154863,"capped":false,"estimatedSweatLossInML":546.0,"duration":3772.18408203125},{"userProfilePK":87578117,"calendarDate":{"date":"Feb 3, 2022 12:00:00 AM"},"persistedTimestampGMT":{"date":"Feb 3, 2022 12:25:44 PM"},"timestampLocal":{"date":"Feb 3, 2022 8:34:43 AM"},"hydrationSource":"GARMIN_ACTIVITY","valueInML":0.0,"activityId":8230553685,"capped":false,"estimatedSweatLossInML":239.0,"duration":1172.8480224609375},{"userProfilePK":87578117,"calendarDate":{"date":"Feb 3, 2022 12:00:00 AM"},"persistedTimestampGMT":{"date":"Feb 3, 2022 12:26:15 PM"},"timestampLocal":{"date":"Feb 3, 2022 12:12:11 PM"},"hydrationSource":"GARMIN_ACTIVITY","valueInML":0.0,"activityId":8230556346,"capped":false,"estimatedSweatLossInML":549.0,"duration":3431.7548828125},{"userProfilePK":87578117,"calendarDate":{"date":"Feb 3, 2022 12:00:00 AM"},"persistedTimestampGMT":{"date":"Feb 4, 2022 4:45:16 PM"},"timestampLocal":{"date":"Feb 3, 2022 6:10:00 PM"},"hydrationSource":"GARMIN_ACTIVITY","valueInML":0.0,"activityId":8237220636,"capped":false,"estimatedSweatLossInML":246.0,"duration":1354.6829833984375},{"userProfilePK":87578117,"calendarDate":{"date":"Feb 4, 2022 12:00:00 AM"},"persistedTimestampGMT":{"date":"Feb 4, 2022 4:45:55 PM"},"timestampLocal":{"date":"Feb 4, 2022 7:06:18 AM"},"hydrationSource":"GARMIN_ACTIVITY","valueInML":0.0,"activityId":8237224010,"capped":false,"estimatedSweatLossInML":636.0,"duration":4094.1669921875},{"userProfilePK":87578117,"calendarDate":{"date":"Feb 4, 2022 12:00:00 AM"},"persistedTimestampGMT":{"date":"Feb 4, 2022 9:57:45 PM"},"timestampLocal":{"date":"Feb 4, 2022 9:59:37 PM"},"hydrationSource":"GARMIN_ACTIVITY","valueInML":0.0,"activityId":8238518650,"capped":false,"estimatedSweatLossInML":506.0,"duration":3202.530029296875},{"userProfilePK":87578117,"calendarDate":{"date":"Feb 5, 2022 12:00:00 AM"},"persistedTimestampGMT":{"date":"Feb 5, 2022 7:34:24 AM"},"timestampLocal":{"date":"Feb 5, 2022 8:06:34 AM"},"hydrationSource":"GARMIN_ACTIVITY","valueInML":0.0,"activityId":8239808301,"capped":false,"estimatedSweatLossInML":210.0,"duration":1372.6419677734375},{"userProfilePK":87578117,"calendarDate":{"date":"Feb 6, 2022 12:00:00 AM"},"persistedTimestampGMT":{"date":"Feb 6, 2022 1:58:23 PM"},"timestampLocal":{"date":"Feb 6, 2022 2:26:31 PM"},"hydrationSource":"GARMIN_ACTIVITY","valueInML":0.0,"activityId":8248152487,"capped":false,"estimatedSweatLossInML":278.0,"duration":1822.4940185546875},{"userProfilePK":87578117,"calendarDate":{"date":"Feb 7, 2022 12:00:00 AM"},"persistedTimestampGMT":{"date":"Feb 7, 2022 7:57:24 AM"},"timestampLocal":{"date":"Feb 7, 2022 8:36:09 AM"},"hydrationSource":"GARMIN_ACTIVITY","valueInML":0.0,"activityId":8251924186,"capped":false,"estimatedSweatLossInML":229.0,"duration":1209.791015625},{"userProfilePK":87578117,"calendarDate":{"date":"Feb 7, 2022 12:00:00 AM"},"persistedTimestampGMT":{"date":"Feb 7, 2022 12:30:30 PM"},"timestampLocal":{"date":"Feb 7, 2022 12:24:34 PM"},"hydrationSource":"GARMIN_ACTIVITY","valueInML":0.0,"activityId":8253005501,"capped":false,"estimatedSweatLossInML":582.0,"duration":3829.4169921875},{"userProfilePK":87578117,"calendarDate":{"date":"Feb 7, 2022 12:00:00 AM"},"persistedTimestampGMT":{"date":"Feb 7, 2022 5:17:26 PM"},"timestampLocal":{"date":"Feb 7, 2022 5:50:07 PM"},"hydrationSource":"GARMIN_ACTIVITY","valueInML":0.0,"activityId":8254462062,"capped":false,"estimatedSweatLossInML":221.0,"duration":1469.6529541015625},{"userProfilePK":87578117,"calendarDate":{"date":"Feb 8, 2022 12:00:00 AM"},"persistedTimestampGMT":{"date":"Feb 8, 2022 6:02:26 AM"},"timestampLocal":{"date":"Feb 8, 2022 4:52:40 AM"},"hydrationSource":"GARMIN_ACTIVITY","valueInML":0.0,"activityId":8257262606,"capped":false,"estimatedSweatLossInML":1031.0,"duration":7229.908203125},{"userProfilePK":87578117,"calendarDate":{"date":"Feb 8, 2022 12:00:00 AM"},"persistedTimestampGMT":{"date":"Feb 8, 2022 7:59:08 AM"},"timestampLocal":{"date":"Feb 8, 2022 8:34:43 AM"},"hydrationSource":"GARMIN_ACTIVITY","valueInML":0.0,"activityId":8257651087,"capped":false,"estimatedSweatLossInML":196.0,"duration":1195.574951171875},{"userProfilePK":87578117,"calendarDate":{"date":"Feb 8, 2022 12:00:00 AM"},"persistedTimestampGMT":{"date":"Feb 8, 2022 1:02:41 PM"},"timestampLocal":{"date":"Feb 8, 2022 12:37:14 PM"},"hydrationSource":"GARMIN_ACTIVITY","valueInML":0.0,"activityId":8259007266,"capped":false,"estimatedSweatLossInML":719.0,"duration":3865.467041015625},{"userProfilePK":87578117,"calendarDate":{"date":"Feb 8, 2022 12:00:00 AM"},"persistedTimestampGMT":{"date":"Feb 8, 2022 5:23:41 PM"},"timestampLocal":{"date":"Feb 8, 2022 5:54:34 PM"},"hydrationSource":"GARMIN_ACTIVITY","valueInML":0.0,"activityId":8260467181,"capped":false,"estimatedSweatLossInML":224.0,"duration":1697.2659912109375},{"userProfilePK":87578117,"calendarDate":{"date":"Feb 9, 2022 12:00:00 AM"},"persistedTimestampGMT":{"date":"Feb 9, 2022 9:21:55 AM"},"timestampLocal":{"date":"Feb 9, 2022 8:34:02 AM"},"hydrationSource":"GARMIN_ACTIVITY","valueInML":0.0,"activityId":8264151080,"capped":false,"estimatedSweatLossInML":197.0,"duration":1310.3370361328125},{"userProfilePK":87578117,"calendarDate":{"date":"Feb 9, 2022 12:00:00 AM"},"persistedTimestampGMT":{"date":"Feb 9, 2022 1:48:41 PM"},"timestampLocal":{"date":"Feb 9, 2022 12:15:26 PM"},"hydrationSource":"GARMIN_ACTIVITY","valueInML":0.0,"activityId":8265472228,"capped":false,"estimatedSweatLossInML":680.0,"duration":3590.675048828125},{"userProfilePK":87578117,"calendarDate":{"date":"Feb 9, 2022 12:00:00 AM"},"persistedTimestampGMT":{"date":"Feb 9, 2022 7:31:06 PM"},"timestampLocal":{"date":"Feb 9, 2022 6:11:58 PM"},"hydrationSource":"GARMIN_ACTIVITY","valueInML":0.0,"activityId":8267660057,"capped":false,"estimatedSweatLossInML":545.0,"duration":3268.77197265625},{"userProfilePK":87578117,"calendarDate":{"date":"Feb 10, 2022 12:00:00 AM"},"persistedTimestampGMT":{"date":"Feb 10, 2022 6:01:19 AM"},"timestampLocal":{"date":"Feb 10, 2022 5:31:42 AM"},"hydrationSource":"GARMIN_ACTIVITY","valueInML":0.0,"activityId":8269612799,"capped":false,"estimatedSweatLossInML":512.0,"duration":3391.77001953125},{"userProfilePK":87578117,"calendarDate":{"date":"Feb 10, 2022 12:00:00 AM"},"persistedTimestampGMT":{"date":"Feb 10, 2022 6:01:31 AM"},"timestampLocal":{"date":"Feb 10, 2022 6:32:39 AM"},"hydrationSource":"GARMIN_ACTIVITY","valueInML":0.0,"activityId":8269613317,"capped":false,"estimatedSweatLossInML":195.0,"duration":1328.3060302734375},{"userProfilePK":87578117,"calendarDate":{"date":"Feb 10, 2022 12:00:00 AM"},"persistedTimestampGMT":{"date":"Feb 10, 2022 7:55:56 AM"},"timestampLocal":{"date":"Feb 10, 2022 8:35:11 AM"},"hydrationSource":"GARMIN_ACTIVITY","valueInML":0.0,"activityId":8269958817,"capped":false,"estimatedSweatLossInML":206.0,"duration":1138.991943359375},{"userProfilePK":87578117,"calendarDate":{"date":"Feb 10, 2022 12:00:00 AM"},"persistedTimestampGMT":{"date":"Feb 10, 2022 4:33:33 PM"},"timestampLocal":{"date":"Feb 10, 2022 5:07:31 PM"},"hydrationSource":"GARMIN_ACTIVITY","valueInML":0.0,"activityId":8272345035,"capped":false,"estimatedSweatLossInML":265.0,"duration":1305.56005859375},{"userProfilePK":87578117,"calendarDate":{"date":"Feb 10, 2022 12:00:00 AM"},"persistedTimestampGMT":{"date":"Feb 10, 2022 5:13:09 PM"},"timestampLocal":{"date":"Feb 10, 2022 5:40:11 PM"},"hydrationSource":"GARMIN_ACTIVITY","valueInML":0.0,"activityId":8272588416,"capped":false,"estimatedSweatLossInML":237.0,"duration":1306.4630126953125},{"userProfilePK":87578117,"calendarDate":{"date":"Feb 11, 2022 12:00:00 AM"},"persistedTimestampGMT":{"date":"Feb 11, 2022 9:04:18 AM"},"timestampLocal":{"date":"Feb 11, 2022 7:53:43 AM"},"hydrationSource":"GARMIN_ACTIVITY","valueInML":0.0,"activityId":8275994013,"capped":false,"estimatedSweatLossInML":517.0,"duration":3114.532958984375},{"userProfilePK":87578117,"calendarDate":{"date":"Feb 11, 2022 12:00:00 AM"},"persistedTimestampGMT":{"date":"Feb 11, 2022 6:00:06 PM"},"timestampLocal":{"date":"Feb 11, 2022 6:10:25 PM"},"hydrationSource":"GARMIN_ACTIVITY","valueInML":0.0,"activityId":8278611209,"capped":false,"estimatedSweatLossInML":485.0,"duration":2798.166015625},{"userProfilePK":87578117,"calendarDate":{"date":"Feb 12, 2022 12:00:00 AM"},"persistedTimestampGMT":{"date":"Feb 12, 2022 11:36:02 AM"},"timestampLocal":{"date":"Feb 12, 2022 8:45:53 AM"},"hydrationSource":"GARMIN_ACTIVITY","valueInML":0.0,"activityId":8282286708,"capped":false,"estimatedSweatLossInML":56.0,"duration":420.1619873046875},{"userProfilePK":87578117,"calendarDate":{"date":"Feb 12, 2022 12:00:00 AM"},"persistedTimestampGMT":{"date":"Feb 12, 2022 11:42:24 AM"},"timestampLocal":{"date":"Feb 12, 2022 8:58:15 AM"},"hydrationSource":"GARMIN_ACTIVITY","valueInML":0.0,"activityId":8282332479,"capped":false,"estimatedSweatLossInML":2052.0,"duration":12612.84765625},{"userProfilePK":87578117,"calendarDate":{"date":"Feb 13, 2022 12:00:00 AM"},"persistedTimestampGMT":{"date":"Feb 13, 2022 4:18:35 PM"},"timestampLocal":{"date":"Feb 13, 2022 4:30:17 PM"},"hydrationSource":"GARMIN_ACTIVITY","valueInML":0.0,"activityId":8290767149,"capped":false,"estimatedSweatLossInML":418.0,"duration":2537.80810546875},{"userProfilePK":87578117,"calendarDate":{"date":"Feb 14, 2022 12:00:00 AM"},"persistedTimestampGMT":{"date":"Feb 14, 2022 10:12:54 AM"},"timestampLocal":{"date":"Feb 14, 2022 8:35:14 AM"},"hydrationSource":"GARMIN_ACTIVITY","valueInML":0.0,"activityId":8294056974,"capped":false,"estimatedSweatLossInML":214.0,"duration":1249.2669677734375},{"userProfilePK":87578117,"calendarDate":{"date":"Feb 14, 2022 12:00:00 AM"},"persistedTimestampGMT":{"date":"Feb 14, 2022 12:37:36 PM"},"timestampLocal":{"date":"Feb 14, 2022 12:15:37 PM"},"hydrationSource":"GARMIN_ACTIVITY","valueInML":0.0,"activityId":8294692808,"capped":false,"estimatedSweatLossInML":675.0,"duration":3866.552978515625},{"userProfilePK":87578117,"calendarDate":{"date":"Feb 14, 2022 12:00:00 AM"},"persistedTimestampGMT":{"date":"Feb 14, 2022 5:10:45 PM"},"timestampLocal":{"date":"Feb 14, 2022 5:26:24 PM"},"hydrationSource":"GARMIN_ACTIVITY","valueInML":0.0,"activityId":8296007985,"capped":false,"estimatedSweatLossInML":220.0,"duration":1405.2330322265625},{"userProfilePK":87578117,"calendarDate":{"date":"Feb 15, 2022 12:00:00 AM"},"persistedTimestampGMT":{"date":"Feb 15, 2022 5:28:30 PM"},"timestampLocal":{"date":"Feb 15, 2022 5:48:14 PM"},"hydrationSource":"GARMIN_ACTIVITY","valueInML":0.0,"activityId":8301724433,"capped":false,"estimatedSweatLossInML":270.0,"duration":1931.6519775390625},{"userProfilePK":87578117,"calendarDate":{"date":"Feb 16, 2022 12:00:00 AM"},"persistedTimestampGMT":{"date":"Feb 16, 2022 6:08:16 AM"},"timestampLocal":{"date":"Feb 16, 2022 6:05:28 AM"},"hydrationSource":"GARMIN_ACTIVITY","valueInML":0.0,"activityId":8304593936,"capped":false,"estimatedSweatLossInML":487.0,"duration":3416.47607421875},{"userProfilePK":87578117,"calendarDate":{"date":"Feb 16, 2022 12:00:00 AM"},"persistedTimestampGMT":{"date":"Feb 16, 2022 5:50:45 PM"},"timestampLocal":{"date":"Feb 16, 2022 8:36:13 AM"},"hydrationSource":"GARMIN_ACTIVITY","valueInML":0.0,"activityId":8307730135,"capped":false,"estimatedSweatLossInML":233.0,"duration":1286.636962890625},{"userProfilePK":87578117,"calendarDate":{"date":"Feb 16, 2022 12:00:00 AM"},"persistedTimestampGMT":{"date":"Feb 16, 2022 5:50:47 PM"},"timestampLocal":{"date":"Feb 16, 2022 12:53:30 PM"},"hydrationSource":"GARMIN_ACTIVITY","valueInML":0.0,"activityId":8307730359,"capped":false,"estimatedSweatLossInML":551.0,"duration":3369.818115234375},{"userProfilePK":87578117,"calendarDate":{"date":"Feb 16, 2022 12:00:00 AM"},"persistedTimestampGMT":{"date":"Feb 16, 2022 5:50:48 PM"},"timestampLocal":{"date":"Feb 16, 2022 6:14:56 PM"},"hydrationSource":"GARMIN_ACTIVITY","valueInML":0.0,"activityId":8307730507,"capped":false,"estimatedSweatLossInML":235.0,"duration":1763.1920166015625},{"userProfilePK":87578117,"calendarDate":{"date":"Feb 17, 2022 12:00:00 AM"},"persistedTimestampGMT":{"date":"Feb 17, 2022 10:14:17 PM"},"timestampLocal":{"date":"Feb 17, 2022 7:47:24 AM"},"hydrationSource":"GARMIN_ACTIVITY","valueInML":0.0,"activityId":8314598214,"capped":false,"estimatedSweatLossInML":260.0,"duration":1563.4090576171875},{"userProfilePK":87578117,"calendarDate":{"date":"Feb 17, 2022 12:00:00 AM"},"persistedTimestampGMT":{"date":"Feb 17, 2022 10:14:41 PM"},"timestampLocal":{"date":"Feb 17, 2022 8:18:54 AM"},"hydrationSource":"GARMIN_ACTIVITY","valueInML":0.0,"activityId":8314599485,"capped":false,"estimatedSweatLossInML":238.0,"duration":1322.677001953125},{"userProfilePK":87578117,"calendarDate":{"date":"Feb 17, 2022 12:00:00 AM"},"persistedTimestampGMT":{"date":"Feb 17, 2022 10:15:12 PM"},"timestampLocal":{"date":"Feb 17, 2022 6:18:13 PM"},"hydrationSource":"GARMIN_ACTIVITY","valueInML":0.0,"activityId":8314601325,"capped":false,"estimatedSweatLossInML":241.0,"duration":1476.6810302734375},{"userProfilePK":87578117,"calendarDate":{"date":"Feb 18, 2022 12:00:00 AM"},"persistedTimestampGMT":{"date":"Feb 18, 2022 12:38:09 PM"},"timestampLocal":{"date":"Feb 18, 2022 8:29:03 AM"},"hydrationSource":"GARMIN_ACTIVITY","valueInML":0.0,"activityId":8317050942,"capped":false,"estimatedSweatLossInML":220.0,"duration":1252.5679931640625},{"userProfilePK":87578117,"calendarDate":{"date":"Feb 18, 2022 12:00:00 AM"},"persistedTimestampGMT":{"date":"Feb 18, 2022 12:38:44 PM"},"timestampLocal":{"date":"Feb 18, 2022 12:35:18 PM"},"hydrationSource":"GARMIN_ACTIVITY","valueInML":0.0,"activityId":8317053633,"capped":false,"estimatedSweatLossInML":492.0,"duration":2797.43798828125},{"userProfilePK":87578117,"calendarDate":{"date":"Feb 18, 2022 12:00:00 AM"},"persistedTimestampGMT":{"date":"Feb 18, 2022 5:44:39 PM"},"timestampLocal":{"date":"Feb 18, 2022 6:12:15 PM"},"hydrationSource":"GARMIN_ACTIVITY","valueInML":0.0,"activityId":8318512696,"capped":false,"estimatedSweatLossInML":243.0,"duration":1576.2349853515625},{"userProfilePK":87578117,"calendarDate":{"date":"Feb 19, 2022 12:00:00 AM"},"persistedTimestampGMT":{"date":"Feb 19, 2022 7:48:13 AM"},"timestampLocal":{"date":"Feb 19, 2022 8:15:05 AM"},"hydrationSource":"GARMIN_ACTIVITY","valueInML":0.0,"activityId":8320804938,"capped":false,"estimatedSweatLossInML":255.0,"duration":1646.5870361328125},{"userProfilePK":87578117,"calendarDate":{"date":"Feb 19, 2022 12:00:00 AM"},"persistedTimestampGMT":{"date":"Feb 20, 2022 7:42:51 AM"},"timestampLocal":{"date":"Feb 19, 2022 4:38:42 PM"},"hydrationSource":"GARMIN_ACTIVITY","valueInML":0.0,"activityId":8326479413,"capped":false,"estimatedSweatLossInML":63.0,"duration":423.9859924316406},{"userProfilePK":87578117,"calendarDate":{"date":"Feb 20, 2022 12:00:00 AM"},"persistedTimestampGMT":{"date":"Feb 20, 2022 7:43:06 AM"},"timestampLocal":{"date":"Feb 20, 2022 7:45:53 AM"},"hydrationSource":"GARMIN_ACTIVITY","valueInML":0.0,"activityId":8326480096,"capped":false,"estimatedSweatLossInML":213.0,"duration":1711.239990234375},{"userProfilePK":87578117,"calendarDate":{"date":"Feb 20, 2022 12:00:00 AM"},"persistedTimestampGMT":{"date":"Feb 20, 2022 3:21:54 PM"},"timestampLocal":{"date":"Feb 20, 2022 12:09:57 PM"},"hydrationSource":"GARMIN_ACTIVITY","valueInML":0.0,"activityId":8329345237,"capped":false,"estimatedSweatLossInML":65.0,"duration":648.39697265625},{"userProfilePK":87578117,"calendarDate":{"date":"Feb 20, 2022 12:00:00 AM"},"persistedTimestampGMT":{"date":"Feb 20, 2022 3:23:47 PM"},"timestampLocal":{"date":"Feb 20, 2022 12:35:31 PM"},"hydrationSource":"GARMIN_ACTIVITY","valueInML":0.0,"activityId":8329357724,"capped":false,"estimatedSweatLossInML":1943.0,"duration":9439.7841796875},{"userProfilePK":87578117,"calendarDate":{"date":"Feb 21, 2022 12:00:00 AM"},"persistedTimestampGMT":{"date":"Feb 21, 2022 7:59:19 AM"},"timestampLocal":{"date":"Feb 21, 2022 8:44:27 AM"},"hydrationSource":"GARMIN_ACTIVITY","valueInML":0.0,"activityId":8332572985,"capped":false,"estimatedSweatLossInML":156.0,"duration":839.1129760742188},{"userProfilePK":87578117,"calendarDate":{"date":"Feb 21, 2022 12:00:00 AM"},"persistedTimestampGMT":{"date":"Feb 21, 2022 2:34:40 PM"},"timestampLocal":{"date":"Feb 21, 2022 12:24:52 PM"},"hydrationSource":"GARMIN_ACTIVITY","valueInML":0.0,"activityId":8334068672,"capped":false,"estimatedSweatLossInML":707.0,"duration":4053.97998046875},{"userProfilePK":87578117,"calendarDate":{"date":"Feb 21, 2022 12:00:00 AM"},"persistedTimestampGMT":{"date":"Feb 22, 2022 12:46:28 PM"},"timestampLocal":{"date":"Feb 21, 2022 5:56:27 PM"},"hydrationSource":"GARMIN_ACTIVITY","valueInML":0.0,"activityId":8339308337,"capped":false,"estimatedSweatLossInML":223.0,"duration":1350.385986328125},{"userProfilePK":87578117,"calendarDate":{"date":"Feb 22, 2022 12:00:00 AM"},"persistedTimestampGMT":{"date":"Feb 22, 2022 12:46:35 PM"},"timestampLocal":{"date":"Feb 22, 2022 1:32:58 PM"},"hydrationSource":"GARMIN_ACTIVITY","valueInML":0.0,"activityId":8339309048,"capped":false,"estimatedSweatLossInML":113.0,"duration":700.2680053710938},{"userProfilePK":87578117,"calendarDate":{"date":"Feb 22, 2022 12:00:00 AM"},"persistedTimestampGMT":{"date":"Feb 23, 2022 12:45:24 AM"},"timestampLocal":{"date":"Feb 22, 2022 6:15:25 PM"},"hydrationSource":"GARMIN_ACTIVITY","valueInML":0.0,"activityId":8342925181,"capped":false,"estimatedSweatLossInML":84.0,"duration":492.2909851074219},{"userProfilePK":87578117,"calendarDate":{"date":"Feb 23, 2022 12:00:00 AM"},"persistedTimestampGMT":{"date":"Feb 23, 2022 7:57:04 AM"},"timestampLocal":{"date":"Feb 23, 2022 8:34:13 AM"},"hydrationSource":"GARMIN_ACTIVITY","valueInML":0.0,"activityId":8344008281,"capped":false,"estimatedSweatLossInML":206.0,"duration":1262.5560302734375},{"userProfilePK":87578117,"calendarDate":{"date":"Feb 23, 2022 12:00:00 AM"},"persistedTimestampGMT":{"date":"Feb 23, 2022 12:28:21 PM"},"timestampLocal":{"date":"Feb 23, 2022 12:10:18 PM"},"hydrationSource":"GARMIN_ACTIVITY","valueInML":0.0,"activityId":8345197909,"capped":false,"estimatedSweatLossInML":637.0,"duration":3732.39794921875},{"userProfilePK":87578117,"calendarDate":{"date":"Feb 23, 2022 12:00:00 AM"},"persistedTimestampGMT":{"date":"Feb 23, 2022 5:32:05 PM"},"timestampLocal":{"date":"Feb 23, 2022 6:03:15 PM"},"hydrationSource":"GARMIN_ACTIVITY","valueInML":0.0,"activityId":8346961020,"capped":false,"estimatedSweatLossInML":218.0,"duration":1398.842041015625},{"userProfilePK":87578117,"calendarDate":{"date":"Feb 24, 2022 12:00:00 AM"},"persistedTimestampGMT":{"date":"Feb 24, 2022 5:28:18 PM"},"timestampLocal":{"date":"Feb 24, 2022 8:01:41 AM"},"hydrationSource":"GARMIN_ACTIVITY","valueInML":0.0,"activityId":8352418941,"capped":false,"estimatedSweatLossInML":120.0,"duration":795.176025390625},{"userProfilePK":87578117,"calendarDate":{"date":"Feb 24, 2022 12:00:00 AM"},"persistedTimestampGMT":{"date":"Feb 24, 2022 5:28:33 PM"},"timestampLocal":{"date":"Feb 24, 2022 8:18:52 AM"},"hydrationSource":"GARMIN_ACTIVITY","valueInML":0.0,"activityId":8352420319,"capped":false,"estimatedSweatLossInML":198.0,"duration":1217.9329833984375},{"userProfilePK":87578117,"calendarDate":{"date":"Feb 24, 2022 12:00:00 AM"},"persistedTimestampGMT":{"date":"Feb 24, 2022 5:28:50 PM"},"timestampLocal":{"date":"Feb 24, 2022 6:02:54 PM"},"hydrationSource":"GARMIN_ACTIVITY","valueInML":0.0,"activityId":8352421785,"capped":false,"estimatedSweatLossInML":263.0,"duration":1289.6610107421875},{"userProfilePK":87578117,"calendarDate":{"date":"Feb 25, 2022 12:00:00 AM"},"persistedTimestampGMT":{"date":"Feb 25, 2022 4:58:07 PM"},"timestampLocal":{"date":"Feb 25, 2022 7:46:42 AM"},"hydrationSource":"GARMIN_ACTIVITY","valueInML":0.0,"activityId":8357427342,"capped":false,"estimatedSweatLossInML":209.0,"duration":1129.008056640625},{"userProfilePK":87578117,"calendarDate":{"date":"Feb 25, 2022 12:00:00 AM"},"persistedTimestampGMT":{"date":"Feb 25, 2022 4:58:10 PM"},"timestampLocal":{"date":"Feb 25, 2022 12:19:48 PM"},"hydrationSource":"GARMIN_ACTIVITY","valueInML":0.0,"activityId":8357427583,"capped":false,"estimatedSweatLossInML":510.0,"duration":3219.06103515625},{"userProfilePK":87578117,"calendarDate":{"date":"Feb 25, 2022 12:00:00 AM"},"persistedTimestampGMT":{"date":"Feb 25, 2022 4:58:11 PM"},"timestampLocal":{"date":"Feb 25, 2022 5:35:23 PM"},"hydrationSource":"GARMIN_ACTIVITY","valueInML":0.0,"activityId":8357427746,"capped":false,"estimatedSweatLossInML":249.0,"duration":1031.3900146484375},{"userProfilePK":87578117,"calendarDate":{"date":"Feb 26, 2022 12:00:00 AM"},"persistedTimestampGMT":{"date":"Feb 26, 2022 5:50:45 PM"},"timestampLocal":{"date":"Feb 26, 2022 6:02:01 PM"},"hydrationSource":"GARMIN_ACTIVITY","valueInML":0.0,"activityId":8363655099,"capped":false,"estimatedSweatLossInML":405.0,"duration":2818.89697265625},{"userProfilePK":87578117,"calendarDate":{"date":"Feb 27, 2022 12:00:00 AM"},"persistedTimestampGMT":{"date":"Feb 27, 2022 7:26:50 AM"},"timestampLocal":{"date":"Feb 27, 2022 7:51:01 AM"},"hydrationSource":"GARMIN_ACTIVITY","valueInML":0.0,"activityId":8365776294,"capped":false,"estimatedSweatLossInML":274.0,"duration":2025.9410400390625},{"userProfilePK":87578117,"calendarDate":{"date":"Feb 28, 2022 12:00:00 AM"},"persistedTimestampGMT":{"date":"Feb 28, 2022 11:21:15 AM"},"timestampLocal":{"date":"Feb 28, 2022 8:38:17 AM"},"hydrationSource":"GARMIN_ACTIVITY","valueInML":0.0,"activityId":8373082662,"capped":false,"estimatedSweatLossInML":209.0,"duration":1231.9539794921875},{"userProfilePK":87578117,"calendarDate":{"date":"Feb 28, 2022 12:00:00 AM"},"persistedTimestampGMT":{"date":"Feb 28, 2022 11:46:13 AM"},"timestampLocal":{"date":"Feb 28, 2022 12:28:33 PM"},"hydrationSource":"GARMIN_ACTIVITY","valueInML":0.0,"activityId":8373204730,"capped":false,"estimatedSweatLossInML":152.0,"duration":789.4359741210938},{"userProfilePK":87578117,"calendarDate":{"date":"Feb 28, 2022 12:00:00 AM"},"persistedTimestampGMT":{"date":"Feb 28, 2022 12:41:09 PM"},"timestampLocal":{"date":"Feb 28, 2022 1:17:37 PM"},"hydrationSource":"GARMIN_ACTIVITY","valueInML":0.0,"activityId":8373498446,"capped":false,"estimatedSweatLossInML":160.0,"duration":815.9149780273438},{"userProfilePK":87578117,"calendarDate":{"date":"Feb 28, 2022 12:00:00 AM"},"persistedTimestampGMT":{"date":"Feb 28, 2022 5:59:01 PM"},"timestampLocal":{"date":"Feb 28, 2022 6:27:24 PM"},"hydrationSource":"GARMIN_ACTIVITY","valueInML":0.0,"activityId":8375234934,"capped":false,"estimatedSweatLossInML":223.0,"duration":1251.8680419921875},{"userProfilePK":87578117,"calendarDate":{"date":"Mar 1, 2022 12:00:00 AM"},"persistedTimestampGMT":{"date":"Mar 1, 2022 1:04:57 PM"},"timestampLocal":{"date":"Mar 1, 2022 8:00:44 AM"},"hydrationSource":"GARMIN_ACTIVITY","valueInML":0.0,"activityId":8379326455,"capped":false,"estimatedSweatLossInML":201.0,"duration":1270.8179931640625},{"userProfilePK":87578117,"calendarDate":{"date":"Mar 1, 2022 12:00:00 AM"},"persistedTimestampGMT":{"date":"Mar 1, 2022 1:05:06 PM"},"timestampLocal":{"date":"Mar 1, 2022 12:15:31 PM"},"hydrationSource":"GARMIN_ACTIVITY","valueInML":0.0,"activityId":8379327299,"capped":false,"estimatedSweatLossInML":157.0,"duration":836.4719848632812},{"userProfilePK":87578117,"calendarDate":{"date":"Mar 1, 2022 12:00:00 AM"},"persistedTimestampGMT":{"date":"Mar 1, 2022 1:05:20 PM"},"timestampLocal":{"date":"Mar 1, 2022 1:06:43 PM"},"hydrationSource":"GARMIN_ACTIVITY","valueInML":0.0,"activityId":8379328603,"capped":false,"estimatedSweatLossInML":186.0,"duration":965.3660278320312},{"userProfilePK":87578117,"calendarDate":{"date":"Mar 1, 2022 12:00:00 AM"},"persistedTimestampGMT":{"date":"Mar 1, 2022 5:36:08 PM"},"timestampLocal":{"date":"Mar 1, 2022 6:16:44 PM"},"hydrationSource":"GARMIN_ACTIVITY","valueInML":0.0,"activityId":8380887452,"capped":false,"estimatedSweatLossInML":169.0,"duration":1113.699951171875},{"userProfilePK":87578117,"calendarDate":{"date":"Mar 2, 2022 12:00:00 AM"},"persistedTimestampGMT":{"date":"Mar 2, 2022 7:01:55 AM"},"timestampLocal":{"date":"Mar 2, 2022 7:40:26 AM"},"hydrationSource":"GARMIN_ACTIVITY","valueInML":0.0,"activityId":8383831923,"capped":false,"estimatedSweatLossInML":209.0,"duration":1117.5179443359375},{"userProfilePK":87578117,"calendarDate":{"date":"Mar 2, 2022 12:00:00 AM"},"persistedTimestampGMT":{"date":"Mar 2, 2022 12:45:37 PM"},"timestampLocal":{"date":"Mar 2, 2022 12:22:14 PM"},"hydrationSource":"GARMIN_ACTIVITY","valueInML":0.0,"activityId":8385219980,"capped":false,"estimatedSweatLossInML":121.0,"duration":733.760009765625},{"userProfilePK":87578117,"calendarDate":{"date":"Mar 2, 2022 12:00:00 AM"},"persistedTimestampGMT":{"date":"Mar 2, 2022 12:45:48 PM"},"timestampLocal":{"date":"Mar 2, 2022 1:29:33 PM"},"hydrationSource":"GARMIN_ACTIVITY","valueInML":0.0,"activityId":8385220914,"capped":false,"estimatedSweatLossInML":161.0,"duration":902.2219848632812},{"userProfilePK":87578117,"calendarDate":{"date":"Mar 2, 2022 12:00:00 AM"},"persistedTimestampGMT":{"date":"Mar 2, 2022 5:18:12 PM"},"timestampLocal":{"date":"Mar 2, 2022 5:50:05 PM"},"hydrationSource":"GARMIN_ACTIVITY","valueInML":0.0,"activityId":8386729865,"capped":false,"estimatedSweatLossInML":193.0,"duration":1263.9150390625},{"userProfilePK":87578117,"calendarDate":{"date":"Mar 3, 2022 12:00:00 AM"},"persistedTimestampGMT":{"date":"Mar 3, 2022 5:35:10 PM"},"timestampLocal":{"date":"Mar 3, 2022 8:32:07 AM"},"hydrationSource":"GARMIN_ACTIVITY","valueInML":0.0,"activityId":8392695456,"capped":false,"estimatedSweatLossInML":225.0,"duration":1248.9510498046875},{"userProfilePK":87578117,"calendarDate":{"date":"Mar 3, 2022 12:00:00 AM"},"persistedTimestampGMT":{"date":"Mar 3, 2022 5:35:11 PM"},"timestampLocal":{"date":"Mar 3, 2022 5:50:09 PM"},"hydrationSource":"GARMIN_ACTIVITY","valueInML":0.0,"activityId":8392695586,"capped":false,"estimatedSweatLossInML":269.0,"duration":1163.197998046875},{"userProfilePK":87578117,"calendarDate":{"date":"Mar 3, 2022 12:00:00 AM"},"persistedTimestampGMT":{"date":"Mar 3, 2022 5:35:12 PM"},"timestampLocal":{"date":"Mar 3, 2022 6:12:37 PM"},"hydrationSource":"GARMIN_ACTIVITY","valueInML":0.0,"activityId":8392695681,"capped":false,"estimatedSweatLossInML":174.0,"duration":1004.9910278320312},{"userProfilePK":87578117,"calendarDate":{"date":"Mar 4, 2022 12:00:00 AM"},"persistedTimestampGMT":{"date":"Mar 4, 2022 1:18:43 PM"},"timestampLocal":{"date":"Mar 4, 2022 7:57:11 AM"},"hydrationSource":"GARMIN_ACTIVITY","valueInML":0.0,"activityId":8396900886,"capped":false,"estimatedSweatLossInML":231.0,"duration":1237.3609619140625},{"userProfilePK":87578117,"calendarDate":{"date":"Mar 4, 2022 12:00:00 AM"},"persistedTimestampGMT":{"date":"Mar 4, 2022 1:18:50 PM"},"timestampLocal":{"date":"Mar 4, 2022 12:24:08 PM"},"hydrationSource":"GARMIN_ACTIVITY","valueInML":0.0,"activityId":8396901451,"capped":false,"estimatedSweatLossInML":123.0,"duration":749.0230102539062},{"userProfilePK":87578117,"calendarDate":{"date":"Mar 4, 2022 12:00:00 AM"},"persistedTimestampGMT":{"date":"Mar 4, 2022 1:19:15 PM"},"timestampLocal":{"date":"Mar 4, 2022 1:30:51 PM"},"hydrationSource":"GARMIN_ACTIVITY","valueInML":0.0,"activityId":8396903536,"capped":false,"estimatedSweatLossInML":158.0,"duration":980.9769897460938},{"userProfilePK":87578117,"calendarDate":{"date":"Mar 4, 2022 12:00:00 AM"},"persistedTimestampGMT":{"date":"Mar 6, 2022 11:50:41 AM"},"timestampLocal":{"date":"Mar 4, 2022 5:44:22 PM"},"hydrationSource":"GARMIN_ACTIVITY","valueInML":0.0,"activityId":8408385751,"capped":false,"estimatedSweatLossInML":168.0,"duration":1417.35205078125},{"userProfilePK":87578117,"calendarDate":{"date":"Mar 5, 2022 12:00:00 AM"},"persistedTimestampGMT":{"date":"Mar 6, 2022 11:50:42 AM"},"timestampLocal":{"date":"Mar 5, 2022 6:29:53 PM"},"hydrationSource":"GARMIN_ACTIVITY","valueInML":0.0,"activityId":8408385933,"capped":false,"estimatedSweatLossInML":106.0,"duration":657.2319946289062},{"userProfilePK":87578117,"calendarDate":{"date":"Mar 6, 2022 12:00:00 AM"},"persistedTimestampGMT":{"date":"Mar 6, 2022 11:50:44 AM"},"timestampLocal":{"date":"Mar 6, 2022 9:17:50 AM"},"hydrationSource":"GARMIN_ACTIVITY","valueInML":0.0,"activityId":8408386148,"capped":false,"estimatedSweatLossInML":7.0,"duration":55.189998626708984},{"userProfilePK":87578117,"calendarDate":{"date":"Mar 6, 2022 12:00:00 AM"},"persistedTimestampGMT":{"date":"Mar 6, 2022 11:50:44 AM"},"timestampLocal":{"date":"Mar 6, 2022 9:50:48 AM"},"hydrationSource":"GARMIN_ACTIVITY","valueInML":0.0,"activityId":8408386254,"capped":false,"estimatedSweatLossInML":14.0,"duration":112.97000122070312},{"userProfilePK":87578117,"calendarDate":{"date":"Mar 6, 2022 12:00:00 AM"},"persistedTimestampGMT":{"date":"Mar 6, 2022 11:50:47 AM"},"timestampLocal":{"date":"Mar 6, 2022 10:15:38 AM"},"hydrationSource":"GARMIN_ACTIVITY","valueInML":0.0,"activityId":8408386694,"capped":false,"estimatedSweatLossInML":957.0,"duration":5881.8720703125},{"userProfilePK":87578117,"calendarDate":{"date":"Mar 7, 2022 12:00:00 AM"},"persistedTimestampGMT":{"date":"Mar 7, 2022 4:41:19 PM"},"timestampLocal":{"date":"Mar 7, 2022 8:17:16 AM"},"hydrationSource":"GARMIN_ACTIVITY","valueInML":0.0,"activityId":8415643573,"capped":false,"estimatedSweatLossInML":158.0,"duration":1434.7120361328125},{"userProfilePK":87578117,"calendarDate":{"date":"Mar 7, 2022 12:00:00 AM"},"persistedTimestampGMT":{"date":"Mar 7, 2022 4:41:29 PM"},"timestampLocal":{"date":"Mar 7, 2022 12:22:25 PM"},"hydrationSource":"GARMIN_ACTIVITY","valueInML":0.0,"activityId":8415644536,"capped":false,"estimatedSweatLossInML":147.0,"duration":1236.14599609375},{"userProfilePK":87578117,"calendarDate":{"date":"Mar 7, 2022 12:00:00 AM"},"persistedTimestampGMT":{"date":"Mar 7, 2022 4:41:46 PM"},"timestampLocal":{"date":"Mar 7, 2022 1:18:55 PM"},"hydrationSource":"GARMIN_ACTIVITY","valueInML":0.0,"activityId":8415646177,"capped":false,"estimatedSweatLossInML":166.0,"duration":1264.10595703125},{"userProfilePK":87578117,"calendarDate":{"date":"Mar 7, 2022 12:00:00 AM"},"persistedTimestampGMT":{"date":"Mar 7, 2022 6:26:46 PM"},"timestampLocal":{"date":"Mar 7, 2022 7:02:39 PM"},"hydrationSource":"GARMIN_ACTIVITY","valueInML":0.0,"activityId":8416317088,"capped":false,"estimatedSweatLossInML":173.0,"duration":1401.447998046875},{"userProfilePK":87578117,"calendarDate":{"date":"Mar 8, 2022 12:00:00 AM"},"persistedTimestampGMT":{"date":"Mar 8, 2022 8:29:42 AM"},"timestampLocal":{"date":"Mar 8, 2022 9:04:49 AM"},"hydrationSource":"GARMIN_ACTIVITY","valueInML":0.0,"activityId":8419038008,"capped":false,"estimatedSweatLossInML":186.0,"duration":1369.8270263671875},{"userProfilePK":87578117,"calendarDate":{"date":"Mar 8, 2022 12:00:00 AM"},"persistedTimestampGMT":{"date":"Mar 8, 2022 11:39:44 AM"},"timestampLocal":{"date":"Mar 8, 2022 12:13:49 PM"},"hydrationSource":"GARMIN_ACTIVITY","valueInML":0.0,"activityId":8419792802,"capped":false,"estimatedSweatLossInML":188.0,"duration":1531.166015625},{"userProfilePK":87578117,"calendarDate":{"date":"Mar 8, 2022 12:00:00 AM"},"persistedTimestampGMT":{"date":"Mar 8, 2022 2:05:31 PM"},"timestampLocal":{"date":"Mar 8, 2022 1:32:10 PM"},"hydrationSource":"GARMIN_ACTIVITY","valueInML":0.0,"activityId":8420589724,"capped":false,"estimatedSweatLossInML":203.0,"duration":1337.157958984375},{"userProfilePK":87578117,"calendarDate":{"date":"Mar 8, 2022 12:00:00 AM"},"persistedTimestampGMT":{"date":"Mar 8, 2022 5:23:23 PM"},"timestampLocal":{"date":"Mar 8, 2022 5:47:49 PM"},"hydrationSource":"GARMIN_ACTIVITY","valueInML":0.0,"activityId":8421709451,"capped":false,"estimatedSweatLossInML":192.0,"duration":1470.791015625}]