[{"userProfilePK":87578117,"calendarDate":{"date":"Feb 3, 2021 12:00:00 AM"},"persistedTimestampGMT":{"date":"Feb 3, 2021 6:52:40 AM"},"timestampLocal":{"date":"Feb 3, 2021 6:08:29 AM"},"hydrationSource":"GARMIN_ACTIVITY","valueInML":0.0,"activityId":6211122203,"capped":false,"estimatedSweatLossInML":901.0,"duration":5447.908203125},{"userProfilePK":87578117,"calendarDate":{"date":"Feb 5, 2021 12:00:00 AM"},"persistedTimestampGMT":{"date":"Feb 5, 2021 7:16:10 AM"},"timestampLocal":{"date":"Feb 5, 2021 7:08:56 AM"},"hydrationSource":"GARMIN_ACTIVITY","valueInML":0.0,"activityId":6221961619,"capped":false,"estimatedSweatLossInML":654.0,"duration":3356.758056640625},{"userProfilePK":87578117,"calendarDate":{"date":"Feb 7, 2021 12:00:00 AM"},"persistedTimestampGMT":{"date":"Feb 7, 2021 9:07:25 AM"},"timestampLocal":{"date":"Feb 7, 2021 6:49:35 AM"},"hydrationSource":"GARMIN_ACTIVITY","valueInML":0.0,"activityId":6233108444,"capped":false,"estimatedSweatLossInML":1040.0,"duration":6262.52392578125},{"userProfilePK":87578117,"calendarDate":{"date":"Feb 9, 2021 12:00:00 AM"},"persistedTimestampGMT":{"date":"Feb 9, 2021 12:43:54 PM"},"timestampLocal":{"date":"Feb 9, 2021 12:54:54 PM"},"hydrationSource":"GARMIN_ACTIVITY","valueInML":0.0,"activityId":6244518990,"capped":false,"estimatedSweatLossInML":446.0,"duration":2769.04296875},{"userProfilePK":87578117,"calendarDate":{"date":"Feb 11, 2021 12:00:00 AM"},"persistedTimestampGMT":{"date":"Feb 11, 2021 6:39:38 AM"},"timestampLocal":{"date":"Feb 11, 2021 6:31:43 AM"},"hydrationSource":"GARMIN_ACTIVITY","valueInML":0.0,"activityId":6253631958,"capped":false,"estimatedSweatLossInML":632.0,"duration":3733.534912109375},{"userProfilePK":87578117,"calendarDate":{"date":"Feb 13, 2021 12:00:00 AM"},"persistedTimestampGMT":{"date":"Feb 13, 2021 11:17:02 AM"},"timestampLocal":{"date":"Feb 13, 2021 11:19:10 AM"},"hydrationSource":"GARMIN_ACTIVITY","valueInML":0.0,"activityId":6264249748,"capped":false,"estimatedSweatLossInML":510.0,"duration":3005.277099609375},{"userProfilePK":87578117,"calendarDate":{"date":"Feb 14, 2021 12:00:00 AM"},"persistedTimestampGMT":{"date":"Feb 14, 2021 8:05:15 AM"},"timestampLocal":{"date":"Feb 14, 2021 8:03:26 AM"},"hydrationSource":"GARMIN_ACTIVITY","valueInML":0.0,"activityId":6268810008,"capped":false,"estimatedSweatLossInML":515.0,"duration":3600.89111328125},{"userProfilePK":87578117,"calendarDate":{"date":"Feb 16, 2021 12:00:00 AM"},"persistedTimestampGMT":{"date":"Feb 16, 2021 6:14:54 AM"},"timestampLocal":{"date":"Feb 16, 2021 6:15:18 AM"},"hydrationSource":"GARMIN_ACTIVITY","valueInML":0.0,"activityId":6279210084,"capped":false,"estimatedSweatLossInML":369.0,"duration":2163.087890625},{"userProfilePK":87578117,"calendarDate":{"date":"Feb 24, 2021 12:00:00 AM"},"persistedTimestampGMT":{"date":"Feb 24, 2021 6:44:01 AM"},"timestampLocal":{"date":"Feb 24, 2021 7:03:20 AM"},"hydrationSource":"GARMIN_ACTIVITY","valueInML":0.0,"activityId":6324025630,"capped":false,"estimatedSweatLossInML":373.0,"duration":2136.465087890625},{"userProfilePK":87578117,"calendarDate":{"date":"Mar 5, 2021 12:00:00 AM"},"persistedTimestampGMT":{"date":"Mar 5, 2021 4:15:32 PM"},"timestampLocal":{"date":"Mar 5, 2021 4:21:11 PM"},"hydrationSource":"GARMIN_ACTIVITY","valueInML":0.0,"activityId":6378322301,"capped":false,"estimatedSweatLossInML":441.0,"duration":2277.626953125},{"userProfilePK":87578117,"calendarDate":{"date":"Mar 6, 2021 12:00:00 AM"},"persistedTimestampGMT":{"date":"Mar 6, 2021 12:44:21 PM"},"timestampLocal":{"date":"Mar 6, 2021 10:19:49 AM"},"hydrationSource":"GARMIN_ACTIVITY","valueInML":0.0,"activityId":6382828556,"capped":false,"estimatedSweatLossInML":845.0,"duration":5128.64892578125},{"userProfilePK":87578117,"calendarDate":{"date":"Mar 7, 2021 12:00:00 AM"},"persistedTimestampGMT":{"date":"Mar 7, 2021 6:18:06 AM"},"timestampLocal":{"date":"Mar 7, 2021 5:56:24 AM"},"hydrationSource":"GARMIN_ACTIVITY","valueInML":0.0,"activityId":6387027529,"capped":false,"estimatedSweatLossInML":630.0,"duration":3745.301025390625},{"userProfilePK":87578117,"calendarDate":{"date":"Mar 7, 2021 12:00:00 AM"},"persistedTimestampGMT":{"date":"Mar 7, 2021 8:13:45 AM"},"timestampLocal":{"date":"Mar 7, 2021 8:02:56 AM"},"hydrationSource":"GARMIN_ACTIVITY","valueInML":0.0,"activityId":6387309766,"capped":false,"estimatedSweatLossInML":445.0,"duration":4112.9609375},{"userProfilePK":87578117,"calendarDate":{"date":"Mar 8, 2021 12:00:00 AM"},"persistedTimestampGMT":{"date":"Mar 8, 2021 5:12:53 PM"},"timestampLocal":{"date":"Mar 8, 2021 8:13:06 AM"},"hydrationSource":"GARMIN_ACTIVITY","valueInML":0.0,"activityId":6396261985,"capped":false,"estimatedSweatLossInML":363.0,"duration":3588.697021484375},{"userProfilePK":87578117,"calendarDate":{"date":"Mar 9, 2021 12:00:00 AM"},"persistedTimestampGMT":{"date":"Mar 9, 2021 5:15:21 PM"},"timestampLocal":{"date":"Mar 9, 2021 5:00:09 PM"},"hydrationSource":"GARMIN_ACTIVITY","valueInML":0.0,"activityId":6401928151,"capped":false,"estimatedSweatLossInML":540.0,"duration":3667.205078125},{"userProfilePK":87578117,"calendarDate":{"date":"Mar 11, 2021 12:00:00 AM"},"persistedTimestampGMT":{"date":"Mar 11, 2021 6:51:49 AM"},"timestampLocal":{"date":"Mar 11, 2021 5:30:13 AM"},"hydrationSource":"GARMIN_ACTIVITY","valueInML":0.0,"activityId":6410321009,"capped":false,"estimatedSweatLossInML":1291.0,"duration":8101.17578125},{"userProfilePK":87578117,"calendarDate":{"date":"Mar 11, 2021 12:00:00 AM"},"persistedTimestampGMT":{"date":"Mar 12, 2021 7:57:40 AM"},"timestampLocal":{"date":"Mar 11, 2021 4:02:43 PM"},"hydrationSource":"GARMIN_ACTIVITY","valueInML":0.0,"activityId":6415553000,"capped":false,"estimatedSweatLossInML":550.0,"duration":4562.22802734375},{"userProfilePK":87578117,"calendarDate":{"date":"Mar 12, 2021 12:00:00 AM"},"persistedTimestampGMT":{"date":"Mar 12, 2021 7:58:02 AM"},"timestampLocal":{"date":"Mar 12, 2021 7:11:27 AM"},"hydrationSource":"GARMIN_ACTIVITY","valueInML":0.0,"activityId":6415554090,"capped":false,"estimatedSweatLossInML":790.0,"duration":5112.38916015625},{"userProfilePK":87578117,"calendarDate":{"date":"Mar 12, 2021 12:00:00 AM"},"persistedTimestampGMT":{"date":"Mar 12, 2021 4:59:38 PM"},"timestampLocal":{"date":"Mar 12, 2021 3:00:44 PM"},"hydrationSource":"GARMIN_ACTIVITY","valueInML":0.0,"activityId":6417812353,"capped":false,"estimatedSweatLossInML":861.0,"duration":7157.3408203125},{"userProfilePK":87578117,"calendarDate":{"date":"Mar 13, 2021 12:00:00 AM"},"persistedTimestampGMT":{"date":"Mar 13, 2021 9:04:54 AM"},"timestampLocal":{"date":"Mar 13, 2021 7:37:54 AM"},"hydrationSource":"GARMIN_ACTIVITY","valueInML":0.0,"activityId":6420586136,"capped":false,"estimatedSweatLossInML":555.0,"duration":4687.73486328125},{"userProfilePK":87578117,"calendarDate":{"date":"Mar 14, 2021 12:00:00 AM"},"persistedTimestampGMT":{"date":"Mar 14, 2021 7:05:38 AM"},"timestampLocal":{"date":"Mar 14, 2021 5:47:04 AM"},"hydrationSource":"GARMIN_ACTIVITY","valueInML":0.0,"activityId":6425939163,"capped":false,"estimatedSweatLossInML":705.0,"duration":4529.5078125},{"userProfilePK":87578117,"calendarDate":{"date":"Mar 16, 2021 12:00:00 AM"},"persistedTimestampGMT":{"date":"Mar 16, 2021 6:56:55 AM"},"timestampLocal":{"date":"Mar 16, 2021 6:35:08 AM"},"hydrationSource":"GARMIN_ACTIVITY","valueInML":0.0,"activityId":6437273546,"capped":false,"estimatedSweatLossInML":537.0,"duration":2940.52587890625},{"userProfilePK":87578117,"calendarDate":{"date":"Mar 18, 2021 12:00:00 AM"},"persistedTimestampGMT":{"date":"Mar 18, 2021 6:15:16 AM"},"timestampLocal":{"date":"Mar 18, 2021 6:12:17 AM"},"hydrationSource":"GARMIN_ACTIVITY","valueInML":0.0,"activityId":6448341083,"capped":false,"estimatedSweatLossInML":546.0,"duration":3602.093994140625},{"userProfilePK":87578117,"calendarDate":{"date":"Mar 19, 2021 12:00:00 AM"},"persistedTimestampGMT":{"date":"Mar 19, 2021 5:29:17 PM"},"timestampLocal":{"date":"Mar 19, 2021 5:08:45 PM"},"hydrationSource":"GARMIN_ACTIVITY","valueInML":0.0,"activityId":6456357248,"capped":false,"estimatedSweatLossInML":742.0,"duration":4548.34423828125},{"userProfilePK":87578117,"calendarDate":{"date":"Mar 21, 2021 12:00:00 AM"},"persistedTimestampGMT":{"date":"Mar 21, 2021 10:52:54 AM"},"timestampLocal":{"date":"Mar 21, 2021 9:25:16 AM"},"hydrationSource":"GARMIN_ACTIVITY","valueInML":0.0,"activityId":6465543953,"capped":false,"estimatedSweatLossInML":1436.0,"duration":8508.64453125},{"userProfilePK":87578117,"calendarDate":{"date":"Mar 24, 2021 12:00:00 AM"},"persistedTimestampGMT":{"date":"Mar 24, 2021 5:59:10 PM"},"timestampLocal":{"date":"Mar 24, 2021 6:11:43 PM"},"hydrationSource":"GARMIN_ACTIVITY","valueInML":0.0,"activityId":6485358766,"capped":false,"estimatedSweatLossInML":482.0,"duration":2515.324951171875},{"userProfilePK":87578117,"calendarDate":{"date":"Mar 25, 2021 12:00:00 AM"},"persistedTimestampGMT":{"date":"Mar 25, 2021 12:33:54 PM"},"timestampLocal":{"date":"Mar 25, 2021 12:40:43 PM"},"hydrationSource":"GARMIN_ACTIVITY","valueInML":0.0,"activityId":6489165345,"capped":false,"estimatedSweatLossInML":576.0,"duration":2816.7080078125},{"userProfilePK":87578117,"calendarDate":{"date":"Mar 27, 2021 12:00:00 AM"},"persistedTimestampGMT":{"date":"Mar 27, 2021 7:53:51 AM"},"timestampLocal":{"date":"Mar 27, 2021 6:43:04 AM"},"hydrationSource":"GARMIN_ACTIVITY","valueInML":0.0,"activityId":6498546175,"capped":false,"estimatedSweatLossInML":1086.0,"duration":7098.51708984375},{"userProfilePK":87578117,"calendarDate":{"date":"Mar 30, 2021 12:00:00 AM"},"persistedTimestampGMT":{"date":"Mar 30, 2021 11:35:25 AM"},"timestampLocal":{"date":"Mar 30, 2021 12:35:06 PM"},"hydrationSource":"GARMIN_ACTIVITY","valueInML":0.0,"activityId":6517814635,"capped":false,"estimatedSweatLossInML":531.0,"duration":3079.779052734375},{"userProfilePK":87578117,"calendarDate":{"date":"Apr 11, 2021 12:00:00 AM"},"persistedTimestampGMT":{"date":"Apr 11, 2021 8:42:56 AM"},"timestampLocal":{"date":"Apr 11, 2021 7:39:42 AM"},"hydrationSource":"GARMIN_ACTIVITY","valueInML":0.0,"activityId":6586381940,"capped":false,"estimatedSweatLossInML":1761.0,"duration":10303.1181640625},{"userProfilePK":87578117,"calendarDate":{"date":"Apr 15, 2021 12:00:00 AM"},"persistedTimestampGMT":{"date":"Apr 15, 2021 11:38:07 AM"},"timestampLocal":{"date":"Apr 15, 2021 12:44:08 PM"},"hydrationSource":"GARMIN_ACTIVITY","valueInML":0.0,"activityId":6610325375,"capped":false,"estimatedSweatLossInML":513.0,"duration":2762.45703125},{"userProfilePK":87578117,"calendarDate":{"date":"Apr 22, 2021 12:00:00 AM"},"persistedTimestampGMT":{"date":"Apr 22, 2021 4:51:18 AM"},"timestampLocal":{"date":"Apr 22, 2021 5:29:04 AM"},"hydrationSource":"GARMIN_ACTIVITY","valueInML":0.0,"activityId":6649757274,"capped":false,"estimatedSweatLossInML":855.0,"duration":4490.412109375},{"userProfilePK":87578117,"calendarDate":{"date":"Apr 23, 2021 12:00:00 AM"},"persistedTimestampGMT":{"date":"Apr 23, 2021 5:31:19 AM"},"timestampLocal":{"date":"Apr 23, 2021 5:54:59 AM"},"hydrationSource":"GARMIN_ACTIVITY","valueInML":0.0,"activityId":6655464607,"capped":false,"estimatedSweatLossInML":797.0,"duration":5303.14990234375},{"userProfilePK":87578117,"calendarDate":{"date":"Apr 24, 2021 12:00:00 AM"},"persistedTimestampGMT":{"date":"Apr 24, 2021 5:09:57 PM"},"timestampLocal":{"date":"Apr 24, 2021 6:05:30 PM"},"hydrationSource":"GARMIN_ACTIVITY","valueInML":0.0,"activityId":6664972470,"capped":false,"estimatedSweatLossInML":857.0,"duration":3436.034912109375},{"userProfilePK":87578117,"calendarDate":{"date":"Apr 25, 2021 12:00:00 AM"},"persistedTimestampGMT":{"date":"Apr 25, 2021 4:47:35 PM"},"timestampLocal":{"date":"Apr 25, 2021 5:07:20 PM"},"hydrationSource":"GARMIN_ACTIVITY","valueInML":0.0,"activityId":6671540001,"capped":false,"estimatedSweatLossInML":518.0,"duration":2905.7529296875},{"userProfilePK":87578117,"calendarDate":{"date":"Apr 26, 2021 12:00:00 AM"},"persistedTimestampGMT":{"date":"Apr 26, 2021 11:29:56 AM"},"timestampLocal":{"date":"Apr 26, 2021 12:45:34 PM"},"hydrationSource":"GARMIN_ACTIVITY","valueInML":0.0,"activityId":6675002083,"capped":false,"estimatedSweatLossInML":368.0,"duration":2331.237060546875},{"userProfilePK":87578117,"calendarDate":{"date":"Apr 27, 2021 12:00:00 AM"},"persistedTimestampGMT":{"date":"Apr 27, 2021 4:42:05 AM"},"timestampLocal":{"date":"Apr 27, 2021 5:58:43 AM"},"hydrationSource":"GARMIN_ACTIVITY","valueInML":0.0,"activityId":6679143804,"capped":false,"estimatedSweatLossInML":409.0,"duration":2265.360107421875},{"userProfilePK":87578117,"calendarDate":{"date":"Apr 28, 2021 12:00:00 AM"},"persistedTimestampGMT":{"date":"Apr 28, 2021 11:32:03 AM"},"timestampLocal":{"date":"Apr 28, 2021 12:50:01 PM"},"hydrationSource":"GARMIN_ACTIVITY","valueInML":0.0,"activityId":6686708636,"capped":false,"estimatedSweatLossInML":356.0,"duration":2170.001953125},{"userProfilePK":87578117,"calendarDate":{"date":"Apr 29, 2021 12:00:00 AM"},"persistedTimestampGMT":{"date":"Apr 29, 2021 4:59:03 AM"},"timestampLocal":{"date":"Apr 29, 2021 5:59:32 AM"},"hydrationSource":"GARMIN_ACTIVITY","valueInML":0.0,"activityId":6691069634,"capped":false,"estimatedSweatLossInML":497.0,"duration":3106.531005859375},{"userProfilePK":87578117,"calendarDate":{"date":"May 2, 2021 12:00:00 AM"},"persistedTimestampGMT":{"date":"May 2, 2021 7:21:44 AM"},"timestampLocal":{"date":"May 2, 2021 7:12:05 AM"},"hydrationSource":"GARMIN_ACTIVITY","valueInML":0.0,"activityId":6707803810,"capped":false,"estimatedSweatLossInML":566.0,"duration":4050.363037109375},{"userProfilePK":87578117,"calendarDate":{"date":"May 2, 2021 12:00:00 AM"},"persistedTimestampGMT":{"date":"May 2, 2021 10:31:36 AM"},"timestampLocal":{"date":"May 2, 2021 9:34:13 AM"},"hydrationSource":"GARMIN_ACTIVITY","valueInML":0.0,"activityId":6709075392,"capped":false,"estimatedSweatLossInML":1324.0,"duration":9162.3173828125},{"userProfilePK":87578117,"calendarDate":{"date":"May 5, 2021 12:00:00 AM"},"persistedTimestampGMT":{"date":"May 5, 2021 4:50:16 AM"},"timestampLocal":{"date":"May 5, 2021 6:12:28 AM"},"hydrationSource":"GARMIN_ACTIVITY","valueInML":0.0,"activityId":6724900082,"capped":false,"estimatedSweatLossInML":357.0,"duration":1923.008056640625}]