[{"userProfilePK":87578117,"calendarDate":{"date":"Jul 21, 2020 12:00:00 AM"},"persistedTimestampGMT":{"date":"Jul 21, 2020 5:49:50 PM"},"timestampLocal":{"date":"Jul 21, 2020 6:39:35 PM"},"hydrationSource":"GARMIN_ACTIVITY","valueInML":0.0,"activityId":5271642246,"capped":false,"estimatedSweatLossInML":182.0,"duration":664.4199829101562},{"userProfilePK":87578117,"calendarDate":{"date":"Jul 21, 2020 12:00:00 AM"},"persistedTimestampGMT":{"date":"Jul 21, 2020 5:50:06 PM"},"timestampLocal":{"date":"Jul 21, 2020 7:34:10 PM"},"hydrationSource":"GARMIN_ACTIVITY","valueInML":0.0,"activityId":5271643855,"capped":false,"estimatedSweatLossInML":215.0,"duration":777.7139892578125},{"userProfilePK":87578117,"calendarDate":{"date":"Jul 26, 2020 12:00:00 AM"},"persistedTimestampGMT":{"date":"Jul 27, 2020 3:19:23 PM"},"timestampLocal":{"date":"Jul 26, 2020 8:46:14 AM"},"hydrationSource":"GARMIN_ACTIVITY","valueInML":0.0,"activityId":5286302066,"capped":false,"estimatedSweatLossInML":233.0,"duration":1352.2459716796875},{"userProfilePK":87578117,"calendarDate":{"date":"Jul 26, 2020 12:00:00 AM"},"persistedTimestampGMT":{"date":"Jul 27, 2020 3:21:51 PM"},"timestampLocal":{"date":"Jul 26, 2020 10:16:38 AM"},"hydrationSource":"GARMIN_ACTIVITY","valueInML":0.0,"activityId":5286322596,"capped":false,"estimatedSweatLossInML":2805.0,"duration":17945.16796875},{"userProfilePK":87578117,"calendarDate":{"date":"Jul 27, 2020 12:00:00 AM"},"persistedTimestampGMT":{"date":"Jul 27, 2020 3:22:53 PM"},"timestampLocal":{"date":"Jul 27, 2020 11:40:58 AM"},"hydrationSource":"GARMIN_ACTIVITY","valueInML":0.0,"activityId":5286331137,"capped":false,"estimatedSweatLossInML":1676.0,"duration":7993.87890625},{"userProfilePK":87578117,"calendarDate":{"date":"Jul 28, 2020 12:00:00 AM"},"persistedTimestampGMT":{"date":"Jul 28, 2020 6:21:47 AM"},"timestampLocal":{"date":"Jul 28, 2020 3:31:53 AM"},"hydrationSource":"GARMIN_ACTIVITY","valueInML":0.0,"activityId":5290622334,"capped":false,"estimatedSweatLossInML":1781.0,"duration":15407.451171875},{"userProfilePK":87578117,"calendarDate":{"date":"Jul 28, 2020 12:00:00 AM"},"persistedTimestampGMT":{"date":"Jul 28, 2020 3:23:45 PM"},"timestampLocal":{"date":"Jul 28, 2020 5:01:19 PM"},"hydrationSource":"GARMIN_ACTIVITY","valueInML":0.0,"activityId":5293576507,"capped":false,"estimatedSweatLossInML":235.0,"duration":985.1619873046875},{"userProfilePK":87578117,"calendarDate":{"date":"Jul 28, 2020 12:00:00 AM"},"persistedTimestampGMT":{"date":"Jul 28, 2020 5:28:47 PM"},"timestampLocal":{"date":"Jul 28, 2020 5:44:08 PM"},"hydrationSource":"GARMIN_ACTIVITY","valueInML":0.0,"activityId":5295220750,"capped":false,"estimatedSweatLossInML":880.0,"duration":5225.84814453125},{"userProfilePK":87578117,"calendarDate":{"date":"Jul 29, 2020 12:00:00 AM"},"persistedTimestampGMT":{"date":"Jul 29, 2020 1:07:22 PM"},"timestampLocal":{"date":"Jul 29, 2020 10:09:14 AM"},"hydrationSource":"GARMIN_ACTIVITY","valueInML":0.0,"activityId":5300210483,"capped":false,"estimatedSweatLossInML":851.0,"duration":5220.35107421875},{"userProfilePK":87578117,"calendarDate":{"date":"Jul 29, 2020 12:00:00 AM"},"persistedTimestampGMT":{"date":"Jul 29, 2020 4:59:47 PM"},"timestampLocal":{"date":"Jul 29, 2020 4:08:54 PM"},"hydrationSource":"GARMIN_ACTIVITY","valueInML":0.0,"activityId":5301816258,"capped":false,"estimatedSweatLossInML":2084.0,"duration":9354.5419921875},{"userProfilePK":87578117,"calendarDate":{"date":"Jul 30, 2020 12:00:00 AM"},"persistedTimestampGMT":{"date":"Jul 30, 2020 1:11:04 PM"},"timestampLocal":{"date":"Jul 30, 2020 10:11:50 AM"},"hydrationSource":"GARMIN_ACTIVITY","valueInML":0.0,"activityId":5306748439,"capped":false,"estimatedSweatLossInML":1692.0,"duration":8442.3701171875},{"userProfilePK":87578117,"calendarDate":{"date":"Jul 31, 2020 12:00:00 AM"},"persistedTimestampGMT":{"date":"Jul 31, 2020 11:00:24 PM"},"timestampLocal":{"date":"Jul 31, 2020 10:20:02 AM"},"hydrationSource":"GARMIN_ACTIVITY","valueInML":0.0,"activityId":5315198534,"capped":false,"estimatedSweatLossInML":1159.0,"duration":6669.68408203125},{"userProfilePK":87578117,"calendarDate":{"date":"Aug 1, 2020 12:00:00 AM"},"persistedTimestampGMT":{"date":"Aug 1, 2020 9:15:23 AM"},"timestampLocal":{"date":"Aug 1, 2020 8:00:55 AM"},"hydrationSource":"GARMIN_ACTIVITY","valueInML":0.0,"activityId":5316960254,"capped":false,"estimatedSweatLossInML":2485.0,"duration":9866.44140625},{"userProfilePK":87578117,"calendarDate":{"date":"Aug 1, 2020 12:00:00 AM"},"persistedTimestampGMT":{"date":"Aug 1, 2020 1:45:30 PM"},"timestampLocal":{"date":"Aug 1, 2020 12:22:05 PM"},"hydrationSource":"GARMIN_ACTIVITY","valueInML":0.0,"activityId":5318442812,"capped":false,"estimatedSweatLossInML":84.0,"duration":358.6000061035156},{"userProfilePK":87578117,"calendarDate":{"date":"Aug 2, 2020 12:00:00 AM"},"persistedTimestampGMT":{"date":"Aug 2, 2020 6:07:59 PM"},"timestampLocal":{"date":"Aug 2, 2020 6:34:42 PM"},"hydrationSource":"GARMIN_ACTIVITY","valueInML":0.0,"activityId":5325540185,"capped":false,"estimatedSweatLossInML":1284.0,"duration":4940.2578125},{"userProfilePK":87578117,"calendarDate":{"date":"Aug 3, 2020 12:00:00 AM"},"persistedTimestampGMT":{"date":"Aug 3, 2020 10:38:52 AM"},"timestampLocal":{"date":"Aug 3, 2020 9:17:50 AM"},"hydrationSource":"GARMIN_ACTIVITY","valueInML":0.0,"activityId":5328087406,"capped":false,"estimatedSweatLossInML":2259.0,"duration":11675.484375},{"userProfilePK":87578117,"calendarDate":{"date":"Aug 6, 2020 12:00:00 AM"},"persistedTimestampGMT":{"date":"Aug 6, 2020 3:18:02 PM"},"timestampLocal":{"date":"Aug 6, 2020 9:09:53 AM"},"hydrationSource":"GARMIN_ACTIVITY","valueInML":0.0,"activityId":5344882590,"capped":false,"estimatedSweatLossInML":841.0,"duration":3898.72802734375},{"userProfilePK":87578117,"calendarDate":{"date":"Aug 6, 2020 12:00:00 AM"},"persistedTimestampGMT":{"date":"Aug 6, 2020 7:02:56 PM"},"timestampLocal":{"date":"Aug 6, 2020 7:26:15 PM"},"hydrationSource":"GARMIN_ACTIVITY","valueInML":0.0,"activityId":5346053550,"capped":false,"estimatedSweatLossInML":1037.0,"duration":3765.212890625},{"userProfilePK":87578117,"calendarDate":{"date":"Aug 6, 2020 12:00:00 AM"},"persistedTimestampGMT":{"date":"Aug 6, 2020 7:03:09 PM"},"timestampLocal":{"date":"Aug 6, 2020 8:44:03 PM"},"hydrationSource":"GARMIN_ACTIVITY","valueInML":0.0,"activityId":5346054798,"capped":false,"estimatedSweatLossInML":115.0,"duration":604.6099853515625},{"userProfilePK":87578117,"calendarDate":{"date":"Aug 7, 2020 12:00:00 AM"},"persistedTimestampGMT":{"date":"Aug 7, 2020 1:19:34 PM"},"timestampLocal":{"date":"Aug 7, 2020 12:57:40 PM"},"hydrationSource":"GARMIN_ACTIVITY","valueInML":0.0,"activityId":5349330144,"capped":false,"estimatedSweatLossInML":14.0,"duration":86.63400268554688},{"userProfilePK":87578117,"calendarDate":{"date":"Aug 7, 2020 12:00:00 AM"},"persistedTimestampGMT":{"date":"Aug 7, 2020 1:19:39 PM"},"timestampLocal":{"date":"Aug 7, 2020 1:04:47 PM"},"hydrationSource":"GARMIN_ACTIVITY","valueInML":0.0,"activityId":5349330529,"capped":false,"estimatedSweatLossInML":10.0,"duration":59.183998107910156},{"userProfilePK":87578117,"calendarDate":{"date":"Aug 8, 2020 12:00:00 AM"},"persistedTimestampGMT":{"date":"Aug 8, 2020 11:42:36 AM"},"timestampLocal":{"date":"Aug 8, 2020 10:43:12 AM"},"hydrationSource":"GARMIN_ACTIVITY","valueInML":0.0,"activityId":5353748989,"capped":false,"estimatedSweatLossInML":185.0,"duration":1045.0389404296875},{"userProfilePK":87578117,"calendarDate":{"date":"Aug 8, 2020 12:00:00 AM"},"persistedTimestampGMT":{"date":"Aug 8, 2020 4:08:43 PM"},"timestampLocal":{"date":"Aug 8, 2020 4:40:46 PM"},"hydrationSource":"GARMIN_ACTIVITY","valueInML":0.0,"activityId":5355106154,"capped":false,"estimatedSweatLossInML":1297.0,"duration":4670.27099609375},{"userProfilePK":87578117,"calendarDate":{"date":"Aug 9, 2020 12:00:00 AM"},"persistedTimestampGMT":{"date":"Aug 9, 2020 8:39:05 AM"},"timestampLocal":{"date":"Aug 9, 2020 10:15:34 AM"},"hydrationSource":"GARMIN_ACTIVITY","valueInML":0.0,"activityId":5357917394,"capped":false,"estimatedSweatLossInML":224.0,"duration":1193.4990234375},{"userProfilePK":87578117,"calendarDate":{"date":"Aug 9, 2020 12:00:00 AM"},"persistedTimestampGMT":{"date":"Aug 9, 2020 6:31:05 PM"},"timestampLocal":{"date":"Aug 9, 2020 8:02:41 PM"},"hydrationSource":"GARMIN_ACTIVITY","valueInML":0.0,"activityId":5360990534,"capped":false,"estimatedSweatLossInML":347.0,"duration":1250.9090576171875},{"userProfilePK":87578117,"calendarDate":{"date":"Aug 10, 2020 12:00:00 AM"},"persistedTimestampGMT":{"date":"Aug 10, 2020 3:30:06 PM"},"timestampLocal":{"date":"Aug 10, 2020 4:06:27 PM"},"hydrationSource":"GARMIN_ACTIVITY","valueInML":0.0,"activityId":5364784454,"capped":false,"estimatedSweatLossInML":1297.0,"duration":4672.64208984375},{"userProfilePK":87578117,"calendarDate":{"date":"Aug 13, 2020 12:00:00 AM"},"persistedTimestampGMT":{"date":"Aug 13, 2020 7:44:51 AM"},"timestampLocal":{"date":"Aug 13, 2020 8:48:15 AM"},"hydrationSource":"GARMIN_ACTIVITY","valueInML":0.0,"activityId":5378044221,"capped":false,"estimatedSweatLossInML":259.0,"duration":1435.2679443359375},{"userProfilePK":87578117,"calendarDate":{"date":"Aug 14, 2020 12:00:00 AM"},"persistedTimestampGMT":{"date":"Aug 14, 2020 8:05:55 AM"},"timestampLocal":{"date":"Aug 14, 2020 9:34:26 AM"},"hydrationSource":"GARMIN_ACTIVITY","valueInML":0.0,"activityId":5382944006,"capped":false,"estimatedSweatLossInML":313.0,"duration":1496.322998046875},{"userProfilePK":87578117,"calendarDate":{"date":"Aug 14, 2020 12:00:00 AM"},"persistedTimestampGMT":{"date":"Aug 14, 2020 3:40:07 PM"},"timestampLocal":{"date":"Aug 14, 2020 2:21:10 PM"},"hydrationSource":"GARMIN_ACTIVITY","valueInML":0.0,"activityId":5384733100,"capped":false,"estimatedSweatLossInML":836.0,"duration":4020.258056640625},{"userProfilePK":87578117,"calendarDate":{"date":"Aug 14, 2020 12:00:00 AM"},"persistedTimestampGMT":{"date":"Aug 14, 2020 4:43:09 PM"},"timestampLocal":{"date":"Aug 14, 2020 6:27:01 PM"},"hydrationSource":"GARMIN_ACTIVITY","valueInML":0.0,"activityId":5385005862,"capped":false,"estimatedSweatLossInML":190.0,"duration":884.447998046875},{"userProfilePK":87578117,"calendarDate":{"date":"Aug 14, 2020 12:00:00 AM"},"persistedTimestampGMT":{"date":"Aug 14, 2020 5:02:43 PM"},"timestampLocal":{"date":"Aug 14, 2020 6:44:56 PM"},"hydrationSource":"GARMIN_ACTIVITY","valueInML":0.0,"activityId":5385092555,"capped":false,"estimatedSweatLossInML":92.0,"duration":466.7080078125},{"userProfilePK":87578117,"calendarDate":{"date":"Aug 15, 2020 12:00:00 AM"},"persistedTimestampGMT":{"date":"Aug 15, 2020 9:20:35 AM"},"timestampLocal":{"date":"Aug 15, 2020 8:59:35 AM"},"hydrationSource":"GARMIN_ACTIVITY","valueInML":0.0,"activityId":5387714781,"capped":false,"estimatedSweatLossInML":234.0,"duration":1546.970947265625},{"userProfilePK":87578117,"calendarDate":{"date":"Aug 15, 2020 12:00:00 AM"},"persistedTimestampGMT":{"date":"Aug 15, 2020 9:21:46 AM"},"timestampLocal":{"date":"Aug 15, 2020 10:17:48 AM"},"hydrationSource":"GARMIN_ACTIVITY","valueInML":0.0,"activityId":5387720495,"capped":false,"estimatedSweatLossInML":603.0,"duration":3362.2509765625},{"userProfilePK":87578117,"calendarDate":{"date":"Aug 23, 2020 12:00:00 AM"},"persistedTimestampGMT":{"date":"Aug 23, 2020 7:03:35 PM"},"timestampLocal":{"date":"Aug 23, 2020 7:15:01 PM"},"hydrationSource":"GARMIN_ACTIVITY","valueInML":0.0,"activityId":5430377048,"capped":false,"estimatedSweatLossInML":298.0,"duration":1735.72705078125},{"userProfilePK":87578117,"calendarDate":{"date":"Aug 23, 2020 12:00:00 AM"},"persistedTimestampGMT":{"date":"Aug 23, 2020 7:03:48 PM"},"timestampLocal":{"date":"Aug 23, 2020 7:52:06 PM"},"hydrationSource":"GARMIN_ACTIVITY","valueInML":0.0,"activityId":5430377884,"capped":false,"estimatedSweatLossInML":372.0,"duration":2331.636962890625},{"userProfilePK":87578117,"calendarDate":{"date":"Aug 26, 2020 12:00:00 AM"},"persistedTimestampGMT":{"date":"Aug 26, 2020 5:56:09 PM"},"timestampLocal":{"date":"Aug 26, 2020 7:40:14 PM"},"hydrationSource":"GARMIN_ACTIVITY","valueInML":0.0,"activityId":5444361900,"capped":false,"estimatedSweatLossInML":158.0,"duration":702.6079711914062},{"userProfilePK":87578117,"calendarDate":{"date":"Aug 27, 2020 12:00:00 AM"},"persistedTimestampGMT":{"date":"Aug 27, 2020 7:13:02 PM"},"timestampLocal":{"date":"Aug 27, 2020 6:11:13 PM"},"hydrationSource":"GARMIN_ACTIVITY","valueInML":0.0,"activityId":5449596645,"capped":false,"estimatedSweatLossInML":2597.0,"duration":9608.1513671875},{"userProfilePK":87578117,"calendarDate":{"date":"Sep 4, 2020 12:00:00 AM"},"persistedTimestampGMT":{"date":"Sep 4, 2020 6:28:54 PM"},"timestampLocal":{"date":"Sep 4, 2020 6:11:57 PM"},"hydrationSource":"GARMIN_ACTIVITY","valueInML":0.0,"activityId":5487210816,"capped":false,"estimatedSweatLossInML":1372.0,"duration":5458.998046875},{"userProfilePK":87578117,"calendarDate":{"date":"Sep 4, 2020 12:00:00 AM"},"persistedTimestampGMT":{"date":"Sep 4, 2020 6:28:57 PM"},"timestampLocal":{"date":"Sep 4, 2020 8:02:20 PM"},"hydrationSource":"GARMIN_ACTIVITY","valueInML":0.0,"activityId":5487211062,"capped":false,"estimatedSweatLossInML":118.0,"duration":602.073974609375},{"userProfilePK":87578117,"calendarDate":{"date":"Sep 5, 2020 12:00:00 AM"},"persistedTimestampGMT":{"date":"Sep 5, 2020 2:08:55 PM"},"timestampLocal":{"date":"Sep 5, 2020 11:18:54 AM"},"hydrationSource":"GARMIN_ACTIVITY","valueInML":0.0,"activityId":5490996766,"capped":false,"estimatedSweatLossInML":320.0,"duration":1617.3580322265625},{"userProfilePK":87578117,"calendarDate":{"date":"Sep 11, 2020 12:00:00 AM"},"persistedTimestampGMT":{"date":"Sep 11, 2020 5:54:10 AM"},"timestampLocal":{"date":"Sep 11, 2020 7:17:12 AM"},"hydrationSource":"GARMIN_ACTIVITY","valueInML":0.0,"activityId":5518800740,"capped":false,"estimatedSweatLossInML":339.0,"duration":1851.7569580078125},{"userProfilePK":87578117,"calendarDate":{"date":"Sep 13, 2020 12:00:00 AM"},"persistedTimestampGMT":{"date":"Sep 13, 2020 12:17:37 PM"},"timestampLocal":{"date":"Sep 13, 2020 9:17:48 AM"},"hydrationSource":"GARMIN_ACTIVITY","valueInML":0.0,"activityId":5530278002,"capped":false,"estimatedSweatLossInML":1144.0,"duration":5863.30517578125},{"userProfilePK":87578117,"calendarDate":{"date":"Sep 13, 2020 12:00:00 AM"},"persistedTimestampGMT":{"date":"Sep 13, 2020 12:18:14 PM"},"timestampLocal":{"date":"Sep 13, 2020 11:09:05 AM"},"hydrationSource":"GARMIN_ACTIVITY","valueInML":0.0,"activityId":5530281379,"capped":false,"estimatedSweatLossInML":1646.0,"duration":5944.6611328125},{"userProfilePK":87578117,"calendarDate":{"date":"Sep 14, 2020 12:00:00 AM"},"persistedTimestampGMT":{"date":"Sep 14, 2020 5:25:14 AM"},"timestampLocal":{"date":"Sep 14, 2020 6:51:42 AM"},"hydrationSource":"GARMIN_ACTIVITY","valueInML":0.0,"activityId":5533782222,"capped":false,"estimatedSweatLossInML":355.0,"duration":1796.43505859375},{"userProfilePK":87578117,"calendarDate":{"date":"Sep 19, 2020 12:00:00 AM"},"persistedTimestampGMT":{"date":"Sep 19, 2020 8:10:20 AM"},"timestampLocal":{"date":"Sep 19, 2020 9:16:33 AM"},"hydrationSource":"GARMIN_ACTIVITY","valueInML":0.0,"activityId":5558465249,"capped":false,"estimatedSweatLossInML":720.0,"duration":3058.493896484375},{"userProfilePK":87578117,"calendarDate":{"date":"Sep 23, 2020 12:00:00 AM"},"persistedTimestampGMT":{"date":"Sep 23, 2020 5:50:05 AM"},"timestampLocal":{"date":"Sep 23, 2020 7:16:54 AM"},"hydrationSource":"GARMIN_ACTIVITY","valueInML":0.0,"activityId":5578768933,"capped":false,"estimatedSweatLossInML":338.0,"duration":1802.9759521484375},{"userProfilePK":87578117,"calendarDate":{"date":"Sep 25, 2020 12:00:00 AM"},"persistedTimestampGMT":{"date":"Sep 25, 2020 7:09:30 AM"},"timestampLocal":{"date":"Sep 25, 2020 8:05:31 AM"},"hydrationSource":"GARMIN_ACTIVITY","valueInML":0.0,"activityId":5588157124,"capped":false,"estimatedSweatLossInML":207.0,"duration":1204.9639892578125},{"userProfilePK":87578117,"calendarDate":{"date":"Sep 25, 2020 12:00:00 AM"},"persistedTimestampGMT":{"date":"Sep 25, 2020 5:30:42 PM"},"timestampLocal":{"date":"Sep 25, 2020 5:52:36 PM"},"hydrationSource":"GARMIN_ACTIVITY","valueInML":0.0,"activityId":5590273821,"capped":false,"estimatedSweatLossInML":799.0,"duration":4790.546875},{"userProfilePK":87578117,"calendarDate":{"date":"Sep 25, 2020 12:00:00 AM"},"persistedTimestampGMT":{"date":"Sep 25, 2020 5:30:53 PM"},"timestampLocal":{"date":"Sep 25, 2020 7:22:09 PM"},"hydrationSource":"GARMIN_ACTIVITY","valueInML":0.0,"activityId":5590274533,"capped":false,"estimatedSweatLossInML":41.0,"duration":234.7949981689453},{"userProfilePK":87578117,"calendarDate":{"date":"Sep 26, 2020 12:00:00 AM"},"persistedTimestampGMT":{"date":"Sep 26, 2020 6:59:56 AM"},"timestampLocal":{"date":"Sep 26, 2020 8:34:23 AM"},"hydrationSource":"GARMIN_ACTIVITY","valueInML":0.0,"activityId":5592032722,"capped":false,"estimatedSweatLossInML":265.0,"duration":1406.739990234375},{"userProfilePK":87578117,"calendarDate":{"date":"Sep 26, 2020 12:00:00 AM"},"persistedTimestampGMT":{"date":"Sep 26, 2020 7:33:26 AM"},"timestampLocal":{"date":"Sep 26, 2020 9:01:38 AM"},"hydrationSource":"GARMIN_ACTIVITY","valueInML":0.0,"activityId":5592129193,"capped":false,"estimatedSweatLossInML":297.0,"duration":1580.0860595703125},{"userProfilePK":87578117,"calendarDate":{"date":"Sep 27, 2020 12:00:00 AM"},"persistedTimestampGMT":{"date":"Sep 27, 2020 9:11:00 AM"},"timestampLocal":{"date":"Sep 27, 2020 10:37:07 AM"},"hydrationSource":"GARMIN_ACTIVITY","valueInML":0.0,"activityId":5597218084,"capped":false,"estimatedSweatLossInML":354.0,"duration":1957.5150146484375},{"userProfilePK":87578117,"calendarDate":{"date":"Sep 29, 2020 12:00:00 AM"},"persistedTimestampGMT":{"date":"Sep 29, 2020 5:47:12 AM"},"timestampLocal":{"date":"Sep 29, 2020 7:13:30 AM"},"hydrationSource":"GARMIN_ACTIVITY","valueInML":0.0,"activityId":5606068115,"capped":false,"estimatedSweatLossInML":301.0,"duration":1762.635009765625},{"userProfilePK":87578117,"calendarDate":{"date":"Oct 2, 2020 12:00:00 AM"},"persistedTimestampGMT":{"date":"Oct 2, 2020 6:06:07 AM"},"timestampLocal":{"date":"Oct 2, 2020 7:32:55 AM"},"hydrationSource":"GARMIN_ACTIVITY","valueInML":0.0,"activityId":5620219196,"capped":false,"estimatedSweatLossInML":318.0,"duration":1812.626953125},{"userProfilePK":87578117,"calendarDate":{"date":"Oct 3, 2020 12:00:00 AM"},"persistedTimestampGMT":{"date":"Oct 3, 2020 9:52:37 AM"},"timestampLocal":{"date":"Oct 3, 2020 9:29:01 AM"},"hydrationSource":"GARMIN_ACTIVITY","valueInML":0.0,"activityId":5624827593,"capped":false,"estimatedSweatLossInML":970.0,"duration":8526.7275390625},{"userProfilePK":87578117,"calendarDate":{"date":"Oct 6, 2020 12:00:00 AM"},"persistedTimestampGMT":{"date":"Oct 6, 2020 6:24:43 AM"},"timestampLocal":{"date":"Oct 6, 2020 7:47:29 AM"},"hydrationSource":"GARMIN_ACTIVITY","valueInML":0.0,"activityId":5638244151,"capped":false,"estimatedSweatLossInML":333.0,"duration":1819.7669677734375},{"userProfilePK":87578117,"calendarDate":{"date":"Oct 8, 2020 12:00:00 AM"},"persistedTimestampGMT":{"date":"Oct 8, 2020 5:55:48 AM"},"timestampLocal":{"date":"Oct 8, 2020 7:20:45 AM"},"hydrationSource":"GARMIN_ACTIVITY","valueInML":0.0,"activityId":5647534019,"capped":false,"estimatedSweatLossInML":319.0,"duration":1799.3389892578125},{"userProfilePK":87578117,"calendarDate":{"date":"Oct 17, 2020 12:00:00 AM"},"persistedTimestampGMT":{"date":"Oct 17, 2020 11:16:42 AM"},"timestampLocal":{"date":"Oct 17, 2020 11:22:52 AM"},"hydrationSource":"GARMIN_ACTIVITY","valueInML":0.0,"activityId":5688642815,"capped":false,"estimatedSweatLossInML":116.0,"duration":681.7490234375},{"userProfilePK":87578117,"calendarDate":{"date":"Oct 17, 2020 12:00:00 AM"},"persistedTimestampGMT":{"date":"Oct 17, 2020 11:16:43 AM"},"timestampLocal":{"date":"Oct 17, 2020 12:09:13 PM"},"hydrationSource":"GARMIN_ACTIVITY","valueInML":0.0,"activityId":5688642907,"capped":false,"estimatedSweatLossInML":93.0,"duration":663.2540283203125},{"userProfilePK":87578117,"calendarDate":{"date":"Oct 18, 2020 12:00:00 AM"},"persistedTimestampGMT":{"date":"Oct 18, 2020 6:33:14 PM"},"timestampLocal":{"date":"Oct 18, 2020 7:58:19 PM"},"hydrationSource":"GARMIN_ACTIVITY","valueInML":0.0,"activityId":5696094988,"capped":false,"estimatedSweatLossInML":368.0,"duration":1755.9840087890625},{"userProfilePK":87578117,"calendarDate":{"date":"Oct 20, 2020 12:00:00 AM"},"persistedTimestampGMT":{"date":"Oct 20, 2020 7:00:02 PM"},"timestampLocal":{"date":"Oct 20, 2020 8:05:08 PM"},"hydrationSource":"GARMIN_ACTIVITY","valueInML":0.0,"activityId":5704901442,"capped":false,"estimatedSweatLossInML":292.0,"duration":1697.697998046875},{"userProfilePK":87578117,"calendarDate":{"date":"Oct 24, 2020 12:00:00 AM"},"persistedTimestampGMT":{"date":"Oct 24, 2020 11:57:00 AM"},"timestampLocal":{"date":"Oct 24, 2020 7:07:11 AM"},"hydrationSource":"GARMIN_ACTIVITY","valueInML":0.0,"activityId":5720668084,"capped":false,"estimatedSweatLossInML":2133.0,"duration":22972.6640625}]