{"preferredLocale":"fr","handedness":"RIGHT","heartRateZones":[{"trainingMethod":"HR_RESERVE","restingHeartRateUsed":48,"zone1Floor":128,"zone2Floor":144,"zone3Floor":160,"zone4Floor":176,"zone5Floor":192,"maxHeartRateUsed":208,"restingHrAutoUpdateUsed":false,"sport":"DEFAULT","changeState":"UNCHANGED"}],"powerZones":[{"sport":"CYCLING","functionalThresholdPower":345.0,"zone1Floor":173.0,"zone2Floor":242.0,"zone3Floor":286.0,"zone4Floor":314.0,"zone5Floor":345.0,"zone6Floor":352.0,"zone7Floor":380.0}],"functionalThresholdPower":345}