[{"personalRecords":[{"personalRecordId":1685314215,"activityId":5271643197,"value":36.0,"prStartTimeGMT":"Tue Jul 21 17:12:13 GMT 2020","personalRecordType":"Best 100m Pool Swim","createdDate":"2020-07-21","current":true,"confirmed":true},{"personalRecordId":1685314216,"activityId":5271643197,"value":292.0,"prStartTimeGMT":"Tue Jul 21 17:09:16 GMT 2020","personalRecordType":"Best 400m Pool Swim","createdDate":"2020-07-21","current":true,"confirmed":true},{"personalRecordId":1685314217,"activityId":5271643197,"value":821.0,"prStartTimeGMT":"Tue Jul 21 17:05:44 GMT 2020","personalRecordType":"Best 750m Pool Swim","createdDate":"2020-07-21","current":false,"confirmed":true},{"personalRecordId":1692741049,"activityId":5316960254,"value":71999.78125,"prStartTimeGMT":"Sat Aug 01 06:00:55 GMT 2020","personalRecordType":"Farthest Cycle","createdDate":"2020-08-01","current":false,"confirmed":true},{"personalRecordId":1692741050,"activityId":5316960254,"value":1624.0,"prStartTimeGMT":"Sat Aug 01 06:00:55 GMT 2020","personalRecordType":"Max Elevation Gain","createdDate":"2020-08-01","current":false,"confirmed":true},{"personalRecordId":1720699436,"activityId":5487210816,"value":4334.27197265625,"prStartTimeGMT":"Fri Sep 04 16:26:32 GMT 2020","personalRecordType":"Best 40km Cycle","createdDate":"2020-09-04","current":false,"confirmed":true},{"personalRecordId":1720967575,"activityId":5488853687,"value":1213.0,"prStartTimeGMT":"Sat Sep 05 05:44:37 GMT 2020","personalRecordType":"Best 1000m Pool Swim","createdDate":"2020-09-05","current":false,"confirmed":true},{"personalRecordId":1720967576,"activityId":5488853687,"value":1898.0,"prStartTimeGMT":"Sat Sep 05 05:37:45 GMT 2020","personalRecordType":"Best 1500m Pool Swim","createdDate":"2020-09-05","current":true,"confirmed":true},{"personalRecordId":1720967577,"activityId":5488853687,"value":2025.0,"prStartTimeGMT":"Sat Sep 05 05:27:47 GMT 2020","personalRecordType":"Longest Pool Swim","createdDate":"2020-09-05","current":true,"confirmed":true},{"personalRecordId":1754929900,"activityId":5704901442,"value":1367.18603515625,"prStartTimeGMT":"Tue Oct 20 18:06:09 GMT 2020","personalRecordType":"Best 5km Run","createdDate":"2020-10-20","current":false,"confirmed":true},{"personalRecordId":1779224177,"activityId":5868947880,"value":243.56416666666667,"prStartTimeGMT":"Tue Nov 24 18:58:34 GMT 2020","personalRecordType":"Max Avg Power (20 min)","createdDate":"2020-11-24","current":false,"confirmed":true},{"personalRecordId":1811873037,"activityId":6049231524,"value":18291.01953125,"prStartTimeGMT":"Sun Jan 03 17:21:43 GMT 2021","personalRecordType":"Farthest Run","createdDate":"2021-01-03","current":false,"confirmed":true},{"personalRecordId":1836603249,"activityId":6221961619,"value":3210.0849609375,"prStartTimeGMT":"Fri Feb 05 06:09:07 GMT 2021","personalRecordType":"Best 10km Run","createdDate":"2021-02-05","current":false,"confirmed":true},{"personalRecordId":1878025285,"activityId":6456357248,"value":3057.199951171875,"prStartTimeGMT":"Fri Mar 19 16:11:20 GMT 2021","personalRecordType":"Best 10km Run","createdDate":"2021-04-11","current":false,"confirmed":true},{"personalRecordId":1878025562,"activityId":6586381940,"value":6826.38916015625,"prStartTimeGMT":"Sun Apr 11 05:39:55 GMT 2021","personalRecordType":"Best Half Marathon","createdDate":"2021-04-11","current":false,"confirmed":true},{"personalRecordId":1878025587,"activityId":6586381940,"value":28026.640625,"prStartTimeGMT":"Sun Apr 11 05:39:42 GMT 2021","personalRecordType":"Farthest Run","createdDate":"2021-04-11","current":true,"confirmed":true},{"personalRecordId":1904282091,"activityId":6827397204,"value":1699.3600000143051,"prStartTimeGMT":"Sun May 23 07:21:16 GMT 2021","personalRecordType":"Max Elevation Gain","createdDate":"2021-05-23","current":true,"confirmed":true},{"personalRecordId":1906857614,"activityId":6852927018,"value":250.32416666666666,"prStartTimeGMT":"Thu May 27 18:35:25 GMT 2021","personalRecordType":"Max Avg Power (20 min)","createdDate":"2021-05-27","current":false,"confirmed":true},{"personalRecordId":1942854734,"activityId":7197790128,"value":765.0,"prStartTimeGMT":"Tue Jul 27 11:43:53 GMT 2021","personalRecordType":"Best 750m Pool Swim","createdDate":"2021-07-27","current":true,"confirmed":true},{"personalRecordId":1942854735,"activityId":7197790128,"value":1011.0,"prStartTimeGMT":"Tue Jul 27 11:42:05 GMT 2021","personalRecordType":"Best 1000m Pool Swim","createdDate":"2021-07-27","current":true,"confirmed":true},{"personalRecordId":1995261370,"activityId":0,"value":30197.0,"prStartTimeGMT":"Mon Jul 19 22:00:00 GMT 2021","personalRecordType":"Most Steps in a Day","createdDate":"2021-10-28","current":true,"confirmed":true},{"personalRecordId":1995261372,"activityId":0,"value":8.0,"prStartTimeGMT":"Fri Feb 04 23:00:00 GMT 2022","personalRecordType":"Longest Goal Streak","createdDate":"2021-10-28","current":true,"confirmed":true},{"personalRecordId":1995261373,"activityId":0,"value":110612.0,"prStartTimeGMT":"Sat Feb 05 23:00:00 GMT 2022","personalRecordType":"Most Steps in a Week","createdDate":"2021-10-28","current":true,"confirmed":true},{"personalRecordId":1998627998,"activityId":0,"value":383092.0,"prStartTimeGMT":"Sun Feb 27 23:00:00 GMT 2022","personalRecordType":"Most Steps in a Month","createdDate":"2021-11-04","current":true,"confirmed":true},{"personalRecordId":2001127131,"activityId":0,"value":0.0,"prStartTimeGMT":"Wed Jun 15 22:00:00 GMT 2022","personalRecordType":"Current Goal Streak","createdDate":"2021-11-10","current":true,"confirmed":true},{"personalRecordId":2009190037,"activityId":7360073646,"value":3028.06005859375,"prStartTimeGMT":"Tue Aug 24 08:18:07 GMT 2021","personalRecordType":"Best 10km Run","createdDate":"2021-11-30","current":false,"confirmed":true},{"personalRecordId":2053756981,"activityId":8408386694,"value":1312.1669921875,"prStartTimeGMT":"Sun Mar 06 09:26:55 GMT 2022","personalRecordType":"Best 5km Run","createdDate":"2022-03-07","current":true,"confirmed":true},{"personalRecordId":2053757062,"activityId":8408386694,"value":2686.610107421875,"prStartTimeGMT":"Sun Mar 06 09:26:43 GMT 2022","personalRecordType":"Best 10km Run","createdDate":"2022-03-07","current":true,"confirmed":true},{"personalRecordId":2053757090,"activityId":8408386694,"value":5881.8720703125,"prStartTimeGMT":"Sun Mar 06 09:15:38 GMT 2022","personalRecordType":"Best Half Marathon","createdDate":"2022-03-07","current":true,"confirmed":true},{"personalRecordId":2053757400,"activityId":8329357724,"value":281.1925,"prStartTimeGMT":"Sun Feb 20 11:35:31 GMT 2022","personalRecordType":"Max Avg Power (20 min)","createdDate":"2022-03-07","current":true,"confirmed":true},{"personalRecordId":2053757454,"activityId":8282332479,"value":95952.5703125,"prStartTimeGMT":"Sat Feb 12 07:58:15 GMT 2022","personalRecordType":"Farthest Cycle","createdDate":"2022-03-07","current":true,"confirmed":true},{"personalRecordId":2053757538,"activityId":8329357724,"value":4006.741943359375,"prStartTimeGMT":"Sun Feb 20 12:13:22 GMT 2022","personalRecordType":"Best 40km Cycle","createdDate":"2022-03-07","current":true,"confirmed":true}]}]