[{"trainingPlans":[{"trainingPlanId":34579715,"trainingType":{"typeId":2,"typeKey":"Running"},"trainingSubType":{"subTypeId":25,"subTypeKey":"RunningOther"},"trainingLevel":{"levelId":2,"levelKey":"Beginner"},"trainingVersion":{"versionId":4,"versionName":"HeartRate"},"formatLocale":{"id":2,"key":"fr","isSupported":true},"ownerId":87578117,"ownerDisplayName":"84cee998-e71f-43ab-afc5-2bf3193ca58c","trainingStatus":{"statusId":2,"statusKey":"Completed"},"privacyRule":{"typeId":2,"typeKey":"private"},"name":"Mise en route","description":"Programme d'entraînement Pour commencer de niveau débutant sur 16 semaines","durationInWeeks":16,"avgWeeklyWorkouts":3,"parentPlanId":64975,"createDate":"2020-11-30 00:00:00.0","publishDate":"2013-05-03 00:00:00.0","startDate":"2020-08-31 00:00:00.0","endDate":"2020-12-20 00:00:00.0"}],"trainingScheduledNoteDTOS":[{"id":131285286,"noteName":"Repos","content":"Journée de repos.","ownerId":87578117,"date":"2020-12-18","trainingPlanId":34579715},{"id":131285285,"noteName":"Repos","content":"Journée de repos.","ownerId":87578117,"date":"2020-12-16","trainingPlanId":34579715},{"id":131285284,"noteName":"W16D1-Entraînement multisport","content":"Entraînement multisport, 30 minutes. Facultatif : cours d'aérobic.","ownerId":87578117,"date":"2020-12-14","trainingPlanId":34579715},{"id":131285283,"noteName":"Repos","content":"Journée de repos.","ownerId":87578117,"date":"2020-12-11","trainingPlanId":34579715},{"id":131285282,"noteName":"Repos","content":"Journée de repos.","ownerId":87578117,"date":"2020-12-09","trainingPlanId":34579715},{"id":131285281,"noteName":"W15D2-Entraînement multisport","content":"Entraînement multisport, 45 minutes. Etirements.","ownerId":87578117,"date":"2020-12-08","trainingPlanId":34579715},{"id":131285280,"noteName":"Repos","content":"Journée de repos.","ownerId":87578117,"date":"2020-12-07","trainingPlanId":34579715},{"id":131285279,"noteName":"Repos","content":"Journée de repos.","ownerId":87578117,"date":"2020-12-06","trainingPlanId":34579715},{"id":131285278,"noteName":"Repos","content":"Journée de repos.","ownerId":87578117,"date":"2020-12-04","trainingPlanId":34579715},{"id":131285277,"noteName":"Repos","content":"Journée de repos.","ownerId":87578117,"date":"2020-12-02","trainingPlanId":34579715},{"id":131285276,"noteName":"Repos","content":"Journée de repos.","ownerId":87578117,"date":"2020-11-30","trainingPlanId":34579715},{"id":131285275,"noteName":"Repos","content":"Journée de repos.","ownerId":87578117,"date":"2020-11-28","trainingPlanId":34579715},{"id":131285274,"noteName":"W13D5-Entraînement multisport","content":"Entraînement multisport, 40 minutes. Etirements.","ownerId":87578117,"date":"2020-11-27","trainingPlanId":34579715},{"id":131285273,"noteName":"Repos","content":"Journée de repos.","ownerId":87578117,"date":"2020-11-26","trainingPlanId":34579715},{"id":131285272,"noteName":"W13D2-Entraînement multisport","content":"Entraînement multisport, 50 minutes. Etirements.","ownerId":87578117,"date":"2020-11-24","trainingPlanId":34579715},{"id":131285271,"noteName":"Repos","content":"Journée de repos.","ownerId":87578117,"date":"2020-11-23","trainingPlanId":34579715},{"id":131285270,"noteName":"Repos","content":"Journée de repos.","ownerId":87578117,"date":"2020-11-20","trainingPlanId":34579715},{"id":131285269,"noteName":"Repos","content":"Journée de repos.","ownerId":87578117,"date":"2020-11-18","trainingPlanId":34579715},{"id":131285268,"noteName":"W12D1-Entraînement multisport","content":"Entraînement multisport, 30 minutes. Facultatif : cours d'aérobic.","ownerId":87578117,"date":"2020-11-16","trainingPlanId":34579715},{"id":131285267,"noteName":"Repos","content":"Journée de repos.","ownerId":87578117,"date":"2020-11-13","trainingPlanId":34579715},{"id":131285266,"noteName":"Repos","content":"Journée de repos.","ownerId":87578117,"date":"2020-11-11","trainingPlanId":34579715},{"id":131285265,"noteName":"W11D1-Entraînement multisport","content":"Entraînement multisport, 30 minutes. Facultatif : cours d'aérobic.","ownerId":87578117,"date":"2020-11-09","trainingPlanId":34579715},{"id":131285264,"noteName":"Repos","content":"Journée de repos. Facultatif : vélo, 40 minutes.","ownerId":87578117,"date":"2020-11-08","trainingPlanId":34579715},{"id":131285263,"noteName":"Repos","content":"Journée de repos.","ownerId":87578117,"date":"2020-11-05","trainingPlanId":34579715},{"id":131285262,"noteName":"W10D3-Entraînement multisport","content":"Entraînement multisport, 40 minutes. Etirements.","ownerId":87578117,"date":"2020-11-04","trainingPlanId":34579715},{"id":131285261,"noteName":"Repos","content":"Journée de repos.","ownerId":87578117,"date":"2020-11-02","trainingPlanId":34579715},{"id":131285260,"noteName":"Repos","content":"Journée de repos. Facultatif : natation.","ownerId":87578117,"date":"2020-10-31","trainingPlanId":34579715},{"id":131285259,"noteName":"Repos","content":"Journée de repos.","ownerId":87578117,"date":"2020-10-30","trainingPlanId":34579715},{"id":131285258,"noteName":"W09D3-Entraînement multisport","content":"Entraînement multisport, 40 minutes. Etirements.","ownerId":87578117,"date":"2020-10-28","trainingPlanId":34579715},{"id":131285257,"noteName":"Repos","content":"Journée de repos.","ownerId":87578117,"date":"2020-10-26","trainingPlanId":34579715},{"id":131285256,"noteName":"Repos","content":"Journée de repos.","ownerId":87578117,"date":"2020-10-25","trainingPlanId":34579715},{"id":131285255,"noteName":"W08D5-Entraînement multisport","content":"Entraînement multisport, 45 minutes. Etirements.","ownerId":87578117,"date":"2020-10-23","trainingPlanId":34579715},{"id":131285254,"noteName":"Repos","content":"Journée de repos.","ownerId":87578117,"date":"2020-10-22","trainingPlanId":34579715},{"id":131285253,"noteName":"W08D2-Entraînement multisport","content":"Entraînement multisport, 45 minutes. Etirements.","ownerId":87578117,"date":"2020-10-20","trainingPlanId":34579715},{"id":131285252,"noteName":"Repos","content":"Journée de repos.","ownerId":87578117,"date":"2020-10-19","trainingPlanId":34579715},{"id":131285251,"noteName":"Repos","content":"Journée de repos.","ownerId":87578117,"date":"2020-10-16","trainingPlanId":34579715},{"id":131285250,"noteName":"W07D4-Entraînement multisport","content":"Entraînement multisport, 45 minutes. Etirements.\nFacultatif : aérobic, 45 minutes. Etirements.","ownerId":87578117,"date":"2020-10-15","trainingPlanId":34579715},{"id":131285249,"noteName":"Repos","content":"Journée de repos.","ownerId":87578117,"date":"2020-10-13","trainingPlanId":34579715},{"id":131285248,"noteName":"W07D1-Entraînement multisport","content":"Entraînement multisport, 40 minutes. Etirements.","ownerId":87578117,"date":"2020-10-12","trainingPlanId":34579715},{"id":131285247,"noteName":"Repos","content":"Journée de repos.","ownerId":87578117,"date":"2020-10-10","trainingPlanId":34579715},{"id":131285246,"noteName":"Repos","content":"Journée de repos.","ownerId":87578117,"date":"2020-10-09","trainingPlanId":34579715},{"id":131285245,"noteName":"W06D4-Entraînement multisport","content":"Entraînement multisport, 40 minutes. Etirements.\nFacultatif : aérobic, 40 minutes. Etirements.","ownerId":87578117,"date":"2020-10-08","trainingPlanId":34579715},{"id":131285244,"noteName":"Repos","content":"Journée de repos.","ownerId":87578117,"date":"2020-10-06","trainingPlanId":34579715},{"id":131285243,"noteName":"W06D1-Entraînement multisport","content":"Entraînement multisport, 40 minutes. Etirements.","ownerId":87578117,"date":"2020-10-05","trainingPlanId":34579715},{"id":131285242,"noteName":"Repos","content":"Journée de repos.","ownerId":87578117,"date":"2020-10-02","trainingPlanId":34579715},{"id":131285241,"noteName":"W05D3-Entraînement multisport","content":"Entraînement multisport, 40 minutes. Etirements.","ownerId":87578117,"date":"2020-09-30","trainingPlanId":34579715},{"id":131285240,"noteName":"Repos","content":"Journée de repos.","ownerId":87578117,"date":"2020-09-28","trainingPlanId":34579715},{"id":131285239,"noteName":"Repos","content":"Journée de repos.","ownerId":87578117,"date":"2020-09-25","trainingPlanId":34579715},{"id":131285238,"noteName":"Repos","content":"Journée de repos.\nFacultatif : entraînement multisport, 40 minutes. Etirements.","ownerId":87578117,"date":"2020-09-23","trainingPlanId":34579715},{"id":131285237,"noteName":"W04D1-Entraînement multisport","content":"Entraînement multisport, 30 minutes. Facultatif : cours de yoga ou de Pilates.","ownerId":87578117,"date":"2020-09-21","trainingPlanId":34579715},{"id":131285236,"noteName":"Repos","content":"Journée de repos.","ownerId":87578117,"date":"2020-09-20","trainingPlanId":34579715},{"id":131285235,"noteName":"Repos","content":"Journée de repos.","ownerId":87578117,"date":"2020-09-18","trainingPlanId":34579715},{"id":131285234,"noteName":"W03D3-Entraînement multisport","content":"Entraînement multisport, 40 minutes. Facultatif : aérobic et étirements.","ownerId":87578117,"date":"2020-09-16","trainingPlanId":34579715},{"id":131285233,"noteName":"Repos","content":"Journée de repos.","ownerId":87578117,"date":"2020-09-14","trainingPlanId":34579715},{"id":131285232,"noteName":"Repos","content":"Journée de repos.","ownerId":87578117,"date":"2020-09-11","trainingPlanId":34579715},{"id":131285231,"noteName":"W02D3-Entraînement multisport","content":"Entraînement multisport, 30 minutes.","ownerId":87578117,"date":"2020-09-09","trainingPlanId":34579715},{"id":131285230,"noteName":"Repos","content":"Journée de repos.","ownerId":87578117,"date":"2020-09-07","trainingPlanId":34579715},{"id":131285229,"noteName":"Repos","content":"Journée de repos.","ownerId":87578117,"date":"2020-09-04","trainingPlanId":34579715},{"id":131285228,"noteName":"Repos","content":"Journée de repos.","ownerId":87578117,"date":"2020-09-02","trainingPlanId":34579715},{"id":131285227,"noteName":"W01D1-Entraînement multisport","content":"Entraînement multisport, 30 minutes. Facultatif : cours de yoga ou de Pilates.","ownerId":87578117,"date":"2020-08-31","trainingPlanId":34579715}]}]